,migration_rate,mutant_frac,num_genomes,max_gen_distance,gen_variance,ssq_genomes,infected_hosts,mut_frac_inf_hosts,mut_frac_hosts
0,0.02,0.7428571428571429,1907,5,0.7540931225422085,7928,0.54,0.5,0.27
1,0.02,0.91,1905,6,0.7509609330329772,8264,0.42,0.7857142857142857,0.32999999999999996
2,0.02,1.0,1904,6,0.7419670993397359,8429,0.46,1.0,0.46
3,0.02,1.0,1867,7,1.3328429472623633,18316,0.41,1.0,0.41
4,0.02,0.7456140350877193,2067,5,0.6044846458352497,7930,0.46,0.3695652173913043,0.16999999999999998
5,0.02,1.0,1917,6,1.0494885695867273,13594,0.43,1.0,0.43
6,0.02,1.0,1925,7,0.8469837072018891,14032,0.5,1.0,0.5
7,0.02,1.0,1934,7,0.819653797659902,8729,0.47,1.0,0.47
8,0.02,0.875,2031,5,0.7280931868204331,8960,0.32,0.75,0.24
9,0.02,1.0,2061,7,0.6958126487120977,15614,0.32,1.0,0.32
10,0.02,1.0,1938,6,1.0282165606452236,10015,0.44,1.0,0.44
11,0.02,1.0,2078,8,1.202735287224612,12762,0.42,1.0,0.42
12,0.02,1.0,1981,6,1.1035845071337729,15920,0.41,1.0,0.41
13,0.02,1.0,1928,6,0.9044265766773989,10928,0.33,1.0,0.33
14,0.02,1.0,1963,6,0.8110170606552344,9919,0.43,1.0,0.43
15,0.02,1.0,2005,6,0.9753635860473504,14918,0.4,1.0,0.4
16,0.02,0.7281553398058253,1882,6,0.6739478317434252,7418,0.5,0.44,0.22
17,0.02,1.0,2053,6,0.8736130154415063,13077,0.48,1.0,0.48
18,0.02,1.0,1943,6,0.7466681005676711,13378,0.39,1.0,0.39
19,0.02,1.0,1971,7,1.2351105231848614,13523,0.48,1.0,0.48
20,0.02,1.0,2032,6,0.739112923538347,11463,0.45,1.0,0.45
21,0.02,0.6790123456790124,1917,6,0.7235734194964799,8028,0.35,0.2571428571428571,0.08999999999999998
22,0.02,1.0,2002,7,1.2558380680258805,15680,0.25,1.0,0.25
23,0.02,1.0,1924,7,0.982095891269488,16177,0.49,1.0,0.49
24,0.02,1.0,1966,7,1.0483116334761133,11624,0.51,1.0,0.51
25,0.02,1.0,2066,6,0.9004312198888751,12557,0.3,1.0,0.3
26,0.02,0.7964601769911505,1943,7,0.8015508381036589,8550,0.48,0.5208333333333334,0.25
27,0.02,1.0,1978,8,1.414094217382103,14199,0.49,1.0,0.49
28,0.02,0.78125,1994,5,0.6737215155999593,8235,0.49,0.5714285714285714,0.27999999999999997
29,0.02,1.0,1999,9,1.8133864330864784,21562,0.55,1.0,0.55
30,0.02,0.8315789473684211,1994,5,0.5825963346408333,7582,0.37,0.5675675675675675,0.21
31,0.02,0.7480916030534351,2012,5,0.6417637317249584,8288,0.48,0.3125,0.15
32,0.02,1.0,2032,7,0.8703826860778722,11171,0.46,1.0,0.46
33,0.02,0.8271604938271605,1976,5,0.6104171105902408,7816,0.46,0.6956521739130435,0.32
34,0.02,0.7704918032786885,1910,6,0.713531975548916,7458,0.34,0.5882352941176471,0.2
35,0.02,1.0,2077,6,0.7892758550268212,12640,0.43,1.0,0.43
36,0.02,1.0,2059,7,1.0514343618947697,18368,0.44,1.0,0.44
37,0.02,1.0,2001,7,1.3254457229156535,13687,0.49,1.0,0.49
38,0.02,1.0,2017,7,0.8896074000642531,10540,0.4,1.0,0.4
39,0.02,0.8938053097345132,1857,6,0.7434403118619413,7981,0.5,0.76,0.38
40,0.02,1.0,2045,6,1.0352248013821055,12165,0.42,1.0,0.42
41,0.02,1.0,1957,7,0.7626044786622136,12833,0.31,1.0,0.31
42,0.02,1.0,1769,8,1.2445582340931582,21713,0.48,1.0,0.48
43,0.02,1.0,1878,6,0.801652960516989,8807,0.49,1.0,0.49
44,0.02,1.0,1924,7,1.0159499116099946,12881,0.55,1.0,0.55
45,0.02,0.6576576576576577,1889,5,0.6729730873427586,8056,0.57,0.3333333333333333,0.18999999999999997
46,0.02,1.0,1884,6,0.7768635531754726,9541,0.51,1.0,0.51
47,0.02,0.7596153846153846,1974,6,0.8091678651240186,8159,0.34,0.2647058823529412,0.09000000000000001
48,0.02,,321,5,0.6854358944497821,1268,0.0,,
49,0.02,1.0,2000,6,1.1069639999999998,14654,0.31,1.0,0.31
50,0.02,0.734375,1945,5,0.6390404504331852,7675,0.35,0.5142857142857142,0.17999999999999997
51,0.02,1.0,1883,7,1.1009871424143516,15318,0.45,1.0,0.45
52,0.02,0.8842975206611571,1875,6,0.7670260622222221,7488,0.51,0.7254901960784313,0.37
53,0.02,1.0,1830,6,0.87001851354176,10401,0.48,1.0,0.48
54,0.02,1.0,2071,7,1.1456085404639407,22981,0.34,1.0,0.34
55,0.02,0.8260869565217391,1924,6,0.7329290048884644,8445,0.37,0.6756756756756757,0.25
56,0.02,1.0,2134,7,1.467470700200002,22009,0.25,1.0,0.25
57,0.02,1.0,1897,6,0.9064885904525887,9907,0.4,1.0,0.4
58,0.02,0.6513761467889908,1887,5,0.6563458623684941,6740,0.5,0.24,0.12
59,0.02,1.0,1942,7,1.2430971924216274,18184,0.41,1.0,0.41
60,0.02,1.0,1935,6,0.8204544331604005,15417,0.41,1.0,0.41
61,0.02,0.8070175438596491,1914,5,0.6009866255245133,7434,0.56,0.6071428571428571,0.34
62,0.02,1.0,1882,7,1.4280817431429924,14251,0.43,1.0,0.43
63,0.02,1.0,1998,6,1.0221292363434507,10930,0.49,1.0,0.49
64,0.02,1.0,1981,8,1.0228156889745872,21094,0.31,1.0,0.31
65,0.02,0.5538461538461539,1805,7,1.113436514452774,9784,0.35,0.17142857142857143,0.06
66,0.02,1.0,1966,7,0.7288657948087996,14746,0.47,1.0,0.47
67,0.02,1.0,1926,5,0.7708110256003814,10431,0.55,1.0,0.55
68,0.02,1.0,1805,7,1.2115235457063713,17202,0.23,1.0,0.23
69,0.02,1.0,1884,5,0.7460534797445015,7930,0.43,1.0,0.43
70,0.02,1.0,2010,6,1.0348875027845847,17289,0.42,1.0,0.42
71,0.02,0.875,1935,5,0.7377825851811789,8847,0.42,0.7142857142857143,0.3
72,0.02,0.9148936170212766,1936,6,0.9153572907417526,9681,0.46,0.8260869565217391,0.38
73,0.02,1.0,1855,7,1.3757226407829062,19295,0.39,1.0,0.39
74,0.02,1.0,2031,6,0.9877809753837673,10642,0.6,1.0,0.6
75,0.02,0.7024793388429752,1788,5,0.724790612534971,7405,0.51,0.29411764705882354,0.15
76,0.02,1.0,2024,6,0.9858135184114734,14456,0.44,1.0,0.44
77,0.02,1.0,2047,9,1.0811985750591437,15884,0.52,1.0,0.52
78,0.02,0.9875,2035,6,0.7329362688576448,9058,0.39,0.9743589743589743,0.38
79,0.02,0.81,1926,5,0.5782867984588659,6965,0.39,0.5128205128205128,0.19999999999999998
80,0.02,0.6973684210526315,1888,6,0.561103748473858,6345,0.48,0.5208333333333334,0.25
81,0.02,1.0,1889,8,2.323891824754555,35128,0.48,1.0,0.48
82,0.02,1.0,1812,7,0.8902567017041162,9679,0.38,1.0,0.38
83,0.02,1.0,2058,6,0.7096233051043547,9061,0.6,1.0,0.6
84,0.02,0.7833333333333333,1974,5,0.6530119517250087,7424,0.34,0.6176470588235294,0.21000000000000002
85,0.02,0.7457627118644068,1910,6,0.5584989446561224,6196,0.3,0.5,0.15
86,0.02,1.0,1884,6,0.765652821164708,7889,0.33,1.0,0.33
87,0.02,1.0,1887,5,0.649222120277951,7573,0.45,1.0,0.45
88,0.02,0.776595744680851,1905,5,0.6889387645441958,7604,0.41,0.4878048780487805,0.19999999999999998
89,0.02,0.6125,1941,6,0.7547334677998375,9185,0.42,0.2619047619047619,0.11
90,0.02,0.7704918032786885,1923,5,0.5030237194927214,6289,0.51,0.45098039215686275,0.23
91,0.02,1.0,1818,6,1.1540698624317876,13596,0.31,1.0,0.31
92,0.02,1.0,1964,7,0.8776580796495783,13333,0.42,1.0,0.42
93,0.02,0.9333333333333333,2068,6,0.7827164604604006,9110,0.39,0.8461538461538461,0.33
94,0.02,1.0,1932,7,1.2759763640806037,13370,0.39,1.0,0.39
95,0.02,1.0,1978,7,1.1026920493476777,12197,0.52,1.0,0.52
96,0.02,0.75,1920,5,0.931894259982639,9813,0.41,0.5365853658536586,0.22
97,0.02,1.0,1989,6,0.8730147535932293,13592,0.42,1.0,0.42
98,0.02,0.7333333333333333,2089,5,0.6776245491153485,8176,0.4,0.5,0.2
99,0.02,1.0,2003,6,0.8674148039049764,10960,0.34,1.0,0.34
100,0.01625,1.0,1960,6,0.8197665035401915,8839,0.34,1.0,0.34
101,0.01625,1.0,1907,6,0.7779628993614726,8842,0.39,1.0,0.39
102,0.01625,0.8623853211009175,1967,7,0.9327549715191353,9504,0.53,0.7169811320754716,0.38
103,0.01625,1.0,1824,7,1.4326881227877808,26531,0.39,1.0,0.39
104,0.01625,1.0,2006,6,0.7374645753666217,9648,0.49,1.0,0.49
105,0.01625,0.738255033557047,1900,5,0.6538127423822713,7170,0.49,0.20408163265306123,0.1
106,0.01625,1.0,1912,6,1.13209431513804,10329,0.36,1.0,0.36
107,0.01625,1.0,1912,8,2.7010020395301204,27248,0.19,1.0,0.19
108,0.01625,1.0,2099,6,1.371939404435198,16839,0.36,1.0,0.36
109,0.01625,1.0,1989,6,1.1708307202939445,14913,0.28,1.0,0.28
110,0.01625,0.7662337662337663,1929,6,0.6879897319056684,7703,0.28,0.35714285714285715,0.1
111,0.01625,0.7872340425531915,1968,7,0.8227235359243837,8598,0.42,0.5238095238095238,0.22
112,0.01625,1.0,1867,9,2.2874857739746712,31355,0.37,1.0,0.37
113,0.01625,1.0,1905,6,0.767247401161469,13937,0.38,1.0,0.38
114,0.01625,1.0,1854,6,0.7386344461783555,8236,0.37,1.0,0.37
115,0.01625,1.0,2071,7,1.1529906102552998,16255,0.4,1.0,0.4
116,0.01625,0.7472527472527473,1869,5,0.6140936532842317,6716,0.44,0.4772727272727273,0.21000000000000002
117,0.01625,1.0,2143,7,1.1403532189470151,14105,0.5,1.0,0.5
118,0.01625,1.0,1936,7,0.9594265995321359,14869,0.28,1.0,0.28
119,0.01625,1.0,2049,7,0.9029294724348628,16240,0.43,1.0,0.43
120,0.01625,1.0,1944,7,1.2825595585869365,14829,0.41,1.0,0.41
121,0.01625,1.0,1969,6,0.8463634274371086,14511,0.41,1.0,0.41
122,0.01625,1.0,1967,6,0.7072052361679972,8567,0.43,1.0,0.43
123,0.01625,1.0,2042,7,1.05802534627859,14948,0.44,1.0,0.44
124,0.01625,1.0,1992,8,1.2847443992838823,17492,0.42,1.0,0.42
125,0.01625,0.7464788732394366,1932,6,0.9411189018770711,8931,0.4,0.55,0.22000000000000003
126,0.01625,1.0,1936,8,1.2449966596373199,13421,0.4,1.0,0.4
127,0.01625,1.0,1893,7,1.3586681434562065,16523,0.33,1.0,0.33
128,0.01625,1.0,1908,7,1.57988761872113,15506,0.37,1.0,0.37
129,0.01625,0.9156626506024096,1931,6,0.6834420334261166,7523,0.42,0.8333333333333334,0.35
130,0.01625,0.7446808510638298,1925,6,0.707950750548153,7836,0.25,0.52,0.13
131,0.01625,1.0,2058,7,1.0687622126457137,14391,0.44,1.0,0.44
132,0.01625,0.8217821782178217,1899,6,0.7751170830466744,9028,0.45,0.6,0.27
133,0.01625,0.7474747474747475,1936,5,0.6329931250426882,7179,0.44,0.4318181818181818,0.19
134,0.01625,0.6923076923076923,1763,5,0.5721509995112878,6306,0.35,0.3142857142857143,0.10999999999999999
135,0.01625,1.0,2020,5,0.6848161944907363,8630,0.43,1.0,0.43
136,0.01625,1.0,1889,6,0.7047151867783195,12075,0.51,1.0,0.51
137,0.01625,1.0,1931,8,1.1733591935766332,19940,0.42,1.0,0.42
138,0.01625,0.7303370786516854,2034,6,0.7367256637168141,8335,0.43,0.4418604651162791,0.19
139,0.01625,1.0,1905,6,0.8148177540799525,10467,0.32,1.0,0.32
140,0.01625,1.0,1870,5,0.997806342760731,10121,0.3,1.0,0.3
141,0.01625,1.0,1862,6,0.8768867657866469,11265,0.39,1.0,0.39
142,0.01625,0.841726618705036,1911,6,0.8789598679708569,8828,0.51,0.5686274509803921,0.29
143,0.01625,0.78125,1986,6,0.7853524520586705,9600,0.42,0.5,0.21
144,0.01625,0.9361702127659575,2000,5,0.71594375,8595,0.48,0.875,0.42
145,0.01625,0.6268656716417911,2012,6,0.6396966115829872,7320,0.33,0.24242424242424243,0.08
146,0.01625,1.0,2003,7,0.9553881858191244,17314,0.44,1.0,0.44
147,0.01625,1.0,2009,7,1.02315340053879,12270,0.49,1.0,0.49
148,0.01625,1.0,1976,6,1.1651928404005967,12660,0.31,1.0,0.31
149,0.01625,1.0,1988,7,1.1669696245885777,14976,0.42,1.0,0.42
150,0.01625,0.822429906542056,1953,6,0.6652341284916479,8207,0.48,0.6041666666666666,0.29
151,0.01625,1.0,1977,7,1.2646655557627946,14839,0.29,1.0,0.29
152,0.01625,1.0,1889,9,1.3680136960772307,21112,0.39,1.0,0.39
153,0.01625,1.0,2006,6,0.8696177171377194,12733,0.49,1.0,0.49
154,0.01625,1.0,1922,7,0.9622783347644506,14449,0.32,1.0,0.32
155,0.01625,1.0,1997,9,1.8817204274112722,22507,0.43,1.0,0.43
156,0.01625,1.0,1910,8,1.7514772073133964,18522,0.39,1.0,0.39
157,0.01625,1.0,2004,6,0.9531264317672041,13643,0.57,1.0,0.57
158,0.01625,0.6767676767676768,2006,5,0.6583760682061492,7635,0.5,0.36,0.18
159,0.01625,1.0,1854,7,1.8968404417865568,19514,0.26,1.0,0.26
160,0.01625,1.0,2001,5,0.7936331684232846,11708,0.35,1.0,0.35
161,0.01625,0.8875,1868,6,0.66063711374714,8053,0.36,0.75,0.27
162,0.01625,1.0,1881,6,0.7638668788672985,11340,0.38,1.0,0.38
163,0.01625,1.0,1877,9,1.5201555208452484,23925,0.51,1.0,0.51
164,0.01625,0.5959595959595959,1879,5,0.6447724365065721,7524,0.51,0.21568627450980393,0.11
165,0.01625,0.7019230769230769,2019,6,0.8083548046897713,8398,0.46,0.32608695652173914,0.15000000000000002
166,0.01625,1.0,1969,6,0.8962112334893231,16020,0.51,1.0,0.51
167,0.01625,1.0,1897,6,0.7560037781264928,8434,0.35,1.0,0.35
168,0.01625,0.7563025210084033,2064,6,0.681269154497927,8912,0.5,0.42,0.21
169,0.01625,1.0,1897,6,0.770183701535788,8807,0.48,1.0,0.48
170,0.01625,1.0,1976,6,1.1304477105836845,16369,0.32,1.0,0.32
171,0.01625,1.0,1944,6,1.1045929545800943,15669,0.43,1.0,0.43
172,0.01625,1.0,1950,6,0.8824060486522025,13541,0.25,1.0,0.25
173,0.01625,1.0,1979,6,1.1570898170047756,16602,0.4,1.0,0.4
174,0.01625,1.0,1995,6,1.0646254734580811,14391,0.39,1.0,0.39
175,0.01625,1.0,1902,8,1.3221812005957534,19922,0.41,1.0,0.41
176,0.01625,1.0,1925,7,2.0118884128858157,27640,0.46,1.0,0.46
177,0.01625,0.6702127659574468,1964,6,0.8270083498907007,8640,0.49,0.3673469387755102,0.18
178,0.01625,0.9741379310344828,1825,5,0.86298637643085,8496,0.5,0.94,0.47
179,0.01625,1.0,1727,7,1.0393622325214609,8872,0.39,1.0,0.39
180,0.01625,1.0,1930,6,0.8589234610325109,10056,0.51,1.0,0.51
181,0.01625,1.0,2014,7,0.9355694350075786,12441,0.41,1.0,0.41
182,0.01625,1.0,1880,6,0.9003519692168402,11832,0.42,1.0,0.42
183,0.01625,1.0,1941,6,0.7539557598299765,10879,0.34,1.0,0.34
184,0.01625,0.6288659793814433,1860,5,0.5552719967626315,6991,0.44,0.18181818181818182,0.08
185,0.01625,1.0,2034,6,1.2541506774218814,14149,0.42,1.0,0.42
186,0.01625,0.782258064516129,1999,5,0.6092636112953924,7318,0.53,0.49056603773584906,0.26
187,0.01625,1.0,1811,8,1.0897866007504908,14511,0.35,1.0,0.35
188,0.01625,0.6831683168316832,1793,6,0.9192245110112481,8001,0.49,0.3469387755102041,0.16999999999999998
189,0.01625,1.0,2011,6,0.8119648249891632,10543,0.44,1.0,0.44
190,0.01625,1.0,1896,6,0.9311783968915239,12921,0.33,1.0,0.33
191,0.01625,1.0,2089,5,0.6379473872235542,8329,0.49,1.0,0.49
192,0.01625,1.0,2048,7,0.9047307968139648,13000,0.55,1.0,0.55
193,0.01625,1.0,1830,7,1.431370300695751,22634,0.33,1.0,0.33
194,0.01625,0.8865979381443299,1782,6,0.780838689929599,7348,0.34,0.6764705882352942,0.23000000000000004
195,0.01625,0.8631578947368421,2003,5,0.6575299307653598,8379,0.48,0.7291666666666666,0.35
196,0.01625,1.0,1799,6,0.7775136640978666,13013,0.42,1.0,0.42
197,0.01625,1.0,1957,6,1.2086351185125053,21623,0.43,1.0,0.43
198,0.01625,1.0,1995,6,0.8572895898895105,9350,0.47,1.0,0.47
199,0.01625,0.8469387755102041,1901,6,0.7520430704402373,8635,0.49,0.6938775510204082,0.33999999999999997
200,0.0125,0.654320987654321,2019,6,0.6961581665608125,7968,0.38,0.2631578947368421,0.09999999999999999
201,0.0125,1.0,1822,8,2.6937084975557912,28161,0.41,1.0,0.41
202,0.0125,0.8769230769230769,1870,6,1.009607366524636,10240,0.36,0.7777777777777778,0.27999999999999997
203,0.0125,0.6785714285714286,1849,6,0.8298728121350146,8171,0.34,0.47058823529411764,0.16
204,0.0125,1.0,1962,6,1.092514399482107,14187,0.46,1.0,0.46
205,0.0125,1.0,1887,5,0.7527632373793415,8220,0.29,1.0,0.29
206,0.0125,1.0,1967,6,1.0553342143331417,12913,0.37,1.0,0.37
207,0.0125,0.8695652173913043,1871,6,0.6740759763711844,6917,0.25,0.76,0.19
208,0.0125,1.0,1940,7,0.9795844404293761,10372,0.4,1.0,0.4
209,0.0125,1.0,1921,8,2.133195094846109,21005,0.28,1.0,0.28
210,0.0125,1.0,2013,7,0.8122928732735479,10369,0.35,1.0,0.35
211,0.0125,1.0,1918,7,1.1256990195513445,13520,0.36,1.0,0.36
212,0.0125,1.0,1895,7,1.1583973935018552,18898,0.41,1.0,0.41
213,0.0125,0.8160919540229885,1825,6,0.8346889848001503,8301,0.31,0.4838709677419355,0.15
214,0.0125,1.0,1717,8,1.4059046385641678,20096,0.42,1.0,0.42
215,0.0125,1.0,1840,5,0.5684661507561436,7399,0.29,1.0,0.29
216,0.0125,1.0,2013,8,0.7117585668317388,14819,0.43,1.0,0.43
217,0.0125,1.0,1876,5,0.7820147662540178,9140,0.37,1.0,0.37
218,0.0125,0.6666666666666666,1995,6,0.6543938794354308,7619,0.44,0.4318181818181818,0.19
219,0.0125,1.0,1839,7,0.979247593305698,11261,0.22,1.0,0.22
220,0.0125,1.0,2100,6,0.9669412698412698,14093,0.44,1.0,0.44
221,0.0125,0.9156626506024096,1758,7,0.720061451566769,6662,0.37,0.8108108108108109,0.3
222,0.0125,1.0,1806,8,1.2795505077819842,15988,0.37,1.0,0.37
223,0.0125,1.0,1927,6,1.0047453376740925,10822,0.34,1.0,0.34
224,0.0125,1.0,1874,9,3.199800049887866,36875,0.49,1.0,0.49
225,0.0125,1.0,1957,7,1.3257196301995195,14255,0.3,1.0,0.3
226,0.0125,0.618421052631579,1815,6,0.6866914069318275,7163,0.45,0.35555555555555557,0.16
227,0.0125,1.0,1814,6,0.9191441307289017,13444,0.38,1.0,0.38
228,0.0125,1.0,1830,6,0.8246125593478455,9379,0.36,1.0,0.36
229,0.0125,1.0,1920,7,1.215099826388889,16438,0.37,1.0,0.37
230,0.0125,1.0,1825,8,1.5267897166447737,17072,0.28,1.0,0.28
231,0.0125,1.0,2007,7,1.159858780268065,17111,0.47,1.0,0.47
232,0.0125,0.9078947368421053,1803,5,0.7375308730842076,8124,0.44,0.8409090909090909,0.37
233,0.0125,1.0,1817,7,1.0005588387542712,10975,0.39,1.0,0.39
234,0.0125,1.0,1846,8,1.9226875126917855,27729,0.46,1.0,0.46
235,0.0125,0.9016393442622951,1898,5,0.5931119885498685,7035,0.33,0.8181818181818182,0.27
236,0.0125,1.0,1845,8,1.3678953591703937,17835,0.43,1.0,0.43
237,0.0125,0.5833333333333334,1934,6,0.7417368827993912,7596,0.41,0.14634146341463414,0.05999999999999999
238,0.0125,0.6785714285714286,2042,7,0.9454415165942246,11446,0.33,0.45454545454545453,0.15
239,0.0125,0.6323529411764706,1769,7,1.1072912329386095,11531,0.41,0.3902439024390244,0.16
240,0.0125,1.0,1877,7,1.1184012847670353,13808,0.43,1.0,0.43
241,0.0125,1.0,1971,8,1.2807927016832863,20692,0.38,1.0,0.38
242,0.0125,1.0,1831,6,0.8127738764484821,7654,0.4,1.0,0.4
243,0.0125,1.0,1829,7,0.9293094279306032,13537,0.37,1.0,0.37
244,0.0125,0.726027397260274,1806,5,0.5583958479732256,6268,0.33,0.3939393939393939,0.13
245,0.0125,0.6413043478260869,1915,6,0.709529957938223,8270,0.49,0.32653061224489793,0.15999999999999998
246,0.0125,0.7407407407407407,1981,5,0.6278117634947449,7364,0.48,0.4166666666666667,0.2
247,0.0125,1.0,1825,6,1.2458010133233253,12993,0.44,1.0,0.44
248,0.0125,0.7567567567567568,1804,7,0.9027794848599564,9046,0.34,0.47058823529411764,0.16
249,0.0125,0.7391304347826086,2035,5,0.6974757469106363,8840,0.4,0.4,0.16000000000000003
250,0.0125,1.0,1960,6,0.9724903685964182,10445,0.51,1.0,0.51
251,0.0125,1.0,1818,7,1.161106209630864,13882,0.36,1.0,0.36
252,0.0125,0.6875,1996,6,0.7571342584969538,7979,0.31,0.3548387096774194,0.11
253,0.0125,0.7425742574257426,1885,6,0.7417166095589218,7235,0.47,0.44680851063829785,0.20999999999999996
254,0.0125,0.7582417582417582,1850,5,0.7226296566837107,7808,0.41,0.4634146341463415,0.19
255,0.0125,1.0,1857,6,0.7129402232713895,8506,0.4,1.0,0.4
256,0.0125,1.0,1905,5,0.6834436246650271,8090,0.49,1.0,0.49
257,0.0125,1.0,1861,6,0.8163684509752345,14442,0.55,1.0,0.55
258,0.0125,0.6607142857142857,1957,5,0.7101256472513668,8370,0.3,0.36666666666666664,0.10999999999999999
259,0.0125,1.0,1854,6,0.9162660634052848,12018,0.43,1.0,0.43
260,0.0125,0.8082191780821918,1901,5,0.7068452302713957,7947,0.31,0.5483870967741935,0.16999999999999998
261,0.0125,1.0,1985,7,1.2133814693323353,12461,0.3,1.0,0.3
262,0.0125,0.865546218487395,1917,6,0.9170421201837661,8681,0.55,0.7090909090909091,0.39
263,0.0125,1.0,1924,6,0.7882043646076909,9544,0.46,1.0,0.46
264,0.0125,1.0,1977,7,1.174000244081597,23130,0.34,1.0,0.34
265,0.0125,1.0,1890,8,1.7419400352733685,30904,0.31,1.0,0.31
266,0.0125,1.0,1967,6,0.9118161923905085,14646,0.4,1.0,0.4
267,0.0125,0.6814159292035398,1808,5,0.7306464875871249,7070,0.47,0.23404255319148937,0.11
268,0.0125,1.0,1697,6,1.096433825993321,11985,0.48,1.0,0.48
269,0.0125,1.0,1863,6,0.8425452687862546,9860,0.36,1.0,0.36
270,0.0125,0.6923076923076923,1905,6,0.8580668361336724,9363,0.35,0.3142857142857143,0.10999999999999999
271,0.0125,,683,5,0.6119586957034356,2467,0.0,,
272,0.0125,0.5616438356164384,2030,6,0.7656861365235751,8342,0.42,0.23809523809523808,0.09999999999999999
273,0.0125,0.9387755102040817,1963,5,0.6242750175236267,8241,0.29,0.896551724137931,0.26
274,0.0125,1.0,2014,7,1.2044733538517371,17720,0.31,1.0,0.31
275,0.0125,0.647887323943662,1888,5,0.7104030697895721,7863,0.36,0.3055555555555556,0.11
276,0.0125,1.0,2051,5,0.7345184389962348,10530,0.38,1.0,0.38
277,0.0125,1.0,1786,7,0.9202986648675966,13839,0.48,1.0,0.48
278,0.0125,0.8658536585365854,1802,6,0.7531614890841475,7559,0.41,0.7317073170731707,0.3
279,0.0125,1.0,1946,7,1.6967709344490347,17753,0.41,1.0,0.41
280,0.0125,0.8865979381443299,2028,6,0.736780487377893,8373,0.42,0.7380952380952381,0.31
281,0.0125,1.0,1877,8,1.8966498246303214,24099,0.4,1.0,0.4
282,0.0125,1.0,1921,9,1.9966972346792526,25078,0.27,1.0,0.27
283,0.0125,1.0,1805,6,0.908754843808749,15314,0.34,1.0,0.34
284,0.0125,0.9436619718309859,1825,5,0.5712003002439481,6791,0.39,0.8974358974358975,0.35000000000000003
285,0.0125,1.0,1974,6,0.717999648931551,8934,0.35,1.0,0.35
286,0.0125,1.0,1970,6,1.030740549872452,13421,0.37,1.0,0.37
287,0.0125,1.0,1823,7,1.0386880143374309,13826,0.33,1.0,0.33
288,0.0125,0.8409090909090909,1866,6,0.8518752103702631,13458,0.25,0.72,0.18
289,0.0125,0.9294871794871795,1984,6,0.8159548057849895,9623,0.61,0.819672131147541,0.5
290,0.0125,1.0,1905,5,0.7669205916189609,8906,0.4,1.0,0.4
291,0.0125,0.911504424778761,1892,6,0.8071246351612887,8557,0.52,0.8076923076923077,0.42000000000000004
292,0.0125,0.7641509433962265,2013,7,0.6419011645368196,7521,0.43,0.4186046511627907,0.18
293,0.0125,1.0,1777,8,3.8957016260736745,27698,0.54,1.0,0.54
294,0.0125,1.0,1925,7,0.9320004047900152,10672,0.41,1.0,0.41
295,0.0125,1.0,1970,7,1.0005073565410088,13323,0.42,1.0,0.42
296,0.0125,1.0,1851,5,0.7075842894214321,8626,0.3,1.0,0.3
297,0.0125,1.0,1926,7,1.036284639663392,14559,0.35,1.0,0.35
298,0.0125,0.648936170212766,1851,6,1.0058481682773426,9338,0.44,0.25,0.11
299,0.0125,1.0,1943,7,1.0390668271152448,11020,0.34,1.0,0.34
300,0.00875,1.0,1841,7,1.3422917722077339,21245,0.55,1.0,0.55
301,0.00875,1.0,1839,7,0.9111892323918861,15194,0.41,1.0,0.41
302,0.00875,0.7433628318584071,1868,6,0.7906703226664343,8338,0.44,0.3409090909090909,0.15
303,0.00875,1.0,1836,5,0.9325576938594368,10405,0.53,1.0,0.53
304,0.00875,0.7468354430379747,1766,7,0.8518614473206624,7434,0.44,0.5454545454545454,0.24
305,0.00875,1.0,1928,6,1.3244208519137066,17622,0.41,1.0,0.41
306,0.00875,1.0,1673,6,1.3446214605658093,16925,0.43,1.0,0.43
307,0.00875,1.0,1741,8,1.1541347789781933,11361,0.41,1.0,0.41
308,0.00875,1.0,1844,8,0.8583348821998769,13989,0.41,1.0,0.41
309,0.00875,1.0,1813,7,1.6861655829428268,17635,0.31,1.0,0.31
310,0.00875,1.0,1828,6,1.0530981714061356,14974,0.5,1.0,0.5
311,0.00875,1.0,1851,6,0.6943153656192383,13660,0.41,1.0,0.41
312,0.00875,1.0,2076,6,1.0399937258920184,12184,0.54,1.0,0.54
313,0.00875,0.7424242424242424,1802,6,0.8466459144544045,7858,0.35,0.5142857142857142,0.17999999999999997
314,0.00875,1.0,1862,7,0.8933757402559643,12777,0.52,1.0,0.52
315,0.00875,1.0,1946,6,0.9466861689036673,14115,0.37,1.0,0.37
316,0.00875,1.0,1961,6,1.0620781943460975,14068,0.4,1.0,0.4
317,0.00875,1.0,1847,8,1.1021018001652687,11208,0.37,1.0,0.37
318,0.00875,1.0,1826,6,1.4478705422106628,20250,0.33,1.0,0.33
319,0.00875,0.717391304347826,1759,7,0.9420994472995374,8467,0.28,0.5357142857142857,0.15000000000000002
320,0.00875,1.0,1930,7,0.8479089371526752,10270,0.4,1.0,0.4
321,0.00875,0.6236559139784946,1907,6,0.6164697225385238,6900,0.49,0.2857142857142857,0.13999999999999999
322,0.00875,0.5217391304347826,1840,5,0.7368239012287334,7517,0.42,0.21428571428571427,0.09
323,0.00875,1.0,1711,8,1.607947475013843,19411,0.33,1.0,0.33
324,0.00875,1.0,1915,6,0.8490599840478835,10069,0.33,1.0,0.33
325,0.00875,1.0,1908,6,0.8540084450773309,9811,0.34,1.0,0.34
326,0.00875,1.0,1704,6,0.9723734130132909,14037,0.38,1.0,0.38
327,0.00875,1.0,1837,6,1.026027323785645,11188,0.34,1.0,0.34
328,0.00875,1.0,1764,7,1.4252857605627287,12860,0.49,1.0,0.49
329,0.00875,1.0,1786,8,2.018024977145874,17658,0.25,1.0,0.25
330,0.00875,1.0,1698,8,1.0403995000006936,8866,0.38,1.0,0.38
331,0.00875,1.0,1850,7,1.0373656683710737,13880,0.38,1.0,0.38
332,0.00875,1.0,1784,6,0.9227484842848238,9985,0.26,1.0,0.26
333,0.00875,1.0,1965,6,0.8691060479511037,10702,0.31,1.0,0.31
334,0.00875,1.0,1902,8,1.0593088685218173,16462,0.45,1.0,0.45
335,0.00875,1.0,1881,7,0.8372976809138987,14999,0.46,1.0,0.46
336,0.00875,1.0,1931,7,1.4712763837639367,22594,0.33,1.0,0.33
337,0.00875,1.0,1879,7,1.114148394016837,13301,0.49,1.0,0.49
338,0.00875,1.0,1819,6,1.0366224698610749,14515,0.33,1.0,0.33
339,0.00875,1.0,1748,8,1.6193518319727283,16232,0.35,1.0,0.35
340,0.00875,0.7542372881355932,1966,5,0.6680175392662029,7738,0.53,0.4528301886792453,0.24000000000000002
341,0.00875,1.0,1879,5,0.6362221477629699,7552,0.24,1.0,0.24
342,0.00875,1.0,1802,7,1.1399234541470138,15520,0.37,1.0,0.37
343,0.00875,1.0,1679,8,1.3002953841395002,12830,0.22,1.0,0.22
344,0.00875,1.0,1965,7,1.3240020977798497,22038,0.4,1.0,0.4
345,0.00875,1.0,1864,7,1.6100349518318628,17946,0.28,1.0,0.28
346,0.00875,1.0,1885,7,1.0200125238339817,16634,0.41,1.0,0.41
347,0.00875,1.0,1852,8,1.106693073625384,19025,0.43,1.0,0.43
348,0.00875,1.0,1884,8,1.9994849915029231,25576,0.44,1.0,0.44
349,0.00875,0.5348837209302325,1894,6,0.8758233358496625,9311,0.29,0.3103448275862069,0.09
350,0.00875,1.0,1919,9,1.872225877588993,21794,0.35,1.0,0.35
351,0.00875,0.7207207207207207,1820,6,0.7570254196353098,7445,0.51,0.39215686274509803,0.2
352,0.00875,1.0,1912,7,1.042252411547417,17722,0.65,1.0,0.65
353,0.00875,1.0,1962,8,1.1151815690785476,16935,0.45,1.0,0.45
354,0.00875,0.7524752475247525,1901,7,0.7338013354913566,8296,0.49,0.4897959183673469,0.24
355,0.00875,1.0,1846,6,0.8898124139452936,12054,0.47,1.0,0.47
356,0.00875,0.6909090909090909,1981,6,0.8196050261431096,8050,0.28,0.39285714285714285,0.11000000000000001
357,0.00875,1.0,1886,6,0.9977149257407093,11084,0.31,1.0,0.31
358,0.00875,1.0,1948,7,1.4984596954070726,20445,0.43,1.0,0.43
359,0.00875,1.0,1932,6,0.8255626604769191,12353,0.48,1.0,0.48
360,0.00875,1.0,1884,6,0.7822415603968609,8922,0.35,1.0,0.35
361,0.00875,1.0,1862,6,1.109512599205548,13199,0.49,1.0,0.49
362,0.00875,1.0,1946,6,1.1204346756041064,16626,0.41,1.0,0.41
363,0.00875,0.8658536585365854,1949,6,0.7925617878792746,8399,0.46,0.7608695652173914,0.35000000000000003
364,0.00875,1.0,1753,7,0.8079455673575966,10200,0.39,1.0,0.39
365,0.00875,0.6470588235294118,1848,9,1.269770993796968,9532,0.34,0.29411764705882354,0.1
366,0.00875,1.0,1804,6,0.9408446861126543,10700,0.37,1.0,0.37
367,0.00875,0.6836734693877551,1760,5,0.9158803589876033,8825,0.54,0.42592592592592593,0.23
368,0.00875,1.0,1755,6,1.036265614727153,12276,0.49,1.0,0.49
369,0.00875,1.0,1963,6,0.9164432474543706,9905,0.34,1.0,0.34
370,0.00875,1.0,2207,7,0.9820739669819368,18862,0.39,1.0,0.39
371,0.00875,1.0,1922,7,1.2078287878673035,12135,0.45,1.0,0.45
372,0.00875,1.0,1808,8,1.7845560414871955,18419,0.49,1.0,0.49
373,0.00875,1.0,1754,7,1.1133558219752473,15569,0.34,1.0,0.34
374,0.00875,1.0,1828,7,1.7025590258990946,15248,0.47,1.0,0.47
375,0.00875,1.0,1796,6,0.9099393728205714,11715,0.38,1.0,0.38
376,0.00875,1.0,2064,8,1.7337966092782886,24696,0.43,1.0,0.43
377,0.00875,1.0,1948,6,1.325629350800484,16277,0.31,1.0,0.31
378,0.00875,1.0,1860,7,2.0341033645508153,23684,0.43,1.0,0.43
379,0.00875,1.0,1793,7,1.0604914880916645,13992,0.54,1.0,0.54
380,0.00875,0.7422680412371134,1981,5,0.5672362965588539,7244,0.42,0.40476190476190477,0.16999999999999998
381,0.00875,1.0,1774,6,1.346639547313125,17299,0.29,1.0,0.29
382,0.00875,1.0,1812,6,1.0586219415327789,15660,0.3,1.0,0.3
383,0.00875,1.0,1696,6,0.8073237667986828,8555,0.45,1.0,0.45
384,0.00875,0.819672131147541,1838,6,0.9751542517355171,9005,0.29,0.6206896551724138,0.18
385,0.00875,1.0,1692,7,1.1424922734716005,19372,0.34,1.0,0.34
386,0.00875,1.0,1859,8,1.7219938996742077,29334,0.28,1.0,0.28
387,0.00875,1.0,1844,5,0.790407477378706,9525,0.49,1.0,0.49
388,0.00875,0.6931818181818182,1853,6,0.664453057992334,6949,0.46,0.41304347826086957,0.19
389,0.00875,1.0,1837,7,1.0611826280630205,11782,0.44,1.0,0.44
390,0.00875,1.0,1921,6,0.8928695984896379,9928,0.37,1.0,0.37
391,0.00875,1.0,1995,7,1.0479944221455895,14567,0.44,1.0,0.44
392,0.00875,1.0,1880,6,0.9745334427342689,9935,0.35,1.0,0.35
393,0.00875,1.0,1903,6,0.7326811194206454,8013,0.18,1.0,0.18
394,0.00875,1.0,1839,8,1.9786860781195064,20304,0.47,1.0,0.47
395,0.00875,1.0,1884,8,1.098803591310894,13141,0.31,1.0,0.31
396,0.00875,1.0,1870,7,1.0210211901970316,10903,0.45,1.0,0.45
397,0.00875,1.0,1843,6,0.9687612702990506,11846,0.35,1.0,0.35
398,0.00875,0.7448979591836735,1865,6,0.7476474351141745,8487,0.46,0.45652173913043476,0.21
399,0.00875,1.0,1931,10,2.38167530715967,25114,0.34,1.0,0.34
400,0.005,0.8928571428571429,1737,6,0.8277806115600419,7515,0.4,0.775,0.31000000000000005
401,0.005,1.0,1827,9,1.7950831189039669,16572,0.52,1.0,0.52
402,0.005,1.0,1588,8,1.7890444073625238,13406,0.45,1.0,0.45
403,0.005,1.0,1752,7,1.1753025896040532,12330,0.27,1.0,0.27
404,0.005,1.0,1675,8,2.088813009578971,31865,0.18,1.0,0.18
405,0.005,0.6435643564356436,1742,7,1.0727814605327157,9022,0.45,0.2,0.09000000000000001
406,0.005,1.0,1867,6,0.8144467277488038,9312,0.37,1.0,0.37
407,0.005,1.0,1773,7,1.209982793223794,14325,0.37,1.0,0.37
408,0.005,1.0,1650,7,1.3993979797979794,11139,0.34,1.0,0.34
409,0.005,1.0,1715,8,2.273013455277988,26975,0.41,1.0,0.41
410,0.005,1.0,1725,7,1.9669158580130222,15601,0.52,1.0,0.52
411,0.005,1.0,1958,8,1.394483332829042,20690,0.44,1.0,0.44
412,0.005,0.6727272727272727,1799,5,0.9089331019240198,9167,0.33,0.45454545454545453,0.15
413,0.005,1.0,1669,8,1.6198036948392083,14198,0.46,1.0,0.46
414,0.005,1.0,1645,7,1.3636511118707328,22335,0.32,1.0,0.32
415,0.005,1.0,1522,7,1.0105798270136985,13664,0.49,1.0,0.49
416,0.005,0.8369565217391305,1931,8,0.8800000858193915,9981,0.44,0.6590909090909091,0.29
417,0.005,1.0,1858,7,1.7805506922614338,19809,0.48,1.0,0.48
418,0.005,1.0,1822,8,2.1879844587617376,27211,0.39,1.0,0.39
419,0.005,1.0,1779,8,1.7835196144134884,20183,0.2,1.0,0.2
420,0.005,1.0,1732,9,1.3025520830555395,10173,0.43,1.0,0.43
421,0.005,1.0,1825,8,1.9072648526928133,19780,0.4,1.0,0.4
422,0.005,0.7727272727272727,1863,7,1.1472195354977526,10218,0.36,0.5833333333333334,0.21
423,0.005,0.9883720930232558,1872,6,1.024294141281321,10210,0.41,0.975609756097561,0.39999999999999997
424,0.005,1.0,1785,9,1.6039808864722358,17572,0.32,1.0,0.32
425,0.005,1.0,1761,8,1.8954429704613267,26322,0.46,1.0,0.46
426,0.005,1.0,1731,8,2.259532813302536,19275,0.36,1.0,0.36
427,0.005,1.0,1742,8,2.7582176549909643,24236,0.52,1.0,0.52
428,0.005,,190,3,0.42891966759002764,512,0.0,,
429,0.005,1.0,1723,8,1.3190351830699265,12994,0.4,1.0,0.4
430,0.005,1.0,1939,6,0.8619964087760766,15318,0.32,1.0,0.32
431,0.005,0.9310344827586207,1768,6,0.92547117176143,10020,0.3,0.8666666666666667,0.26
432,0.005,1.0,1843,6,0.8206594205053275,12919,0.57,1.0,0.57
433,0.005,1.0,1879,10,1.9014286640867764,19954,0.36,1.0,0.36
434,0.005,1.0,1742,7,1.4057795452658108,15642,0.33,1.0,0.33
435,0.005,1.0,1800,6,0.8261222222222221,8520,0.16,1.0,0.16
436,0.005,1.0,1666,7,1.9589992059248666,16898,0.37,1.0,0.37
437,0.005,1.0,1702,7,1.2207415482718196,15519,0.5,1.0,0.5
438,0.005,1.0,1252,10,4.125447845747124,31960,0.34,1.0,0.34
439,0.005,1.0,1649,8,2.3264069114420005,23636,0.37,1.0,0.37
440,0.005,1.0,1873,9,1.4579178815830318,21480,0.33,1.0,0.33
441,0.005,1.0,1796,8,1.2651385037772631,22057,0.35,1.0,0.35
442,0.005,1.0,1722,6,0.9619898127801587,8807,0.34,1.0,0.34
443,0.005,1.0,1841,8,2.2077638295555904,23861,0.5,1.0,0.5
444,0.005,1.0,1647,7,1.1913032803474441,13467,0.49,1.0,0.49
445,0.005,1.0,1475,7,1.3711214018960072,21442,0.29,1.0,0.29
446,0.005,0.5535714285714286,1680,6,0.9329758361678006,7425,0.35,0.2857142857142857,0.09999999999999999
447,0.005,1.0,1638,7,1.7794747309399324,18651,0.35,1.0,0.35
448,0.005,1.0,1753,6,0.9746694526439721,9881,0.43,1.0,0.43
449,0.005,1.0,1858,6,0.9976385826397587,14472,0.45,1.0,0.45
450,0.005,1.0,1593,7,1.4275575542559276,12153,0.47,1.0,0.47
451,0.005,1.0,1706,6,0.99252929801583,8919,0.39,1.0,0.39
452,0.005,1.0,1598,6,1.0792342900465381,8527,0.2,1.0,0.2
453,0.005,0.6491228070175439,1682,6,0.9583828775267539,8340,0.32,0.375,0.12
454,0.005,1.0,1865,8,1.1294507974613488,13032,0.39,1.0,0.39
455,0.005,1.0,1906,7,1.4350386309759096,21560,0.29,1.0,0.29
456,0.005,1.0,1755,10,2.638948060486522,30042,0.28,1.0,0.28
457,0.005,1.0,1963,8,1.274918130083052,17385,0.31,1.0,0.31
458,0.005,0.8125,1990,6,0.8038584884220097,8704,0.44,0.6590909090909091,0.29
459,0.005,1.0,1739,7,0.8549889372812793,7829,0.23,1.0,0.23
460,0.005,1.0,1833,8,0.922020340552917,10834,0.36,1.0,0.36
461,0.005,1.0,1783,8,2.114464238025422,20490,0.37,1.0,0.37
462,0.005,1.0,1781,7,1.0300126640901321,13996,0.45,1.0,0.45
463,0.005,1.0,1807,9,1.7719304102076137,17109,0.36,1.0,0.36
464,0.005,0.8055555555555556,1745,6,0.8095027134424185,8501,0.33,0.5757575757575758,0.19000000000000003
465,0.005,1.0,1726,7,0.9587106874749083,11836,0.26,1.0,0.26
466,0.005,1.0,1800,7,1.067995061728395,16012,0.41,1.0,0.41
467,0.005,1.0,1866,8,2.1373320053441227,28002,0.33,1.0,0.33
468,0.005,1.0,1826,8,1.4708467445406441,24085,0.34,1.0,0.34
469,0.005,1.0,1541,11,5.536847264958956,38955,0.47,1.0,0.47
470,0.005,1.0,1831,9,2.1909036107023856,38573,0.34,1.0,0.34
471,0.005,0.5,1851,7,1.3229334764656246,11136,0.33,0.18181818181818182,0.060000000000000005
472,0.005,1.0,1808,7,1.0276031673388675,9967,0.37,1.0,0.37
473,0.005,1.0,1717,6,1.1216608453815338,15961,0.4,1.0,0.4
474,0.005,1.0,1719,8,1.7654060408919101,16138,0.46,1.0,0.46
475,0.005,1.0,1800,7,1.2188885802469134,10433,0.32,1.0,0.32
476,0.005,1.0,1838,9,1.650560764704977,15201,0.3,1.0,0.3
477,0.005,1.0,1866,6,1.1551530231858187,16018,0.38,1.0,0.38
478,0.005,1.0,1606,7,1.245595207262926,17208,0.37,1.0,0.37
479,0.005,0.8024691358024691,1681,6,0.8863771564544913,7419,0.41,0.6097560975609756,0.24999999999999997
480,0.005,1.0,1690,8,1.3062553832148736,11496,0.35,1.0,0.35
481,0.005,1.0,1712,7,1.069773765721897,10539,0.37,1.0,0.37
482,0.005,1.0,1787,6,1.164296390426537,13332,0.33,1.0,0.33
483,0.005,1.0,1553,7,1.5800795170761863,12038,0.44,1.0,0.44
484,0.005,1.0,1438,10,1.864518309891849,13329,0.39,1.0,0.39
485,0.005,1.0,1986,6,1.0043976009305826,12915,0.3,1.0,0.3
486,0.005,1.0,1739,10,2.2689092136194287,37379,0.33,1.0,0.33
487,0.005,1.0,1692,6,0.965476529796735,12776,0.39,1.0,0.39
488,0.005,1.0,1839,8,1.679714576419733,19622,0.35,1.0,0.35
489,0.005,1.0,1723,7,1.4306095302063613,16072,0.39,1.0,0.39
490,0.005,1.0,1754,6,0.8375370061459132,11574,0.29,1.0,0.29
491,0.005,1.0,1960,8,1.3634920345689296,20511,0.36,1.0,0.36
492,0.005,1.0,1850,9,1.7256169466764062,17674,0.31,1.0,0.31
493,0.005,1.0,1926,9,1.7068688407742767,19045,0.31,1.0,0.31
494,0.005,1.0,1617,9,1.7447191616287827,17907,0.5,1.0,0.5
495,0.005,1.0,1694,7,1.375610356156669,19233,0.53,1.0,0.53
496,0.005,0.9775280898876404,1720,6,0.8027579096809085,8345,0.42,0.9523809523809523,0.39999999999999997
497,0.005,1.0,1896,7,1.1124675087681817,17546,0.36,1.0,0.36
498,0.005,0.9743589743589743,1748,5,0.7821557425550744,7462,0.44,0.9318181818181818,0.41
499,0.005,1.0,1759,8,1.7412821448436548,16331,0.24,1.0,0.24
500,0.0045000000000000005,1.0,1785,7,0.9057163257459846,12009,0.27,1.0,0.27
501,0.0045000000000000005,1.0,1908,10,1.5540227839088647,19886,0.4,1.0,0.4
502,0.0045000000000000005,1.0,1721,6,1.058076378846805,14175,0.26,1.0,0.26
503,0.0045000000000000005,1.0,1892,8,1.6502431513125255,18070,0.45,1.0,0.45
504,0.0045000000000000005,1.0,1620,10,3.1882163542142963,21189,0.38,1.0,0.38
505,0.0045000000000000005,1.0,1728,9,2.4152078510802473,25132,0.36,1.0,0.36
506,0.0045000000000000005,1.0,1761,7,2.130819145721821,25729,0.32,1.0,0.32
507,0.0045000000000000005,1.0,1716,8,3.030245977798425,27198,0.51,1.0,0.51
508,0.0045000000000000005,1.0,1505,11,6.6452290813567165,60467,0.29,1.0,0.29
509,0.0045000000000000005,1.0,1768,8,1.0299121127741035,11080,0.4,1.0,0.4
510,0.0045000000000000005,1.0,1748,8,1.7767621970057965,22966,0.36,1.0,0.36
511,0.0045000000000000005,1.0,1794,10,4.162020621196134,49087,0.26,1.0,0.26
512,0.0045000000000000005,1.0,1904,6,1.137525598474684,12408,0.45,1.0,0.45
513,0.0045000000000000005,1.0,1665,6,0.7899322746169593,11118,0.37,1.0,0.37
514,0.0045000000000000005,1.0,1641,9,2.1293261752004637,19991,0.31,1.0,0.31
515,0.0045000000000000005,1.0,1673,13,7.224202543187055,54302,0.19,1.0,0.19
516,0.0045000000000000005,1.0,1760,8,1.83635847107438,22372,0.34,1.0,0.34
517,0.0045000000000000005,1.0,1732,7,1.260081924806255,15730,0.33,1.0,0.33
518,0.0045000000000000005,1.0,1641,8,1.3233291779324823,15348,0.28,1.0,0.28
519,0.0045000000000000005,0.803030303030303,1787,5,0.7714611120731741,8328,0.3,0.5666666666666667,0.16999999999999998
520,0.0045000000000000005,1.0,1687,6,0.9533814317724472,9214,0.44,1.0,0.44
521,0.0045000000000000005,1.0,1817,9,2.4662217563045044,36320,0.43,1.0,0.43
522,0.0045000000000000005,1.0,1801,7,1.0960145837912865,11923,0.3,1.0,0.3
523,0.0045000000000000005,0.6440677966101694,1650,7,0.9022530762167125,7906,0.3,0.3,0.09
524,0.0045000000000000005,1.0,1733,7,1.0981740351994098,10523,0.36,1.0,0.36
525,0.0045000000000000005,0.7088607594936709,1703,6,0.8060977674367605,7892,0.37,0.3783783783783784,0.14
526,0.0045000000000000005,1.0,1776,8,1.3374421719016314,14962,0.45,1.0,0.45
527,0.0045000000000000005,0.6818181818181818,1986,6,0.8497275490366099,9066,0.33,0.36363636363636365,0.12000000000000001
528,0.0045000000000000005,0.8333333333333334,1937,7,1.00991186227818,10134,0.38,0.6578947368421053,0.25
529,0.0045000000000000005,1.0,1875,7,1.2776863288888887,12590,0.49,1.0,0.49
530,0.0045000000000000005,1.0,1804,8,1.2848670852159036,11994,0.54,1.0,0.54
531,0.0045000000000000005,1.0,1858,8,1.8402497679716259,25176,0.39,1.0,0.39
532,0.0045000000000000005,1.0,1751,8,1.6784169346324413,16467,0.2,1.0,0.2
533,0.0045000000000000005,1.0,1751,8,1.3953328782345473,12336,0.33,1.0,0.33
534,0.0045000000000000005,1.0,1857,7,0.8707027420153234,9682,0.35,1.0,0.35
535,0.0045000000000000005,1.0,1526,7,2.148155003100474,18157,0.39,1.0,0.39
536,0.0045000000000000005,0.8363636363636363,1616,6,0.7585392976178806,6238,0.32,0.71875,0.23
537,0.0045000000000000005,1.0,1758,8,1.2893158012582817,13811,0.33,1.0,0.33
538,0.0045000000000000005,1.0,1872,7,1.4085280037804075,24881,0.48,1.0,0.48
539,0.0045000000000000005,1.0,1670,6,1.6379059844383093,12596,0.28,1.0,0.28
540,0.0045000000000000005,1.0,1778,7,1.1410933025947687,12140,0.46,1.0,0.46
541,0.0045000000000000005,,734,6,1.1402805722813296,3793,0.0,,
542,0.0045000000000000005,1.0,1633,9,1.7698846772158283,16701,0.14,1.0,0.14
543,0.0045000000000000005,1.0,1694,7,1.3859141019976053,16585,0.29,1.0,0.29
544,0.0045000000000000005,1.0,1783,9,1.5404664669658508,14460,0.53,1.0,0.53
545,0.0045000000000000005,1.0,1716,8,1.6175128775653251,20513,0.25,1.0,0.25
546,0.0045000000000000005,1.0,1829,7,1.3827476107102599,13356,0.5,1.0,0.5
547,0.0045000000000000005,0.7821782178217822,1828,7,1.0187551771854306,8952,0.49,0.5510204081632653,0.26999999999999996
548,0.0045000000000000005,1.0,1723,8,1.1399457478267634,10733,0.32,1.0,0.32
549,0.0045000000000000005,1.0,1870,7,1.2577028224999285,15545,0.38,1.0,0.38
550,0.0045000000000000005,1.0,1653,6,0.7717475678055518,7142,0.36,1.0,0.36
551,0.0045000000000000005,0.8916666666666667,1676,7,1.034009190537762,8441,0.44,0.7045454545454546,0.31
552,0.0045000000000000005,1.0,1712,9,2.085416507446065,24159,0.49,1.0,0.49
553,0.0045000000000000005,0.7894736842105263,1969,8,1.4803636146971817,13972,0.37,0.5675675675675675,0.21
554,0.0045000000000000005,0.8916666666666667,1915,7,0.9402995452965116,9361,0.5,0.74,0.37
555,0.0045000000000000005,1.0,1718,7,1.2251243764238409,11390,0.32,1.0,0.32
556,0.0045000000000000005,1.0,1740,7,1.5864314968952307,14502,0.28,1.0,0.28
557,0.0045000000000000005,1.0,1570,7,1.1548740314008683,16617,0.45,1.0,0.45
558,0.0045000000000000005,1.0,1819,6,0.8668120785998144,9870,0.29,1.0,0.29
559,0.0045000000000000005,1.0,1767,8,2.4970801870038297,27993,0.25,1.0,0.25
560,0.0045000000000000005,0.9821428571428571,1767,6,0.8067811788082397,7555,0.36,0.9722222222222222,0.35
561,0.0045000000000000005,1.0,1887,6,0.9572280594444627,13339,0.48,1.0,0.48
562,0.0045000000000000005,1.0,1783,10,1.6167738619459853,19219,0.38,1.0,0.38
563,0.0045000000000000005,1.0,1660,6,0.8053400348381476,11637,0.32,1.0,0.32
564,0.0045000000000000005,1.0,1746,7,1.6167289264678288,15898,0.32,1.0,0.32
565,0.0045000000000000005,1.0,1837,8,1.827279276257205,19752,0.43,1.0,0.43
566,0.0045000000000000005,1.0,1759,9,2.1820159200744906,26202,0.54,1.0,0.54
567,0.0045000000000000005,1.0,1820,9,2.5510010868252633,27064,0.3,1.0,0.3
568,0.0045000000000000005,1.0,1690,6,1.244063233080074,13605,0.29,1.0,0.29
569,0.0045000000000000005,1.0,1649,9,3.4948295473560074,45777,0.38,1.0,0.38
570,0.0045000000000000005,1.0,1858,6,0.8757014440797134,11537,0.41,1.0,0.41
571,0.0045000000000000005,1.0,1764,8,1.8454064921509041,21622,0.34,1.0,0.34
572,0.0045000000000000005,1.0,1600,7,1.5398714843749999,14991,0.39,1.0,0.39
573,0.0045000000000000005,1.0,1744,8,1.1573928436158574,14674,0.34,1.0,0.34
574,0.0045000000000000005,1.0,1597,9,1.1685553179901733,12739,0.46,1.0,0.46
575,0.0045000000000000005,1.0,1461,10,7.463530225282394,42843,0.45,1.0,0.45
576,0.0045000000000000005,1.0,1743,6,1.1227784673650754,14480,0.26,1.0,0.26
577,0.0045000000000000005,1.0,1804,9,1.9976843771662873,24420,0.15,1.0,0.15
578,0.0045000000000000005,1.0,1590,7,1.5647403188165028,16858,0.47,1.0,0.47
579,0.0045000000000000005,1.0,1891,7,1.1629268423641614,16427,0.32,1.0,0.32
580,0.0045000000000000005,1.0,1760,9,1.5037073863636363,16322,0.14,1.0,0.14
581,0.0045000000000000005,1.0,1610,10,1.8350819798618883,23576,0.34,1.0,0.34
582,0.0045000000000000005,0.8690476190476191,1819,7,0.8138284995501337,7255,0.35,0.6857142857142857,0.24
583,0.0045000000000000005,1.0,1877,6,0.8276790319060131,9508,0.54,1.0,0.54
584,0.0045000000000000005,1.0,1771,7,1.7133387811216596,15550,0.21,1.0,0.21
585,0.0045000000000000005,1.0,1700,8,2.409003114186851,23945,0.41,1.0,0.41
586,0.0045000000000000005,1.0,1920,7,1.395724826388889,19130,0.27,1.0,0.27
587,0.0045000000000000005,1.0,1717,8,1.4047350673605852,22920,0.41,1.0,0.41
588,0.0045000000000000005,1.0,1716,5,0.8359995191288896,8407,0.33,1.0,0.33
589,0.0045000000000000005,,205,4,0.5621891731112432,706,0.0,,
590,0.0045000000000000005,0.7671232876712328,1877,6,1.0149029456485983,11294,0.39,0.5641025641025641,0.22
591,0.0045000000000000005,1.0,1541,8,1.4567186076782523,18546,0.32,1.0,0.32
592,0.0045000000000000005,1.0,1723,6,1.0230991107642362,12123,0.44,1.0,0.44
593,0.0045000000000000005,0.9912280701754386,1956,5,0.8925533516504198,9498,0.48,0.9791666666666666,0.47
594,0.0045000000000000005,1.0,1842,9,2.423719497171205,27001,0.43,1.0,0.43
595,0.0045000000000000005,0.5483870967741935,1732,6,1.0721625668705899,8765,0.21,0.3333333333333333,0.06999999999999999
596,0.0045000000000000005,1.0,1869,8,1.6530918557718925,26708,0.45,1.0,0.45
597,0.0045000000000000005,1.0,1703,8,1.8597997592587292,18279,0.2,1.0,0.2
598,0.0045000000000000005,1.0,1867,7,1.2681165760915563,17487,0.27,1.0,0.27
599,0.0045000000000000005,1.0,1610,7,1.2219223795378265,14517,0.3,1.0,0.3
600,0.004,1.0,1599,7,2.3545727649512034,19250,0.4,1.0,0.4
601,0.004,0.7288135593220338,1739,6,0.9351927386503384,8099,0.34,0.5294117647058824,0.18000000000000002
602,0.004,1.0,1739,8,1.5822951528725206,13399,0.19,1.0,0.19
603,0.004,1.0,1809,6,0.8551371268465731,8541,0.47,1.0,0.47
604,0.004,0.5692307692307692,1704,6,1.1325616059423835,8802,0.32,0.125,0.04
605,0.004,1.0,1746,7,1.3403347727222032,11642,0.52,1.0,0.52
606,0.004,1.0,1571,7,1.3648460459125273,14051,0.41,1.0,0.41
607,0.004,1.0,1661,8,1.6285236148479785,21788,0.38,1.0,0.38
608,0.004,1.0,1835,9,2.0810679417027376,20460,0.31,1.0,0.31
609,0.004,1.0,1737,9,2.0473748735983963,26016,0.2,1.0,0.2
610,0.004,1.0,1947,7,1.2437582584614526,20850,0.32,1.0,0.32
611,0.004,,1131,7,1.290649105155645,8239,0.0,,
612,0.004,1.0,1904,8,2.1688219405409224,23468,0.42,1.0,0.42
613,0.004,1.0,1721,7,0.9912908896865159,13551,0.18,1.0,0.18
614,0.004,1.0,1788,6,0.8879129568738143,13608,0.28,1.0,0.28
615,0.004,0.7555555555555555,1730,6,0.7058652143406061,6726,0.25,0.56,0.14
616,0.004,1.0,1609,7,1.3997236643939988,20998,0.47,1.0,0.47
617,0.004,1.0,1725,7,1.7987999159840367,14002,0.36,1.0,0.36
618,0.004,1.0,1603,7,1.3940821346749643,14050,0.4,1.0,0.4
619,0.004,1.0,1606,8,1.8382424097678538,18725,0.38,1.0,0.38
620,0.004,1.0,1661,9,3.2695919890420932,36511,0.24,1.0,0.24
621,0.004,1.0,1799,6,0.8343619965511072,9570,0.42,1.0,0.42
622,0.004,1.0,1684,7,1.3707251002871796,14435,0.53,1.0,0.53
623,0.004,1.0,1648,7,1.3328803227212744,12875,0.42,1.0,0.42
624,0.004,1.0,1815,7,1.960520608033756,22208,0.45,1.0,0.45
625,0.004,1.0,1780,8,3.133903231915162,25541,0.28,1.0,0.28
626,0.004,1.0,1720,6,1.0930229177934019,12635,0.37,1.0,0.37
627,0.004,1.0,1859,8,1.230248958225124,14190,0.34,1.0,0.34
628,0.004,1.0,1832,8,1.7038216161972504,22923,0.33,1.0,0.33
629,0.004,1.0,1618,8,1.4679876115578607,15510,0.17,1.0,0.17
630,0.004,1.0,1604,6,1.125159358461701,11532,0.39,1.0,0.39
631,0.004,1.0,1548,8,1.428935143454253,23831,0.37,1.0,0.37
632,0.004,0.9148936170212766,1840,6,0.9496585538752362,8612,0.53,0.7735849056603774,0.41000000000000003
633,0.004,1.0,1721,6,1.0299533297027086,14559,0.33,1.0,0.33
634,0.004,1.0,1688,10,4.763920046157992,41641,0.37,1.0,0.37
635,0.004,1.0,1715,6,0.8202582257392752,8183,0.28,1.0,0.28
636,0.004,1.0,1573,10,3.2974046701146045,23876,0.3,1.0,0.3
637,0.004,1.0,1788,8,1.9574828336060939,20363,0.43,1.0,0.43
638,0.004,1.0,1785,8,1.547337680170107,15466,0.29,1.0,0.29
639,0.004,1.0,1736,7,1.1831837053239609,12400,0.25,1.0,0.25
640,0.004,1.0,1685,10,6.1687854960420525,40607,0.5,1.0,0.5
641,0.004,0.8623853211009175,2000,6,0.9610639999999999,10278,0.45,0.6666666666666666,0.3
642,0.004,0.6825396825396826,1531,6,0.8343782170437136,6174,0.32,0.375,0.12
643,0.004,1.0,1601,8,3.2539968578351837,32873,0.33,1.0,0.33
644,0.004,1.0,1607,7,1.9721535643104666,14141,0.26,1.0,0.26
645,0.004,1.0,1638,9,2.601947638577675,24998,0.17,1.0,0.17
646,0.004,1.0,1639,8,1.8326566333658563,16407,0.37,1.0,0.37
647,0.004,1.0,1748,8,1.8564122318282021,27557,0.41,1.0,0.41
648,0.004,1.0,1768,9,3.712388157490633,38142,0.23,1.0,0.23
649,0.004,0.8888888888888888,1694,6,0.8154051594000077,7464,0.52,0.7692307692307693,0.4
650,0.004,1.0,1565,6,1.3852324714960853,13295,0.42,1.0,0.42
651,0.004,1.0,1804,9,0.9672432780566468,15174,0.32,1.0,0.32
652,0.004,0.7,1634,6,1.3019180840433324,9650,0.17,0.47058823529411764,0.08
653,0.004,1.0,1621,9,1.8899134242463105,12934,0.17,1.0,0.17
654,0.004,1.0,1753,7,1.529258131037039,15633,0.36,1.0,0.36
655,0.004,1.0,1553,7,1.5117001387755002,15837,0.4,1.0,0.4
656,0.004,1.0,1500,7,1.8404528888888887,13115,0.39,1.0,0.39
657,0.004,1.0,1696,6,1.3806010674394804,13473,0.34,1.0,0.34
658,0.004,1.0,1735,7,1.6465367206770258,21537,0.38,1.0,0.38
659,0.004,1.0,1764,7,1.5806875093196766,16405,0.21,1.0,0.21
660,0.004,1.0,1904,9,1.4397638651048654,13391,0.38,1.0,0.38
661,0.004,1.0,1660,7,1.6849165336042964,18700,0.47,1.0,0.47
662,0.004,1.0,1803,9,2.1317241339002075,30703,0.24,1.0,0.24
663,0.004,1.0,1649,7,1.2857217984253462,15064,0.4,1.0,0.4
664,0.004,1.0,1653,6,1.1276752492031756,9203,0.38,1.0,0.38
665,0.004,1.0,1760,8,1.6991189953512396,18431,0.25,1.0,0.25
666,0.004,1.0,1819,8,1.1025516802210855,14556,0.3,1.0,0.3
667,0.004,1.0,1666,6,1.0515965089517199,11351,0.34,1.0,0.34
668,0.004,1.0,1796,9,2.2547656013611044,24524,0.28,1.0,0.28
669,0.004,1.0,1540,7,1.4666706021251474,11062,0.45,1.0,0.45
670,0.004,1.0,1530,8,1.931038916655987,18705,0.23,1.0,0.23
671,0.004,1.0,1915,6,1.015390656422772,13465,0.34,1.0,0.34
672,0.004,1.0,1842,6,0.808930480842119,12464,0.37,1.0,0.37
673,0.004,1.0,1729,8,1.3388462926680942,16699,0.24,1.0,0.24
674,0.004,1.0,1723,6,0.9102063543017905,8144,0.4,1.0,0.4
675,0.004,1.0,1768,8,1.6623146408754939,20569,0.32,1.0,0.32
676,0.004,1.0,1775,6,0.9912585598095617,9771,0.28,1.0,0.28
677,0.004,1.0,1670,8,1.2174247911362903,14202,0.39,1.0,0.39
678,0.004,1.0,1590,7,1.3242043431826271,15687,0.38,1.0,0.38
679,0.004,1.0,1803,6,0.8040552367118461,8973,0.27,1.0,0.27
680,0.004,1.0,1665,7,1.3414437861284707,11505,0.44,1.0,0.44
681,0.004,1.0,1750,7,1.1192453877551023,9651,0.27,1.0,0.27
682,0.004,0.5915492957746479,1606,6,0.9211584360640127,7529,0.36,0.19444444444444445,0.06999999999999999
683,0.004,0.7464788732394366,1706,6,0.9805156340836906,8314,0.39,0.5384615384615384,0.21
684,0.004,1.0,1696,9,3.353617487873799,33719,0.35,1.0,0.35
685,0.004,1.0,1582,6,0.8246358767486948,10490,0.42,1.0,0.42
686,0.004,0.9855072463768116,1742,6,1.0290325068115223,9023,0.36,0.9722222222222222,0.35
687,0.004,1.0,1760,10,2.332581353305785,22346,0.38,1.0,0.38
688,0.004,1.0,1705,10,3.3383944066528497,32908,0.36,1.0,0.36
689,0.004,1.0,1556,6,1.1951744965999433,9324,0.38,1.0,0.38
690,0.004,1.0,1606,8,2.894852971965342,22345,0.49,1.0,0.49
691,0.004,1.0,1660,6,1.0335066773116561,9887,0.37,1.0,0.37
692,0.004,1.0,1753,6,1.0801185417940526,12663,0.23,1.0,0.23
693,0.004,1.0,1826,6,1.0418900534928721,10943,0.4,1.0,0.4
694,0.004,1.0,1823,11,2.667135874901341,22722,0.35,1.0,0.35
695,0.004,1.0,1713,6,1.146110117711849,11743,0.45,1.0,0.45
696,0.004,1.0,1669,10,3.0321669494941945,27590,0.26,1.0,0.26
697,0.004,1.0,1744,7,1.1961942913054455,13936,0.47,1.0,0.47
698,0.004,1.0,1552,9,1.7879685507227125,19831,0.37,1.0,0.37
699,0.004,1.0,1604,7,1.4587949546333667,13259,0.29,1.0,0.29
700,0.0035,1.0,1868,10,2.2294888783936835,18352,0.43,1.0,0.43
701,0.0035,1.0,1640,8,2.0839942742415225,25201,0.27,1.0,0.27
702,0.0035,1.0,1577,9,1.8906474611860655,20486,0.36,1.0,0.36
703,0.0035,1.0,1684,9,2.3318320817418097,32610,0.35,1.0,0.35
704,0.0035,1.0,1579,6,1.4853028648253415,12898,0.41,1.0,0.41
705,0.0035,0.8289473684210527,1581,7,1.1637827602527004,9066,0.38,0.6578947368421053,0.25
706,0.0035,1.0,1823,9,3.0230807723219697,30712,0.42,1.0,0.42
707,0.0035,1.0,1706,6,0.9505644515117322,11751,0.36,1.0,0.36
708,0.0035,1.0,1712,9,1.8411539080924098,18137,0.39,1.0,0.39
709,0.0035,1.0,1734,7,1.4468896046104172,15466,0.41,1.0,0.41
710,0.0035,1.0,1649,6,0.9986087825063319,9886,0.25,1.0,0.25
711,0.0035,1.0,1696,6,0.9829645642354929,9639,0.41,1.0,0.41
712,0.0035,1.0,1681,8,1.771780415965823,17064,0.36,1.0,0.36
713,0.0035,1.0,1945,7,1.7424822727843459,18767,0.31,1.0,0.31
714,0.0035,1.0,1848,6,0.9403142627574446,9327,0.4,1.0,0.4
715,0.0035,1.0,1677,8,1.5551992672265584,14184,0.19,1.0,0.19
716,0.0035,1.0,1545,7,1.8807536577957917,14231,0.39,1.0,0.39
717,0.0035,,620,7,1.3176768990634755,3317,0.0,,
718,0.0035,1.0,1642,8,2.7119021691558824,28571,0.41,1.0,0.41
719,0.0035,1.0,1559,8,0.8936354573436287,9920,0.45,1.0,0.45
720,0.0035,1.0,1510,8,1.9236090522345515,12993,0.35,1.0,0.35
721,0.0035,1.0,1755,7,1.1756092888856422,12081,0.33,1.0,0.33
722,0.0035,1.0,1850,7,1.6287088385682984,23872,0.38,1.0,0.38
723,0.0035,1.0,1731,9,1.8066701575677966,23360,0.38,1.0,0.38
724,0.0035,1.0,1696,9,1.579601490187789,15085,0.23,1.0,0.23
725,0.0035,1.0,1664,8,1.758227105676775,22878,0.44,1.0,0.44
726,0.0035,1.0,1762,8,1.476809579455809,16836,0.46,1.0,0.46
727,0.0035,1.0,1476,7,1.1962506701625282,17617,0.18,1.0,0.18
728,0.0035,1.0,1774,8,1.827857033004605,18821,0.44,1.0,0.44
729,0.0035,0.958904109589041,1783,7,0.867308213139047,8362,0.33,0.9090909090909091,0.3
730,0.0035,1.0,1601,11,6.058720326654055,46839,0.47,1.0,0.47
731,0.0035,1.0,1778,8,2.182294599283076,25843,0.39,1.0,0.39
732,0.0035,1.0,1612,7,1.3178776268556547,16021,0.62,1.0,0.62
733,0.0035,1.0,1561,8,1.8735932427224946,13620,0.23,1.0,0.23
734,0.0035,0.9411764705882353,1739,6,0.8866688865954768,8450,0.35,0.8571428571428571,0.3
735,0.0035,0.7205882352941176,1581,8,1.5858624774510404,9789,0.36,0.4722222222222222,0.16999999999999998
736,0.0035,1.0,1696,8,1.747435697757209,25658,0.25,1.0,0.25
737,0.0035,1.0,1866,10,2.8343221453688674,35281,0.37,1.0,0.37
738,0.0035,1.0,1690,7,1.9966863905325443,21522,0.41,1.0,0.41
739,0.0035,1.0,1389,7,1.8679359214977704,17948,0.33,1.0,0.33
740,0.0035,0.5362318840579711,1719,7,0.8972003353005337,8279,0.38,0.15789473684210525,0.06
741,0.0035,1.0,1745,8,2.2429582679945157,25900,0.38,1.0,0.38
742,0.0035,0.7,1655,6,0.9592442566241637,8405,0.25,0.28,0.07
743,0.0035,1.0,1834,7,1.299495236588896,16471,0.32,1.0,0.32
744,0.0035,1.0,1554,7,2.1685445787762387,20911,0.36,1.0,0.36
745,0.0035,1.0,1764,9,2.2750461484669455,17414,0.39,1.0,0.39
746,0.0035,1.0,1736,12,3.0198719446155153,23566,0.28,1.0,0.28
747,0.0035,1.0,1516,6,0.8856015169763506,9679,0.45,1.0,0.45
748,0.0035,0.6617647058823529,1579,7,1.0154220951765194,7792,0.35,0.34285714285714286,0.12
749,0.0035,1.0,1308,8,2.7675770838593836,20494,0.4,1.0,0.4
750,0.0035,0.8714285714285714,1713,9,1.4556287910620647,10481,0.39,0.7692307692307693,0.30000000000000004
751,0.0035,1.0,1645,8,2.014552711079905,18059,0.32,1.0,0.32
752,0.0035,1.0,1635,8,1.5802425908780593,20116,0.36,1.0,0.36
753,0.0035,0.7411764705882353,1753,6,0.8149588888285065,7705,0.42,0.47619047619047616,0.19999999999999998
754,0.0035,1.0,1529,9,3.37025742982521,23594,0.25,1.0,0.25
755,0.0035,1.0,1773,8,1.7359019115140975,18754,0.4,1.0,0.4
756,0.0035,1.0,1452,7,1.4804900052364367,9911,0.25,1.0,0.25
757,0.0035,1.0,1800,7,1.2608098765432099,12908,0.45,1.0,0.45
758,0.0035,1.0,1403,8,1.6959849299612022,18131,0.51,1.0,0.51
759,0.0035,1.0,1677,8,1.9056696424920412,26758,0.45,1.0,0.45
760,0.0035,1.0,1695,8,1.8640631390259397,20395,0.55,1.0,0.55
761,0.0035,1.0,1710,9,2.2763588796552785,27525,0.39,1.0,0.39
762,0.0035,1.0,1643,7,2.240450551205079,17402,0.35,1.0,0.35
763,0.0035,1.0,1589,12,4.92178012698219,35118,0.35,1.0,0.35
764,0.0035,1.0,1654,6,1.423295766080982,11773,0.35,1.0,0.35
765,0.0035,1.0,1795,7,1.166308765450299,14972,0.41,1.0,0.41
766,0.0035,1.0,1804,7,1.6945943604013747,17121,0.38,1.0,0.38
767,0.0035,1.0,1655,9,4.229983296976114,33281,0.29,1.0,0.29
768,0.0035,1.0,1677,8,1.3924907078794835,12859,0.35,1.0,0.35
769,0.0035,1.0,1526,8,2.079171168509488,21166,0.44,1.0,0.44
770,0.0035,,974,7,1.0421018345567927,5783,0.0,,
771,0.0035,1.0,1828,6,0.9328112057036424,9617,0.3,1.0,0.3
772,0.0035,1.0,1718,8,2.0395161957009327,22595,0.32,1.0,0.32
773,0.0035,1.0,1625,9,3.956243692307692,32325,0.3,1.0,0.3
774,0.0035,1.0,1352,11,5.3616989732502365,27721,0.44,1.0,0.44
775,0.0035,0.9722222222222222,1539,6,0.921717814619334,7247,0.2,0.95,0.19
776,0.0035,1.0,1779,7,1.3090559683725025,18065,0.19,1.0,0.19
777,0.0035,1.0,1599,7,1.421686709290242,15266,0.14,1.0,0.14
778,0.0035,1.0,1760,9,3.0815260201446284,30211,0.37,1.0,0.37
779,0.0035,1.0,1757,8,1.6937755118237514,15877,0.43,1.0,0.43
780,0.0035,1.0,1679,11,1.8672633707704143,18987,0.27,1.0,0.27
781,0.0035,1.0,1653,5,0.906027611532534,8299,0.12,1.0,0.12
782,0.0035,1.0,1830,7,1.377359730060617,11528,0.33,1.0,0.33
783,0.0035,1.0,1648,6,1.322774295409558,16418,0.34,1.0,0.34
784,0.0035,,961,6,1.1458862332312962,8266,0.0,,
785,0.0035,1.0,1606,8,2.9023978418415375,30783,0.25,1.0,0.25
786,0.0035,1.0,1659,9,2.1407356298284954,16345,0.32,1.0,0.32
787,0.0035,1.0,1708,8,1.9357603562790342,16650,0.32,1.0,0.32
788,0.0035,1.0,1731,10,2.644997048085995,29182,0.25,1.0,0.25
789,0.0035,1.0,1668,9,2.349242907832008,19390,0.47,1.0,0.47
790,0.0035,1.0,1635,7,1.89948994192408,19164,0.34,1.0,0.34
791,0.0035,1.0,1704,10,4.333420121668981,45376,0.57,1.0,0.57
792,0.0035,1.0,1600,10,2.25359375,28412,0.31,1.0,0.31
793,0.0035,1.0,1508,8,2.967490800610713,13870,0.38,1.0,0.38
794,0.0035,1.0,1606,12,3.821021806457416,27293,0.36,1.0,0.36
795,0.0035,1.0,1660,8,2.6914715488459864,18761,0.38,1.0,0.38
796,0.0035,1.0,1706,7,1.5274838546527052,14518,0.31,1.0,0.31
797,0.0035,1.0,1398,10,6.21026154264932,42718,0.14,1.0,0.14
798,0.0035,1.0,1335,10,4.519023131198361,32347,0.36,1.0,0.36
799,0.0035,1.0,1736,8,2.380220168192147,27594,0.5,1.0,0.5
800,0.003,1.0,1615,8,1.4473904666967,17663,0.26,1.0,0.26
801,0.003,1.0,1635,7,1.7790698500874416,16454,0.39,1.0,0.39
802,0.003,1.0,1761,9,2.443489950891952,32519,0.36,1.0,0.36
803,0.003,1.0,1720,11,4.498889940508383,35918,0.42,1.0,0.42
804,0.003,1.0,1677,8,1.5690475758703906,14814,0.52,1.0,0.52
805,0.003,1.0,1737,8,1.360000715902888,17673,0.25,1.0,0.25
806,0.003,1.0,1475,11,3.9425663889686873,25025,0.53,1.0,0.53
807,0.003,1.0,1632,8,2.0788638985005767,24578,0.43,1.0,0.43
808,0.003,1.0,1658,8,1.6371680385774423,18402,0.34,1.0,0.34
809,0.003,1.0,1746,6,1.040566951264156,12461,0.46,1.0,0.46
810,0.003,1.0,1625,10,3.5966583668639047,26955,0.27,1.0,0.27
811,0.003,1.0,1767,6,1.191877497566689,9925,0.22,1.0,0.22
812,0.003,1.0,1488,7,1.1136940506127877,8795,0.47,1.0,0.47
813,0.003,1.0,1726,7,1.3754764900257663,21099,0.37,1.0,0.37
814,0.003,1.0,1725,9,2.2262872505776095,18177,0.37,1.0,0.37
815,0.003,1.0,1597,9,3.075859597421433,25228,0.23,1.0,0.23
816,0.003,1.0,1606,7,1.585812232769704,11940,0.36,1.0,0.36
817,0.003,1.0,1509,9,3.7006140756521178,28147,0.34,1.0,0.34
818,0.003,1.0,1683,9,1.9697573406286837,23255,0.36,1.0,0.36
819,0.003,1.0,1704,8,1.3868524625845844,12137,0.28,1.0,0.28
820,0.003,1.0,1624,9,2.70256156118809,18113,0.38,1.0,0.38
821,0.003,1.0,1353,7,1.3584539352750915,14039,0.4,1.0,0.4
822,0.003,1.0,1639,9,1.619577109362582,17232,0.17,1.0,0.17
823,0.003,1.0,1874,8,2.189744740417942,34312,0.53,1.0,0.53
824,0.003,1.0,1745,7,1.172886922110656,19826,0.35,1.0,0.35
825,0.003,1.0,1756,8,2.603598920200705,22297,0.32,1.0,0.32
826,0.003,1.0,1586,9,4.056290540336392,29841,0.45,1.0,0.45
827,0.003,1.0,1728,7,1.5533582899305556,19503,0.25,1.0,0.25
828,0.003,1.0,1479,7,1.3174005607465529,9428,0.48,1.0,0.48
829,0.003,1.0,1684,8,2.425145352937526,23957,0.4,1.0,0.4
830,0.003,1.0,1600,10,3.95174375,42006,0.37,1.0,0.37
831,0.003,1.0,1573,8,2.4791553588871973,17699,0.34,1.0,0.34
832,0.003,0.8461538461538461,1711,8,1.7635186903868494,12533,0.39,0.6923076923076923,0.27
833,0.003,1.0,1797,6,0.8784002521979842,12191,0.37,1.0,0.37
834,0.003,1.0,1497,10,4.332904508638743,30191,0.35,1.0,0.35
835,0.003,1.0,1661,8,1.8788352402986532,23922,0.25,1.0,0.25
836,0.003,1.0,1584,6,1.201168487271707,9317,0.27,1.0,0.27
837,0.003,1.0,1825,8,1.5466664665040344,17514,0.38,1.0,0.38
838,0.003,0.8026315789473685,1771,5,0.9401311869089838,10065,0.39,0.6153846153846154,0.24000000000000002
839,0.003,1.0,1756,10,2.718557850467775,27657,0.23,1.0,0.23
840,0.003,1.0,1512,10,2.8372385991433613,28578,0.15,1.0,0.15
841,0.003,1.0,1315,7,1.482205034047044,12569,0.28,1.0,0.28
842,0.003,1.0,1448,10,1.7651685693354904,16954,0.37,1.0,0.37
843,0.003,1.0,1671,6,0.8356520801750277,12601,0.23,1.0,0.23
844,0.003,1.0,1630,6,1.1189766268960066,13015,0.35,1.0,0.35
845,0.003,1.0,1625,10,1.6119668639053253,17425,0.32,1.0,0.32
846,0.003,0.7391304347826086,1443,8,1.1897405161438424,7764,0.24,0.5,0.12
847,0.003,1.0,1594,9,2.386186672418055,14907,0.58,1.0,0.58
848,0.003,1.0,1623,9,3.536617986438781,26603,0.39,1.0,0.39
849,0.003,1.0,1653,8,2.397395119105522,24936,0.18,1.0,0.18
850,0.003,1.0,1595,11,6.076958363223632,51194,0.27,1.0,0.27
851,0.003,1.0,1389,13,9.662598396016008,52707,0.42,1.0,0.42
852,0.003,1.0,1674,6,0.9744068749830495,14743,0.37,1.0,0.37
853,0.003,1.0,1696,9,2.1736035399608404,21174,0.33,1.0,0.33
854,0.003,1.0,1599,9,2.5312098986194074,22664,0.42,1.0,0.42
855,0.003,1.0,1443,11,5.440981361979283,38821,0.4,1.0,0.4
856,0.003,1.0,1841,6,1.0399952084232615,14440,0.44,1.0,0.44
857,0.003,1.0,1630,9,2.8406624261357223,23378,0.18,1.0,0.18
858,0.003,1.0,1685,8,1.9824156239818966,26124,0.07,1.0,0.07
859,0.003,1.0,1360,9,4.037759515570934,21734,0.32,1.0,0.32
860,0.003,1.0,1754,9,2.840320674425227,27884,0.37,1.0,0.37
861,0.003,1.0,1931,8,1.5261369661396906,22299,0.44,1.0,0.44
862,0.003,1.0,1716,7,1.4446220543248516,19731,0.39,1.0,0.39
863,0.003,1.0,1677,8,1.918503845033778,22125,0.39,1.0,0.39
864,0.003,1.0,1594,6,1.3338916797463511,11984,0.24,1.0,0.24
865,0.003,1.0,1607,9,3.8119467218907324,31694,0.43,1.0,0.43
866,0.003,1.0,1828,6,0.818616261030697,8263,0.33,1.0,0.33
867,0.003,1.0,1808,7,1.5109882209844148,15555,0.4,1.0,0.4
868,0.003,1.0,1429,8,1.8186706339392793,15221,0.37,1.0,0.37
869,0.003,1.0,1876,9,2.2746813639690666,29609,0.51,1.0,0.51
870,0.003,1.0,1678,11,1.5862405014199035,17896,0.29,1.0,0.29
871,0.003,1.0,1619,8,1.9713684126995639,20346,0.3,1.0,0.3
872,0.003,1.0,1578,8,2.052811471420241,19241,0.38,1.0,0.38
873,0.003,1.0,1738,8,2.0922919086128657,17763,0.32,1.0,0.32
874,0.003,1.0,1426,9,2.935300932983718,25538,0.1,1.0,0.1
875,0.003,1.0,1689,8,1.3353300235108867,15597,0.2,1.0,0.2
876,0.003,1.0,1768,7,1.7457566388894574,23124,0.41,1.0,0.41
877,0.003,1.0,1636,8,2.3350959612866973,22371,0.4,1.0,0.4
878,0.003,1.0,1637,9,1.391349030457476,9595,0.16,1.0,0.16
879,0.003,1.0,1232,9,3.9646335807050095,29438,0.4,1.0,0.4
880,0.003,1.0,1463,10,2.3493425666322025,19120,0.04,1.0,0.04
881,0.003,1.0,1769,9,1.7823977482943,28039,0.23,1.0,0.23
882,0.003,1.0,1693,8,1.483740596158952,22927,0.33,1.0,0.33
883,0.003,1.0,1746,9,2.6900698569402293,20925,0.21,1.0,0.21
884,0.003,1.0,1672,8,2.1207643912685152,14293,0.48,1.0,0.48
885,0.003,1.0,1535,9,3.3249710872263902,30308,0.43,1.0,0.43
886,0.003,1.0,1698,12,8.230388137641318,64824,0.48,1.0,0.48
887,0.003,0.9696969696969697,1765,8,1.3122230336492549,12598,0.22,0.9545454545454546,0.21000000000000002
888,0.003,1.0,1683,8,1.6918858290358763,16899,0.37,1.0,0.37
889,0.003,1.0,1691,9,2.166718366025163,28190,0.35,1.0,0.35
890,0.003,1.0,1741,7,1.628590591937332,17699,0.33,1.0,0.33
891,0.003,1.0,1575,8,2.721360141093475,19837,0.22,1.0,0.22
892,0.003,1.0,1647,6,1.2832523964935603,11994,0.25,1.0,0.25
893,0.003,1.0,1715,8,1.791136686244677,25291,0.4,1.0,0.4
894,0.003,1.0,1770,8,1.948054837371126,21375,0.32,1.0,0.32
895,0.003,1.0,1648,11,4.271595755961919,37028,0.33,1.0,0.33
896,0.003,1.0,1821,9,2.3984709477355683,18489,0.31,1.0,0.31
897,0.003,1.0,1812,8,1.5237806334030184,16558,0.38,1.0,0.38
898,0.003,1.0,1610,9,2.166444581613364,26245,0.29,1.0,0.29
899,0.003,1.0,1726,8,2.1902861826955737,26405,0.39,1.0,0.39
900,0.0025,1.0,1482,9,3.687736873066086,27013,0.32,1.0,0.32
901,0.0025,0.8260869565217391,1537,6,0.9036979404995579,7557,0.47,0.6595744680851063,0.30999999999999994
902,0.0025,1.0,1256,10,2.0526466590936754,16878,0.19,1.0,0.19
903,0.0025,1.0,1413,7,1.0482823283342575,12229,0.35,1.0,0.35
904,0.0025,1.0,1730,12,4.802228273580809,46055,0.43,1.0,0.43
905,0.0025,1.0,1521,7,1.843177327625818,16867,0.39,1.0,0.39
906,0.0025,1.0,1612,7,1.0986213818199728,11816,0.38,1.0,0.38
907,0.0025,,957,7,1.3604840972693095,8086,0.0,,
908,0.0025,1.0,1444,6,1.230935536099324,9868,0.36,1.0,0.36
909,0.0025,1.0,1649,8,2.15895625222262,18885,0.08,1.0,0.08
910,0.0025,1.0,1512,7,1.3666501322751323,13157,0.4,1.0,0.4
911,0.0025,1.0,1702,8,1.9296966588005264,16827,0.26,1.0,0.26
912,0.0025,1.0,1670,11,4.259613467675428,38484,0.2,1.0,0.2
913,0.0025,1.0,1584,9,2.50719274500051,19247,0.28,1.0,0.28
914,0.0025,1.0,1466,10,4.661231199596494,29709,0.31,1.0,0.31
915,0.0025,1.0,1685,8,1.48438535163645,16152,0.28,1.0,0.28
916,0.0025,1.0,1741,9,3.6710084619975514,27673,0.25,1.0,0.25
917,0.0025,1.0,1346,8,1.655731913831969,10202,0.37,1.0,0.37
918,0.0025,1.0,1493,9,2.717214381559131,21780,0.39,1.0,0.39
919,0.0025,1.0,1486,7,1.9576595555829286,17510,0.39,1.0,0.39
920,0.0025,1.0,1639,8,2.0142730522525047,16375,0.39,1.0,0.39
921,0.0025,1.0,1526,13,9.290302729963292,57779,0.34,1.0,0.34
922,0.0025,1.0,1559,10,5.6305282781474135,38788,0.21,1.0,0.21
923,0.0025,1.0,1511,9,3.7585384217481246,25918,0.37,1.0,0.37
924,0.0025,1.0,1650,6,0.9999886134067952,10443,0.37,1.0,0.37
925,0.0025,1.0,1690,9,3.3742319946780572,28772,0.21,1.0,0.21
926,0.0025,1.0,1550,9,3.0163596253902187,26110,0.38,1.0,0.38
927,0.0025,1.0,1751,7,1.7202290540674974,19200,0.31,1.0,0.31
928,0.0025,1.0,1607,10,2.52844877091474,19958,0.33,1.0,0.33
929,0.0025,1.0,1596,6,0.9680199873116374,9072,0.22,1.0,0.22
930,0.0025,1.0,1528,7,1.2491361085222445,14321,0.34,1.0,0.34
931,0.0025,1.0,1308,10,3.9019489567844086,32590,0.44,1.0,0.44
932,0.0025,1.0,1666,8,2.7143952418902737,27210,0.29,1.0,0.29
933,0.0025,1.0,1533,9,3.220478883991202,29441,0.22,1.0,0.22
934,0.0025,1.0,1556,9,2.1019224033676753,26376,0.37,1.0,0.37
935,0.0025,1.0,1368,8,1.9169867437844124,22457,0.37,1.0,0.37
936,0.0025,1.0,1529,9,3.135309886343853,35968,0.35,1.0,0.35
937,0.0025,1.0,1554,7,1.097600496249145,15151,0.31,1.0,0.31
938,0.0025,1.0,1462,8,2.181723591354908,18158,0.34,1.0,0.34
939,0.0025,,1160,9,2.6659453032104636,19390,0.0,,
940,0.0025,1.0,1497,9,1.692502796731294,16139,0.32,1.0,0.32
941,0.0025,1.0,1516,8,1.9669784393035412,26084,0.42,1.0,0.42
942,0.0025,1.0,1245,7,1.9003603167690841,12082,0.5,1.0,0.5
943,0.0025,1.0,1713,7,1.152898629995069,10010,0.37,1.0,0.37
944,0.0025,1.0,1594,8,2.1585781215316535,17673,0.41,1.0,0.41
945,0.0025,1.0,1522,9,2.1996357410627483,20511,0.34,1.0,0.34
946,0.0025,1.0,1587,8,2.424138469106862,26080,0.35,1.0,0.35
947,0.0025,1.0,1704,9,2.79814651799687,20533,0.32,1.0,0.32
948,0.0025,1.0,1579,9,3.2379958455680775,19680,0.43,1.0,0.43
949,0.0025,1.0,1561,7,1.3782456013634716,13425,0.43,1.0,0.43
950,0.0025,1.0,1557,10,2.5672643362954877,23109,0.33,1.0,0.33
951,0.0025,1.0,1618,8,1.745421563040027,15715,0.34,1.0,0.34
952,0.0025,1.0,1466,13,6.053085025005165,44000,0.25,1.0,0.25
953,0.0025,1.0,1724,8,2.2684158004102044,23363,0.29,1.0,0.29
954,0.0025,1.0,1547,9,3.146230855725513,26076,0.38,1.0,0.38
955,0.0025,1.0,1454,12,3.8233852825483563,32666,0.32,1.0,0.32
956,0.0025,1.0,1727,7,1.6668900788558974,19776,0.44,1.0,0.44
957,0.0025,1.0,1543,6,1.0879320780108273,10022,0.32,1.0,0.32
958,0.0025,1.0,1797,9,3.687541438166437,41383,0.23,1.0,0.23
959,0.0025,1.0,1584,9,1.791307966023875,12888,0.37,1.0,0.37
960,0.0025,1.0,1563,7,1.5281757566305592,18997,0.31,1.0,0.31
961,0.0025,1.0,1476,9,2.2139434199220043,19548,0.41,1.0,0.41
962,0.0025,1.0,1679,9,4.0561800981255685,34213,0.23,1.0,0.23
963,0.0025,1.0,1530,8,1.5099423298731256,18170,0.43,1.0,0.43
964,0.0025,1.0,1275,7,1.9625153402537485,11870,0.19,1.0,0.19
965,0.0025,1.0,1561,12,5.31837908402316,64450,0.25,1.0,0.25
966,0.0025,1.0,1459,9,2.2841665801498676,19362,0.35,1.0,0.35
967,0.0025,1.0,1463,8,1.6035982580573722,19291,0.17,1.0,0.17
968,0.0025,,1194,8,1.7880840551164532,11239,0.0,,
969,0.0025,1.0,1616,8,2.296098038795216,17085,0.11,1.0,0.11
970,0.0025,1.0,1639,12,7.444475920785342,46147,0.35,1.0,0.35
971,0.0025,1.0,1499,10,5.00564708248906,26605,0.28,1.0,0.28
972,0.0025,1.0,1538,11,4.164845585014906,40271,0.41,1.0,0.41
973,0.0025,1.0,1771,11,6.454180391086585,63036,0.39,1.0,0.39
974,0.0025,1.0,1659,9,3.473398973433308,21905,0.38,1.0,0.38
975,0.0025,1.0,1539,7,1.4327481158072908,11221,0.38,1.0,0.38
976,0.0025,1.0,1604,7,1.3679559673136363,17035,0.5,1.0,0.5
977,0.0025,0.7454545454545455,1634,8,1.5802222957981327,10540,0.31,0.5483870967741935,0.16999999999999998
978,0.0025,1.0,1573,11,4.143712497408388,30096,0.35,1.0,0.35
979,0.0025,1.0,1606,8,1.3402651017588156,15954,0.33,1.0,0.33
980,0.0025,1.0,1431,9,3.1283172206131487,15182,0.34,1.0,0.34
981,0.0025,1.0,1480,8,1.4723813002191382,11610,0.43,1.0,0.43
982,0.0025,1.0,1556,10,3.811431906344791,27379,0.39,1.0,0.39
983,0.0025,1.0,1627,7,1.748480712500222,17374,0.33,1.0,0.33
984,0.0025,1.0,1465,11,4.7538743607962815,30173,0.42,1.0,0.42
985,0.0025,1.0,1704,9,2.005479719081311,19231,0.39,1.0,0.39
986,0.0025,1.0,1570,8,2.49899346829486,26861,0.32,1.0,0.32
987,0.0025,1.0,1536,10,2.6349826388888893,18848,0.24,1.0,0.24
988,0.0025,1.0,1481,8,1.9885581990379149,14771,0.45,1.0,0.45
989,0.0025,1.0,1389,12,6.678270749139205,59701,0.32,1.0,0.32
990,0.0025,1.0,1469,8,2.249403951229888,12995,0.17,1.0,0.17
991,0.0025,0.75,1560,6,1.1510153681788298,7849,0.24,0.5833333333333334,0.14
992,0.0025,1.0,1562,7,2.4112394071096346,23006,0.37,1.0,0.37
993,0.0025,1.0,1567,7,1.4992028064471068,14811,0.2,1.0,0.2
994,0.0025,1.0,1759,8,1.943404196593431,18850,0.37,1.0,0.37
995,0.0025,1.0,1730,7,1.4737415216011227,18585,0.35,1.0,0.35
996,0.0025,1.0,1517,10,3.3065277763896668,25681,0.21,1.0,0.21
997,0.0025,1.0,1612,8,2.5147447955470446,19693,0.47,1.0,0.47
998,0.0025,1.0,1591,7,1.4335350362128896,14599,0.27,1.0,0.27
999,0.0025,1.0,1639,9,2.3674758154368,26279,0.26,1.0,0.26
1000,0.002,,546,4,0.48884662346200797,1807,0.0,,
1001,0.002,1.0,1698,10,3.479281035958608,26471,0.25,1.0,0.25
1002,0.002,1.0,1704,8,1.2093551626661379,15063,0.29,1.0,0.29
1003,0.002,1.0,1565,12,7.7671777807265565,40566,0.35,1.0,0.35
1004,0.002,1.0,1444,11,6.035210652926237,31699,0.33,1.0,0.33
1005,0.002,1.0,1508,8,1.997284157350013,16656,0.38,1.0,0.38
1006,0.002,1.0,1535,8,1.8247136839648166,15259,0.39,1.0,0.39
1007,0.002,1.0,1551,11,8.658411764877052,42788,0.4,1.0,0.4
1008,0.002,1.0,1556,8,2.8755311556228147,19842,0.33,1.0,0.33
1009,0.002,1.0,1488,11,2.808633946120939,18698,0.09,1.0,0.09
1010,0.002,1.0,1574,8,2.355983670477534,32561,0.32,1.0,0.32
1011,0.002,,386,4,0.7443152836317753,1564,0.0,,
1012,0.002,1.0,1281,8,3.008328656195973,17111,0.3,1.0,0.3
1013,0.002,1.0,1467,9,3.5099384830274216,27087,0.33,1.0,0.33
1014,0.002,1.0,1438,10,2.704122748137674,27266,0.09,1.0,0.09
1015,0.002,1.0,1588,7,1.4135994771872162,12080,0.4,1.0,0.4
1016,0.002,1.0,1596,8,1.2950652791125685,10705,0.46,1.0,0.46
1017,0.002,1.0,1420,8,2.2300614957349736,14502,0.23,1.0,0.23
1018,0.002,,1390,9,2.7930691993168053,21375,0.0,,
1019,0.002,1.0,1592,7,1.2741782877957628,21189,0.33,1.0,0.33
1020,0.002,1.0,1197,11,6.074908798032396,37397,0.15,1.0,0.15
1021,0.002,1.0,1586,6,1.0199745884942168,10886,0.34,1.0,0.34
1022,0.002,1.0,1574,5,0.7520222193877962,6597,0.19,1.0,0.19
1023,0.002,0.8181818181818182,1504,8,1.9635577290346309,13165,0.27,0.7777777777777778,0.21000000000000002
1024,0.002,1.0,1416,7,1.296458552778576,10408,0.23,1.0,0.23
1025,0.002,1.0,1514,10,2.040460763390216,14290,0.11,1.0,0.11
1026,0.002,,233,5,0.9276280646171415,1032,0.0,,
1027,0.002,1.0,1513,7,0.895935599337576,8996,0.29,1.0,0.29
1028,0.002,1.0,1305,8,2.9126149058293334,18448,0.27,1.0,0.27
1029,0.002,1.0,1330,10,4.139951947538018,33273,0.32,1.0,0.32
1030,0.002,1.0,1597,8,2.028015114438508,25616,0.4,1.0,0.4
1031,0.002,,895,7,1.0167148341187853,6094,0.0,,
1032,0.002,0.8032786885245902,1483,5,0.7212303612667549,6326,0.31,0.6129032258064516,0.19
1033,0.002,1.0,1709,10,2.443775954991319,20335,0.24,1.0,0.24
1034,0.002,1.0,1459,11,4.473581527715989,28663,0.3,1.0,0.3
1035,0.002,1.0,1760,8,2.187474173553719,17492,0.21,1.0,0.21
1036,0.002,1.0,1298,10,3.454569196179497,21546,0.39,1.0,0.39
1037,0.002,1.0,1834,10,5.345299141741656,54471,0.31,1.0,0.31
1038,0.002,1.0,1499,8,2.524737639191082,18496,0.41,1.0,0.41
1039,0.002,1.0,1607,10,3.6240328463408185,33103,0.23,1.0,0.23
1040,0.002,1.0,1697,9,2.1138318548209276,17753,0.21,1.0,0.21
1041,0.002,1.0,1437,8,2.461516855700982,18001,0.25,1.0,0.25
1042,0.002,1.0,1426,10,3.4552539592304017,25376,0.23,1.0,0.23
1043,0.002,,1294,9,2.7995032357163847,16977,0.0,,
1044,0.002,1.0,1138,11,4.009149496078898,27517,0.34,1.0,0.34
1045,0.002,1.0,1637,7,1.4818523536916801,19754,0.23,1.0,0.23
1046,0.002,1.0,1627,10,3.366812875383104,23407,0.3,1.0,0.3
1047,0.002,1.0,1258,15,10.529250633781635,52811,0.24,1.0,0.24
1048,0.002,1.0,1442,13,6.8900317597111425,36404,0.28,1.0,0.28
1049,0.002,0.9736842105263158,1469,8,2.399746798019056,12981,0.21,0.9523809523809523,0.19999999999999998
1050,0.002,1.0,1620,12,7.41846364883402,44446,0.4,1.0,0.4
1051,0.002,1.0,1466,10,2.730573304124968,24984,0.33,1.0,0.33
1052,0.002,1.0,1443,8,1.3478157511421545,10179,0.43,1.0,0.43
1053,0.002,1.0,1587,9,2.6700408049173956,29886,0.16,1.0,0.16
1054,0.002,1.0,1575,10,2.429894079113127,26967,0.27,1.0,0.27
1055,0.002,1.0,1334,7,2.0684513440431207,15989,0.4,1.0,0.4
1056,0.002,1.0,1479,11,5.247619478651082,32102,0.43,1.0,0.43
1057,0.002,1.0,1430,8,1.936073157611619,14478,0.34,1.0,0.34
1058,0.002,1.0,1633,10,3.211572103083636,25625,0.3,1.0,0.3
1059,0.002,1.0,1349,10,3.6965349507995655,31142,0.4,1.0,0.4
1060,0.002,,1010,8,1.3843436917949221,7049,0.0,,
1061,0.002,1.0,1608,9,1.7355940292319496,11823,0.43,1.0,0.43
1062,0.002,1.0,1361,12,5.396736310823016,47049,0.48,1.0,0.48
1063,0.002,1.0,1508,10,5.89952613470861,37000,0.4,1.0,0.4
1064,0.002,1.0,1670,9,2.0068041163182615,21020,0.37,1.0,0.37
1065,0.002,1.0,1768,9,4.800837155258901,35526,0.23,1.0,0.23
1066,0.002,1.0,1655,10,2.898580334243024,24851,0.35,1.0,0.35
1067,0.002,1.0,1589,8,3.596436482567177,33587,0.5,1.0,0.5
1068,0.002,1.0,1442,8,2.0929361093103465,16726,0.28,1.0,0.28
1069,0.002,1.0,1458,9,3.571098673229954,31089,0.26,1.0,0.26
1070,0.002,1.0,1516,10,3.3949721005840954,31469,0.23,1.0,0.23
1071,0.002,1.0,1405,10,4.999143374577322,31182,0.24,1.0,0.24
1072,0.002,1.0,1303,6,1.3037049514992558,9661,0.23,1.0,0.23
1073,0.002,1.0,1542,8,1.9683185547430277,17489,0.15,1.0,0.15
1074,0.002,1.0,1533,9,1.5955872309516788,10009,0.38,1.0,0.38
1075,0.002,1.0,1449,9,2.7775572596888645,30699,0.27,1.0,0.27
1076,0.002,1.0,1508,10,4.06185358019827,45657,0.26,1.0,0.26
1077,0.002,1.0,1528,10,3.751123872700858,34136,0.54,1.0,0.54
1078,0.002,1.0,1544,7,1.58992481341781,15541,0.19,1.0,0.19
1079,0.002,1.0,1447,9,4.322839380287314,35823,0.3,1.0,0.3
1080,0.002,1.0,1548,10,3.696947883073266,32307,0.48,1.0,0.48
1081,0.002,1.0,1413,9,3.1622017571143295,27583,0.22,1.0,0.22
1082,0.002,1.0,1725,8,3.174729342575089,28020,0.3,1.0,0.3
1083,0.002,0.782608695652174,1250,9,1.7403673600000003,7280,0.25,0.6,0.15
1084,0.002,1.0,1637,7,1.4750958011679365,13905,0.28,1.0,0.28
1085,0.002,1.0,1712,9,2.6155474140754653,29837,0.21,1.0,0.21
1086,0.002,1.0,1416,11,3.7057339046889464,28988,0.27,1.0,0.27
1087,0.002,1.0,1583,10,2.7973593403379007,26247,0.24,1.0,0.24
1088,0.002,1.0,1577,8,2.48501826952036,32257,0.22,1.0,0.22
1089,0.002,,822,9,2.417745573374536,10856,0.0,,
1090,0.002,1.0,1516,11,5.044959308275493,37012,0.37,1.0,0.37
1091,0.002,1.0,1519,12,6.466414228202695,44924,0.37,1.0,0.37
1092,0.002,1.0,1381,11,3.782030987420569,38323,0.19,1.0,0.19
1093,0.002,1.0,1331,8,2.280718530155044,17148,0.44,1.0,0.44
1094,0.002,1.0,1502,11,3.9714362208577643,23500,0.41,1.0,0.41
1095,0.002,1.0,1695,8,1.631679501570644,13407,0.31,1.0,0.31
1096,0.002,1.0,1484,9,3.4425330206842437,29945,0.31,1.0,0.31
1097,0.002,1.0,1436,12,5.661241765659795,30470,0.48,1.0,0.48
1098,0.002,1.0,1392,8,1.9876629797529395,19037,0.15,1.0,0.15
1099,0.002,1.0,1409,10,4.615869491522862,42746,0.26,1.0,0.26
1100,0.0015,1.0,1281,7,1.4833161787513536,9969,0.19,1.0,0.19
1101,0.0015,1.0,1201,7,1.7701249513831452,12519,0.12,1.0,0.12
1102,0.0015,1.0,1661,9,2.5560202702433306,15727,0.26,1.0,0.26
1103,0.0015,1.0,1346,11,4.095629226655833,28903,0.34,1.0,0.34
1104,0.0015,,1154,12,9.859201961979881,33433,0.0,,
1105,0.0015,1.0,1538,11,3.1180873442787065,33247,0.39,1.0,0.39
1106,0.0015,1.0,1417,8,2.8668268016807703,24702,0.13,1.0,0.13
1107,0.0015,1.0,1313,10,3.798804966910658,25282,0.27,1.0,0.27
1108,0.0015,1.0,1417,11,5.8008126943272265,51741,0.33,1.0,0.33
1109,0.0015,1.0,1422,12,8.379151410129351,41572,0.42,1.0,0.42
1110,0.0015,1.0,1514,13,6.6023254555893125,46400,0.2,1.0,0.2
1111,0.0015,1.0,1594,10,4.6812072876801185,38820,0.48,1.0,0.48
1112,0.0015,1.0,1383,8,1.9023416770839379,13924,0.11,1.0,0.11
1113,0.0015,,1127,8,1.7556027773556862,7098,0.0,,
1114,0.0015,1.0,1251,10,2.8215010725232763,18303,0.25,1.0,0.25
1115,0.0015,1.0,1250,12,5.87433024,30645,0.19,1.0,0.19
1116,0.0015,,286,4,0.4667343146364126,783,0.0,,
1117,0.0015,1.0,1146,8,1.8611735484833807,24079,0.14,1.0,0.14
1118,0.0015,1.0,1546,9,3.685098547518196,43403,0.37,1.0,0.37
1119,0.0015,,591,9,2.9439620248453244,6734,0.0,,
1120,0.0015,1.0,1289,8,2.8945610678408515,15762,0.41,1.0,0.41
1121,0.0015,1.0,1404,9,2.233829270866308,24776,0.27,1.0,0.27
1122,0.0015,1.0,1202,9,3.455737940924859,19280,0.19,1.0,0.19
1123,0.0015,1.0,1385,9,2.6658582804415545,25589,0.37,1.0,0.37
1124,0.0015,1.0,1360,9,3.648611051038062,23249,0.31,1.0,0.31
1125,0.0015,1.0,1778,9,2.4079003974334476,29869,0.36,1.0,0.36
1126,0.0015,1.0,1443,11,6.953342275587597,37942,0.28,1.0,0.28
1127,0.0015,1.0,1189,10,6.166612789935213,38730,0.37,1.0,0.37
1128,0.0015,,645,7,1.5235622859203173,4612,0.0,,
1129,0.0015,1.0,1452,8,2.7379087645804403,25450,0.47,1.0,0.47
1130,0.0015,1.0,1594,9,2.4260176571805503,28193,0.23,1.0,0.23
1131,0.0015,1.0,1422,11,4.781726674064974,39749,0.16,1.0,0.16
1132,0.0015,1.0,1241,10,4.999104592550652,33227,0.19,1.0,0.19
1133,0.0015,,1251,10,3.5980424293658593,19151,0.0,,
1134,0.0015,,838,7,1.9852017247566376,8142,0.0,,
1135,0.0015,1.0,1308,8,2.194238115946095,19139,0.31,1.0,0.31
1136,0.0015,1.0,1735,8,2.360373726216479,25143,0.45,1.0,0.45
1137,0.0015,,711,9,2.5214264095853585,9894,0.0,,
1138,0.0015,1.0,1404,11,4.574781759076631,38501,0.2,1.0,0.2
1139,0.0015,1.0,1386,9,4.12344481716776,30045,0.44,1.0,0.44
1140,0.0015,1.0,1374,9,2.9366552676129154,26075,0.15,1.0,0.15
1141,0.0015,1.0,1134,11,6.273869401441418,27926,0.36,1.0,0.36
1142,0.0015,1.0,1037,9,3.6907889291954667,15252,0.17,1.0,0.17
1143,0.0015,1.0,1061,12,9.69009194995918,39796,0.41,1.0,0.41
1144,0.0015,1.0,1531,10,5.470598700234348,38109,0.27,1.0,0.27
1145,0.0015,1.0,1425,10,2.4718005540166206,17544,0.3,1.0,0.3
1146,0.0015,1.0,1372,9,2.4340171824664893,17367,0.15,1.0,0.15
1147,0.0015,1.0,1389,11,6.654591952298245,56572,0.42,1.0,0.42
1148,0.0015,1.0,1461,9,3.0185648208661333,21426,0.22,1.0,0.22
1149,0.0015,,949,8,3.083834017506088,20296,0.0,,
1150,0.0015,,906,7,3.019935772797489,14166,0.0,,
1151,0.0015,1.0,1545,12,6.65957415611483,48366,0.24,1.0,0.24
1152,0.0015,1.0,1336,7,1.1021544112374058,9075,0.35,1.0,0.35
1153,0.0015,1.0,1548,10,3.4665885463613972,28902,0.45,1.0,0.45
1154,0.0015,1.0,1233,9,2.480659927158586,32568,0.23,1.0,0.23
1155,0.0015,1.0,1329,11,5.8990409576043135,44657,0.35,1.0,0.35
1156,0.0015,1.0,1436,8,1.8082572295373254,11284,0.16,1.0,0.16
1157,0.0015,1.0,1203,10,3.042702194361699,13017,0.25,1.0,0.25
1158,0.0015,1.0,1240,9,3.998526925078044,17509,0.3,1.0,0.3
1159,0.0015,1.0,1255,10,5.605032301074587,40266,0.32,1.0,0.32
1160,0.0015,1.0,1509,12,5.387882995817892,42819,0.21,1.0,0.21
1161,0.0015,1.0,1523,9,1.8491366135107603,14190,0.29,1.0,0.29
1162,0.0015,1.0,1466,12,6.669139420311973,41887,0.15,1.0,0.15
1163,0.0015,,345,6,1.1219155639571519,1840,0.0,,
1164,0.0015,1.0,1307,10,3.3263909418357627,22064,0.04,1.0,0.04
1165,0.0015,1.0,1344,10,5.323660714285714,39096,0.26,1.0,0.26
1166,0.0015,1.0,1448,8,1.7875899507035804,15989,0.28,1.0,0.28
1167,0.0015,1.0,1585,11,2.4378532973758325,18117,0.4,1.0,0.4
1168,0.0015,,687,9,3.8684023738847255,11345,0.0,,
1169,0.0015,1.0,1276,14,8.855927123357672,61708,0.12,1.0,0.12
1170,0.0015,,378,5,0.8410178886369362,1854,0.0,,
1171,0.0015,1.0,1731,8,1.8890560917059056,19565,0.37,1.0,0.37
1172,0.0015,,1099,6,1.2141370970880137,8463,0.0,,
1173,0.0015,1.0,1221,10,3.4414910778547143,21721,0.2,1.0,0.2
1174,0.0015,,598,8,2.9717145222089245,5707,0.0,,
1175,0.0015,1.0,1320,10,5.5474632690541785,29990,0.07,1.0,0.07
1176,0.0015,1.0,1592,8,1.964773616827858,21526,0.19,1.0,0.19
1177,0.0015,1.0,1111,7,1.7982194259029864,11284,0.1,1.0,0.1
1178,0.0015,1.0,1381,11,5.176862362432956,51035,0.16,1.0,0.16
1179,0.0015,1.0,1284,12,2.7930890373734725,27723,0.38,1.0,0.38
1180,0.0015,1.0,1450,7,1.4108922711058265,11269,0.35,1.0,0.35
1181,0.0015,,467,5,0.8552838520053738,1932,0.0,,
1182,0.0015,1.0,1396,9,3.150126025237888,18570,0.33,1.0,0.33
1183,0.0015,1.0,1350,11,5.258217283950618,21721,0.28,1.0,0.28
1184,0.0015,1.0,1142,11,5.724409660134768,29807,0.26,1.0,0.26
1185,0.0015,1.0,1133,9,3.624658308982939,17490,0.29,1.0,0.29
1186,0.0015,1.0,1784,8,2.2125039589575497,24675,0.29,1.0,0.29
1187,0.0015,1.0,1359,8,2.8868627702596976,25924,0.26,1.0,0.26
1188,0.0015,1.0,1407,10,4.217306199230268,31486,0.16,1.0,0.16
1189,0.0015,1.0,1296,9,2.7995250104785856,15771,0.38,1.0,0.38
1190,0.0015,1.0,1503,9,3.021254895398823,28661,0.23,1.0,0.23
1191,0.0015,1.0,1395,9,2.56727945427217,22557,0.41,1.0,0.41
1192,0.0015,1.0,1661,8,1.9367651339056102,21211,0.4,1.0,0.4
1193,0.0015,1.0,1352,7,1.251526885438185,8823,0.14,1.0,0.14
1194,0.0015,1.0,1552,8,2.211657389201828,23972,0.18,1.0,0.18
1195,0.0015,1.0,1608,9,2.7480689679710903,24973,0.33,1.0,0.33
1196,0.0015,1.0,1199,11,5.065907717092572,23485,0.18,1.0,0.18
1197,0.0015,1.0,1356,9,4.059903651203871,32525,0.19,1.0,0.19
1198,0.0015,1.0,1389,10,2.913764998152199,21017,0.23,1.0,0.23
1199,0.0015,1.0,1526,9,2.830745453639751,26723,0.43,1.0,0.43
1200,0.001,1.0,1309,10,3.3996711956537604,23564,0.2,1.0,0.2
1201,0.001,1.0,1099,8,2.5903323477957048,17253,0.2,1.0,0.2
1202,0.001,,173,6,1.740719703297805,1226,0.0,,
1203,0.001,,659,7,2.7314664928928507,7232,0.0,,
1204,0.001,,531,6,1.6938583704838615,3842,0.0,,
1205,0.001,1.0,1084,12,6.386081174003622,29081,0.07,1.0,0.07
1206,0.001,1.0,1172,13,9.920240771587322,44404,0.41,1.0,0.41
1207,0.001,1.0,1316,12,9.05551731783705,50938,0.26,1.0,0.26
1208,0.001,,180,4,0.6272839506172839,506,0.0,,
1209,0.001,1.0,1247,10,5.7692887951130825,31136,0.24,1.0,0.24
1210,0.001,1.0,1051,10,6.358808293673462,30785,0.07,1.0,0.07
1211,0.001,1.0,1109,10,3.7664863511185223,26495,0.11,1.0,0.11
1212,0.001,1.0,1296,11,4.817205837524767,31172,0.15,1.0,0.15
1213,0.001,1.0,1085,8,2.324802820191552,12608,0.34,1.0,0.34
1214,0.001,1.0,1533,9,2.4710953500058936,22091,0.3,1.0,0.3
1215,0.001,,558,6,0.9127612697678601,2199,0.0,,
1216,0.001,1.0,900,16,18.504266666666666,48910,0.24,1.0,0.24
1217,0.001,,747,10,5.054438190065035,11538,0.0,,
1218,0.001,1.0,1306,11,2.8520628082427906,16615,0.17,1.0,0.17
1219,0.001,1.0,1122,6,1.0366872563317988,9427,0.2,1.0,0.2
1220,0.001,1.0,1096,9,5.0168221202514784,21311,0.32,1.0,0.32
1221,0.001,,668,8,2.2241273441141667,8335,0.0,,
1222,0.001,1.0,1080,10,5.90358024691358,25226,0.13,1.0,0.13
1223,0.001,1.0,775,13,8.981727367325702,26037,0.1,1.0,0.1
1224,0.001,1.0,791,18,14.68646163140642,69184,0.14,1.0,0.14
1225,0.001,1.0,1319,13,5.376920163171838,41024,0.16,1.0,0.16
1226,0.001,,833,8,2.356327885295775,9818,0.0,,
1227,0.001,1.0,1288,9,2.6347845376335792,17220,0.39,1.0,0.39
1228,0.001,1.0,917,14,11.499103924537005,35482,0.1,1.0,0.1
1229,0.001,1.0,1299,13,6.515238523623015,52055,0.22,1.0,0.22
1230,0.001,1.0,1152,8,2.696973259066358,15210,0.31,1.0,0.31
1231,0.001,1.0,856,12,10.223522523801204,38603,0.3,1.0,0.3
1232,0.001,1.0,1135,11,6.380022123464457,33903,0.37,1.0,0.37
1233,0.001,,658,6,1.135281455271108,4040,0.0,,
1234,0.001,,1094,9,3.4098381064740697,12543,0.0,,
1235,0.001,1.0,1076,11,7.511950498196542,30306,0.11,1.0,0.11
1236,0.001,,947,7,1.890386916277602,11351,0.0,,
1237,0.001,,829,12,9.065489398915373,26260,0.0,,
1238,0.001,1.0,1114,8,2.506220003932325,11017,0.12,1.0,0.12
1239,0.001,,1011,7,1.5974214403187101,10014,0.0,,
1240,0.001,,702,6,1.4432756227628025,4724,0.0,,
1241,0.001,1.0,1143,16,12.450754679287137,47064,0.13,1.0,0.13
1242,0.001,1.0,1594,9,2.4757414488774563,19287,0.34,1.0,0.34
1243,0.001,1.0,1111,8,1.4676830419315559,10647,0.17,1.0,0.17
1244,0.001,1.0,1411,7,1.1965185961673015,8725,0.18,1.0,0.18
1245,0.001,1.0,1574,8,2.4291157613635814,29248,0.24,1.0,0.24
1246,0.001,1.0,1175,10,3.644252421910367,23098,0.1,1.0,0.1
1247,0.001,,694,8,2.557840360770374,6392,0.0,,
1248,0.001,1.0,1335,11,5.730587327638205,49136,0.26,1.0,0.26
1249,0.001,1.0,1213,13,5.87063748114851,25706,0.22,1.0,0.22
1250,0.001,1.0,1203,13,9.895482960650464,50636,0.22,1.0,0.22
1251,0.001,1.0,1045,9,2.9671793228177017,10306,0.05,1.0,0.05
1252,0.001,1.0,869,10,6.5812694246657335,23222,0.27,1.0,0.27
1253,0.001,1.0,1066,12,7.9835482894445065,33633,0.23,1.0,0.23
1254,0.001,1.0,1040,11,3.87066475591716,14163,0.2,1.0,0.2
1255,0.001,1.0,1130,14,6.224159292035399,27927,0.23,1.0,0.23
1256,0.001,,677,8,2.5521230382541797,7749,0.0,,
1257,0.001,1.0,1131,14,12.67845877102257,52261,0.39,1.0,0.39
1258,0.001,,169,5,0.9202058751444276,603,0.0,,
1259,0.001,1.0,924,13,8.102617079889807,23296,0.13,1.0,0.13
1260,0.001,1.0,1285,9,2.6519668730790777,19455,0.19,1.0,0.19
1261,0.001,,653,15,12.370156352234591,31239,0.0,,
1262,0.001,1.0,1103,12,9.504641178883272,56212,0.39,1.0,0.39
1263,0.001,,1047,8,1.9939427609151172,9517,0.0,,
1264,0.001,1.0,1258,7,1.930965825078796,17271,0.17,1.0,0.17
1265,0.001,1.0,848,8,3.759988819419722,9629,0.41,1.0,0.41
1266,0.001,1.0,1062,10,5.6884613474913195,27999,0.06,1.0,0.06
1267,0.001,1.0,1338,13,6.867513031743159,44176,0.2,1.0,0.2
1268,0.001,1.0,1281,14,15.843730594450445,79600,0.33,1.0,0.33
1269,0.001,,730,6,0.9234922124225932,3249,0.0,,
1270,0.001,,397,6,0.8386323116065706,1941,0.0,,
1271,0.001,1.0,1074,9,2.844487444905659,14318,0.3,1.0,0.3
1272,0.001,,1228,11,4.678861314178399,19784,0.0,,
1273,0.001,1.0,1226,10,5.173213463590664,32279,0.04,1.0,0.04
1274,0.001,1.0,756,11,6.91060405643739,16495,0.01,0.0,0.0
1275,0.001,,867,6,1.0247748736512043,5083,0.0,,
1276,0.001,,277,4,0.38444395209112586,687,0.0,,
1277,0.001,1.0,1425,12,4.812097753154817,45775,0.12,1.0,0.12
1278,0.001,,841,6,1.3039400181823066,5228,0.0,,
1279,0.001,1.0,1069,9,3.1221366497456597,15488,0.21,1.0,0.21
1280,0.001,1.0,962,12,8.406702080298754,34158,0.24,1.0,0.24
1281,0.001,,355,5,0.862717714739139,1351,0.0,,
1282,0.001,,795,12,7.478137731893518,20486,0.0,,
1283,0.001,1.0,1411,9,2.88550474880721,20756,0.22,1.0,0.22
1284,0.001,1.0,1372,9,2.522711625258183,14914,0.41,1.0,0.41
1285,0.001,1.0,1151,9,4.648317747344695,24895,0.16,1.0,0.16
1286,0.001,1.0,1120,7,1.5571141581632655,10402,0.38,1.0,0.38
1287,0.001,,215,4,0.5850946457544619,673,0.0,,
1288,0.001,1.0,1369,13,8.255598104965367,46180,0.26,1.0,0.26
1289,0.001,,575,5,0.9179584120982986,3267,0.0,,
1290,0.001,,373,6,1.1854897253627927,2040,0.0,,
1291,0.001,1.0,1472,12,6.631187511076323,34471,0.2,1.0,0.2
1292,0.001,1.0,978,12,5.419595100388507,20630,0.16,1.0,0.16
1293,0.001,1.0,1345,9,2.5215074418540375,23806,0.17,1.0,0.17
1294,0.001,1.0,920,13,11.116293714555765,35553,0.17,1.0,0.17
1295,0.001,1.0,1072,14,6.714270299621297,22408,0.13,1.0,0.13
1296,0.001,1.0,1199,10,4.281886281381274,20800,0.21,1.0,0.21
1297,0.001,1.0,1343,10,2.5284176688479856,15821,0.15,1.0,0.15
1298,0.001,1.0,1208,9,3.6552344195430027,23936,0.07,1.0,0.07
1299,0.001,,1028,9,3.3542019939741703,17517,0.0,,
1300,0.0005,1.0,678,9,4.6665535454790685,12830,0.08,1.0,0.08
1301,0.0005,,793,9,3.5872331831647974,10821,0.0,,
1302,0.0005,1.0,1353,9,3.855134548120325,21920,0.2,1.0,0.2
1303,0.0005,,177,6,1.3335886877972485,997,0.0,,
1304,0.0005,,130,3,0.3340236686390533,279,0.0,,
1305,0.0005,,377,7,2.6715448641726884,3665,0.0,,
1306,0.0005,1.0,692,10,3.790153362959003,10726,0.18,1.0,0.18
1307,0.0005,1.0,1153,11,5.4128187788709115,32163,0.37,1.0,0.37
1308,0.0005,,181,5,0.9446598089191416,769,0.0,,
1309,0.0005,1.0,901,16,9.13722205318791,27662,0.14,1.0,0.14
1310,0.0005,1.0,982,10,4.195234174406112,16845,0.16,1.0,0.16
1311,0.0005,,169,3,0.4027870172613004,432,0.0,,
1312,0.0005,,287,4,0.4370576309048307,800,0.0,,
1313,0.0005,1.0,1017,8,2.5142489188224957,11692,0.17,1.0,0.17
1314,0.0005,,364,10,4.816349172805217,4617,0.0,,
1315,0.0005,,378,9,4.137314184933232,6300,0.0,,
1316,0.0005,,606,8,2.22963162652899,4835,0.0,,
1317,0.0005,,431,8,2.181771200628765,3924,0.0,,
1318,0.0005,,756,5,1.263164525069287,5650,0.0,,
1319,0.0005,1.0,1044,7,2.610931284038696,12038,0.16,1.0,0.16
1320,0.0005,,233,5,0.7131094696899924,846,0.0,,
1321,0.0005,1.0,1019,14,13.558475327944713,60579,0.2,1.0,0.2
1322,0.0005,,235,4,0.7494069714803079,881,0.0,,
1323,0.0005,,281,5,0.8085510568508503,1000,0.0,,
1324,0.0005,,290,6,0.8254458977407849,1208,0.0,,
1325,0.0005,,157,5,0.6861130268976429,509,0.0,,
1326,0.0005,1.0,783,8,2.3995472109269618,7199,0.25,1.0,0.25
1327,0.0005,1.0,1016,13,10.4095021002542,33795,0.11,1.0,0.11
1328,0.0005,,305,4,0.6222413329750067,1308,0.0,,
1329,0.0005,,368,7,1.667533081285444,2250,0.0,,
1330,0.0005,,941,9,2.742008015982274,11456,0.0,,
1331,0.0005,,436,8,2.673785876609713,5150,0.0,,
1332,0.0005,,567,10,4.56370824507215,9593,0.0,,
1333,0.0005,,724,11,7.148673346356949,22553,0.0,,
1334,0.0005,,823,9,2.9089349488948506,10869,0.0,,
1335,0.0005,,426,9,4.592320747647072,6610,0.0,,
1336,0.0005,,1016,9,3.1313317626635255,15796,0.0,,
1337,0.0005,,332,6,1.6333284947016984,1776,0.0,,
1338,0.0005,,344,7,3.117597349918875,3696,0.0,,
1339,0.0005,,369,7,2.900448733484625,3721,0.0,,
1340,0.0005,,254,5,1.2599200198400398,1649,0.0,,
1341,0.0005,,328,8,2.9109161213563355,3788,0.0,,
1342,0.0005,,430,4,0.6669767441860466,1680,0.0,,
1343,0.0005,1.0,1192,9,4.129003198054141,22458,0.06,1.0,0.06
1344,0.0005,,305,5,0.6657350174684225,1546,0.0,,
1345,0.0005,,344,6,1.849242833964305,2534,0.0,,
1346,0.0005,1.0,1095,8,2.5579500010425136,16422,0.24,1.0,0.24
1347,0.0005,1.0,866,9,3.7109430419917966,17668,0.11,1.0,0.11
1348,0.0005,,802,10,2.7202520506713266,9599,0.0,,
1349,0.0005,,340,4,0.5387110726643599,1025,0.0,,
1350,0.0005,1.0,633,15,14.925051598621375,34196,0.04,1.0,0.04
1351,0.0005,,374,5,0.7372529955103092,1732,0.0,,
1352,0.0005,,687,6,1.3127048598530835,4755,0.0,,
1353,0.0005,,549,8,3.4177192510973757,7240,0.0,,
1354,0.0005,,386,7,1.1049692609197561,2160,0.0,,
1355,0.0005,1.0,664,12,8.747858905501525,21814,0.02,1.0,0.02
1356,0.0005,1.0,1096,10,3.008983396824551,14959,0.31,1.0,0.31
1357,0.0005,,273,5,1.1622053160514698,1466,0.0,,
1358,0.0005,,364,7,1.7537963410216157,2713,0.0,,
1359,0.0005,,282,5,0.8125345807554952,1166,0.0,,
1360,0.0005,,987,11,6.713543543266106,35485,0.0,,
1361,0.0005,,1123,11,6.022088144828959,35918,0.0,,
1362,0.0005,,151,7,1.68115433533617,788,0.0,,
1363,0.0005,1.0,854,11,6.321233868446601,24463,0.06,1.0,0.06
1364,0.0005,1.0,1102,13,8.277370627896483,31844,0.27,1.0,0.27
1365,0.0005,1.0,1126,9,3.290817871779259,20073,0.05,1.0,0.05
1366,0.0005,,888,10,2.7273240301111925,9077,0.0,,
1367,0.0005,,188,6,2.174173834314169,1356,0.0,,
1368,0.0005,1.0,1050,10,6.87140589569161,31359,0.26,1.0,0.26
1369,0.0005,1.0,874,14,10.485204404903413,39228,0.24,1.0,0.24
1370,0.0005,1.0,1011,10,5.394825074526402,24188,0.15,1.0,0.15
1371,0.0005,1.0,895,9,5.339641084860022,20133,0.21,1.0,0.21
1372,0.0005,,871,11,6.128943729642875,23708,0.0,,
1373,0.0005,,563,6,1.7078452466960492,4990,0.0,,
1374,0.0005,,980,10,6.902185547688465,23001,0.0,,
1375,0.0005,,181,5,1.0386740331491713,912,0.0,,
1376,0.0005,,613,9,4.580468319632541,9171,0.0,,
1377,0.0005,1.0,1240,9,3.426742325702394,21173,0.36,1.0,0.36
1378,0.0005,,645,10,3.298085451595457,8466,0.0,,
1379,0.0005,1.0,737,16,21.827063031947702,45932,0.13,1.0,0.13
1380,0.0005,1.0,780,6,1.7597633136094673,5808,0.05,1.0,0.05
1381,0.0005,,643,8,2.433393235925108,8888,0.0,,
1382,0.0005,1.0,1362,12,6.041456698601219,40114,0.47,1.0,0.47
1383,0.0005,,498,11,5.617344881534168,8738,0.0,,
1384,0.0005,1.0,872,8,2.5361080717111357,12070,0.19,1.0,0.19
1385,0.0005,,449,7,3.4254294373539818,5706,0.0,,
1386,0.0005,1.0,1117,11,5.246629568746699,33258,0.12,1.0,0.12
1387,0.0005,,476,8,2.162148683002613,4317,0.0,,
1388,0.0005,,192,4,0.3936360677083333,481,0.0,,
1389,0.0005,,740,8,2.6118407596785973,7634,0.0,,
1390,0.0005,1.0,906,11,9.788217134726061,27905,0.13,1.0,0.13
1391,0.0005,,567,9,5.002367110538774,8393,0.0,,
1392,0.0005,,441,10,5.840323733423831,7001,0.0,,
1393,0.0005,,490,8,3.1603706788837984,5407,0.0,,
1394,0.0005,,647,7,1.687264248976969,4239,0.0,,
1395,0.0005,,222,6,1.0827246165084,915,0.0,,
1396,0.0005,,424,6,1.734692061231755,3094,0.0,,
1397,0.0005,,721,10,4.0870650833620275,12628,0.0,,
1398,0.0005,1.0,892,7,1.702461089102938,6999,0.1,1.0,0.1
1399,0.0005,,296,4,0.4658053323593864,786,0.0,,
1400,0.0,,274,8,5.20352709254622,3940,0.0,,
1401,0.0,,249,6,1.8466153771713356,2069,0.0,,
1402,0.0,,221,4,0.49163612538645807,641,0.0,,
1403,0.0,,263,6,2.1273113678092788,2040,0.0,,
1404,0.0,,212,4,0.4858268066927732,583,0.0,,
1405,0.0,,208,4,0.5547106139053254,681,0.0,,
1406,0.0,,198,4,0.5363993470054075,601,0.0,,
1407,0.0,,174,4,0.5931100541683181,557,0.0,,
1408,0.0,,182,5,1.03876343436783,802,0.0,,
1409,0.0,,335,7,2.7966674092225445,2767,0.0,,
1410,0.0,,268,5,1.1630095789708175,1252,0.0,,
1411,0.0,,259,5,0.6171046943247716,828,0.0,,
1412,0.0,,108,3,0.3342764060356653,215,0.0,,
1413,0.0,,290,5,1.1264684898929844,1288,0.0,,
1414,0.0,,244,4,0.3359815909701694,531,0.0,,
1415,0.0,,206,6,1.5835846922424357,1487,0.0,,
1416,0.0,,578,10,2.2001772009434757,5290,0.0,,
1417,0.0,,234,4,0.5299145299145299,774,0.0,,
1418,0.0,,224,4,0.5344188456632654,721,0.0,,
1419,0.0,,269,5,1.042799297964373,1438,0.0,,
1420,0.0,,198,4,0.5884348535863688,605,0.0,,
1421,0.0,,282,6,2.3681907348724915,1996,0.0,,
1422,0.0,,382,6,1.6818138208930675,3131,0.0,,
1423,0.0,,219,5,1.2774128979796087,1345,0.0,,
1424,0.0,,374,5,0.9406974749063456,1765,0.0,,
1425,0.0,,175,4,0.5744979591836735,738,0.0,,
1426,0.0,,252,5,1.5514455782312924,1411,0.0,,
1427,0.0,,178,5,0.7661911374826411,642,0.0,,
1428,0.0,,357,5,0.6297264003640672,1119,0.0,,
1429,0.0,,352,8,3.2670454545454546,3812,0.0,,
1430,0.0,,197,4,0.594655878791002,547,0.0,,
1431,0.0,1.0,499,10,5.173433038421532,6714,0.07,1.0,0.07
1432,0.0,,287,5,1.4844419623887626,1831,0.0,,
1433,0.0,,337,8,3.199059602532381,3147,0.0,,
1434,0.0,,257,5,0.6791624400066617,894,0.0,,
1435,0.0,,195,4,0.4219855358316897,493,0.0,,
1436,0.0,,200,4,0.4731,626,0.0,,
1437,0.0,,185,4,0.39865595325054787,428,0.0,,
1438,0.0,,251,5,0.9324296439739052,1048,0.0,,
1439,0.0,,305,7,1.8123085192152646,1938,0.0,,
1440,0.0,,647,7,1.7358871882831,4846,0.0,,
1441,0.0,,201,3,0.21162842503898416,351,0.0,,
1442,0.0,,178,5,0.7727559651559146,578,0.0,,
1443,0.0,,168,5,0.9126984126984129,718,0.0,,
1444,0.0,,255,5,0.9955555555555554,1343,0.0,,
1445,0.0,,194,5,0.5889308109257094,679,0.0,,
1446,0.0,,229,7,2.19744093362064,1684,0.0,,
1447,0.0,,190,4,0.8254847645429363,730,0.0,,
1448,0.0,,261,6,1.195167422674359,1340,0.0,,
1449,0.0,,191,4,0.38112990323730156,463,0.0,,
1450,0.0,,275,4,0.5824000000000001,1012,0.0,,
1451,0.0,,199,5,0.8466452867351835,696,0.0,,
1452,0.0,,236,4,0.5594656707842574,810,0.0,,
1453,0.0,,249,4,0.5149594361381269,696,0.0,,
1454,0.0,,232,7,2.2383880796670628,2139,0.0,,
1455,0.0,,195,5,1.407074293228139,1011,0.0,,
1456,0.0,,296,5,0.9416430788897006,1427,0.0,,
1457,0.0,,275,5,0.7634512396694214,1003,0.0,,
1458,0.0,,183,4,0.5532562931111707,623,0.0,,
1459,0.0,,363,9,2.659168696734436,3060,0.0,,
1460,0.0,,266,5,0.890963310531969,1297,0.0,,
1461,0.0,,316,5,0.844686348341612,1551,0.0,,
1462,0.0,,159,4,0.45947549543135174,463,0.0,,
1463,0.0,,371,5,0.8487441968599473,1666,0.0,,
1464,0.0,,296,5,1.0555035609934258,1549,0.0,,
1465,0.0,,277,8,2.2309947998800976,1718,0.0,,
1466,0.0,,253,8,4.444093799309472,3654,0.0,,
1467,0.0,,270,6,1.8047187928669408,1976,0.0,,
1468,0.0,,337,7,1.74149635904164,2328,0.0,,
1469,0.0,,254,4,0.30522661045322086,522,0.0,,
1470,0.0,,286,6,1.1769279671377575,1562,0.0,,
1471,0.0,,326,10,7.997101885656215,7400,0.0,,
1472,0.0,,231,8,2.466745375836285,1763,0.0,,
1473,0.0,,148,4,0.550173484295106,487,0.0,,
1474,0.0,,241,6,0.9501558168764312,982,0.0,,
1475,0.0,,435,7,2.16257894041485,3642,0.0,,
1476,0.0,,180,5,0.7188580246913581,587,0.0,,
1477,0.0,,418,11,7.504023488473249,8803,0.0,,
1478,0.0,,375,6,1.993784888888889,3119,0.0,,
1479,0.0,,209,6,1.7490899933609578,1378,0.0,,
1480,0.0,,210,6,2.2443537414965986,1624,0.0,,
1481,0.0,,260,5,1.1440236686390532,1386,0.0,,
1482,0.0,,96,3,0.31499565972222215,209,0.0,,
1483,0.0,,319,5,1.0812590285079744,1970,0.0,,
1484,0.0,,317,7,2.36682621978525,2820,0.0,,
1485,0.0,,304,5,0.6848597645429363,1262,0.0,,
1486,0.0,,315,15,13.051992945326278,9264,0.0,,
1487,0.0,,555,9,3.870043015988962,8149,0.0,,
1488,0.0,,241,4,0.6782941065064308,885,0.0,,
1489,0.0,,400,8,3.1597750000000002,4900,0.0,,
1490,0.0,,281,4,0.6136700396398221,972,0.0,,
1491,0.0,,239,4,0.4564695996218553,685,0.0,,
1492,0.0,,103,3,0.21755113582807065,179,0.0,,
1493,0.0,,190,5,0.5519113573407203,500,0.0,,
1494,0.0,,473,6,1.7384156725323938,3270,0.0,,
1495,0.0,,281,6,2.297184686110865,2224,0.0,,
1496,0.0,,269,5,0.670001796547864,874,0.0,,
1497,0.0,,299,5,0.6893882618762652,1019,0.0,,
1498,0.0,,336,8,3.445356788548753,3531,0.0,,
1499,0.0,,255,4,0.4143944636678201,693,0.0,,
