,mutate_in_host,mutant_frac,num_genomes,max_gen_distance,gen_variance,ssq_genomes,infected_hosts,mut_frac_inf_hosts,mut_frac_hosts
0,0.05,0.7591240875912408,10915,6,0.5762110373143239,43252,0.458,0.42358078602620086,0.194
1,0.045000000000000005,0.6919014084507042,9596,6,0.518436139328583,35081,0.502,0.30278884462151395,0.152
2,0.04,0.7486338797814208,8497,6,0.4935415664777338,28924,0.492,0.43902439024390244,0.216
3,0.035,0.6798418972332015,7624,5,0.46597616848104356,24416,0.462,0.2987012987012987,0.138
4,0.030000000000000002,0.6473029045643154,6256,5,0.40411292116090297,18500,0.49,0.30612244897959184,0.15
5,0.025,0.6595744680851063,5375,5,0.3992348382909681,15775,0.5,0.296,0.148
6,0.020000000000000004,0.5945945945945946,4397,4,0.36715710967362586,11324,0.498,0.27710843373493976,0.138
7,0.015,0.6122448979591837,3209,5,0.3237585238851349,7699,0.468,0.2692307692307692,0.126
8,0.010000000000000002,0.5969773299748111,2212,4,0.2855123622914957,4826,0.452,0.2920353982300885,0.132
9,0.0050000000000000044,0.46607669616519176,1130,3,0.1969801863889106,1972,0.448,0.19196428571428573,0.08600000000000001
10,0.05,0.8031496062992126,10580,6,0.5384134562126349,40380,0.514,0.5136186770428015,0.26399999999999996
11,0.045000000000000005,0.7742857142857142,9328,5,0.4902493442712179,32562,0.536,0.41044776119402987,0.22000000000000003
12,0.04,0.6179540709812108,8744,5,0.49339961727252096,30817,0.496,0.2620967741935484,0.13
13,0.035,0.684981684981685,7521,5,0.45876028792916157,24899,0.524,0.3435114503816794,0.18000000000000002
14,0.030000000000000002,0.6187739463601533,6418,5,0.4645133210088757,20068,0.542,0.2656826568265683,0.14400000000000002
15,0.025,0.7113594040968343,5227,5,0.3852280009658317,14362,0.496,0.375,0.186
16,0.020000000000000004,0.6024096385542169,4220,4,0.3518734978998675,10700,0.518,0.23552123552123552,0.12200000000000001
17,0.015,0.5814977973568282,3302,4,0.31091594727568156,7952,0.486,0.21810699588477367,0.106
18,0.010000000000000002,0.42819148936170215,2256,4,0.27347699279462806,4907,0.478,0.100418410041841,0.047999999999999994
19,0.0050000000000000044,0.43119266055045874,1201,3,0.21667206276201967,2217,0.574,0.13588850174216027,0.07799999999999999
20,0.05,0.7839195979899497,10587,6,0.5020950207695405,39619,0.474,0.45569620253164556,0.21599999999999997
21,0.045000000000000005,0.8295281582952816,9556,5,0.5434629049250953,35046,0.506,0.5573122529644269,0.28200000000000003
22,0.04,0.7384898710865562,8656,5,0.49264769866766217,30651,0.494,0.4251012145748988,0.21
23,0.035,0.6866267465069861,7415,5,0.47487485273649804,24164,0.476,0.3403361344537815,0.162
24,0.030000000000000002,0.7190226876090751,6438,4,0.4368619270039716,19487,0.516,0.375968992248062,0.194
25,0.025,0.5871559633027523,5445,4,0.39228650137741045,15141,0.488,0.26229508196721313,0.128
26,0.020000000000000004,0.6053719008264463,4322,5,0.37702971848988454,11550,0.506,0.2450592885375494,0.124
27,0.015,0.5381062355658198,3325,4,0.3124514444004748,7974,0.504,0.20634920634920634,0.104
28,0.010000000000000002,0.5204301075268817,2189,4,0.2836421402665139,4675,0.57,0.21754385964912282,0.124
29,0.0050000000000000044,0.4947089947089947,1098,3,0.2422752412898431,2118,0.498,0.23293172690763053,0.116
30,0.05,0.7473684210526316,10532,6,0.57077408924589,41006,0.48,0.4,0.192
31,0.045000000000000005,0.7203883495145631,9541,6,0.5257680759303558,35111,0.472,0.3898305084745763,0.184
32,0.04,0.7179902755267423,8434,5,0.4709816303567957,28337,0.544,0.3602941176470588,0.196
33,0.035,0.6793168880455408,7408,5,0.42537107088128406,22879,0.492,0.3130081300813008,0.154
34,0.030000000000000002,0.6732142857142858,6251,5,0.4656456950570519,20177,0.532,0.31203007518796994,0.166
35,0.025,0.6457960644007156,5440,4,0.3988489403114187,15854,0.534,0.25842696629213485,0.138
36,0.020000000000000004,0.6363636363636364,4421,4,0.34442911192550657,11899,0.498,0.27710843373493976,0.138
37,0.015,0.5514223194748359,3161,4,0.33847205157046373,7602,0.508,0.19291338582677164,0.09799999999999999
38,0.010000000000000002,0.6884875846501128,2162,4,0.2522187545194475,4234,0.466,0.40772532188841204,0.19000000000000003
39,0.0050000000000000044,0.3323615160349854,1081,3,0.16616676407992395,1700,0.51,0.10196078431372549,0.052
40,0.05,0.6840077071290944,10341,6,0.5658370333638215,38937,0.456,0.2807017543859649,0.128
41,0.045000000000000005,0.7909516380655226,9437,6,0.5379924618813379,35206,0.53,0.49433962264150944,0.262
42,0.04,0.734225621414914,8344,6,0.48242562559233865,28147,0.472,0.4110169491525424,0.194
43,0.035,0.6869747899159664,7528,5,0.45819163186448947,24851,0.456,0.34649122807017546,0.15800000000000003
44,0.030000000000000002,0.7211948790896159,6358,5,0.4327816649467383,19157,0.562,0.302491103202847,0.17000000000000004
45,0.025,0.577922077922078,5248,4,0.3709181604606633,14160,0.518,0.2471042471042471,0.128
46,0.020000000000000004,0.6728778467908902,4396,4,0.3604821386138941,11781,0.486,0.3497942386831276,0.17
47,0.015,0.4709976798143852,3263,5,0.32044555693630855,7969,0.522,0.12643678160919541,0.066
48,0.010000000000000002,0.48148148148148145,2114,3,0.2766070947479032,4454,0.588,0.14285714285714285,0.08399999999999999
49,0.0050000000000000044,0.3415384615384615,1127,3,0.2276902582336125,2148,0.468,0.08547008547008547,0.04
50,0.05,0.700381679389313,10493,5,0.5279955326214444,38763,0.496,0.36693548387096775,0.182
51,0.045000000000000005,0.7191201353637902,9146,5,0.485512637066871,32096,0.512,0.3515625,0.18
52,0.04,0.6756152125279642,8322,6,0.46547041539579626,28494,0.456,0.36403508771929827,0.166
53,0.035,0.7218543046357616,7409,5,0.43494751206436355,23513,0.51,0.3411764705882353,0.17400000000000002
54,0.030000000000000002,0.6442105263157895,6419,5,0.4196853762227008,19199,0.474,0.2869198312236287,0.13599999999999998
55,0.025,0.5522388059701493,5326,5,0.43079394700946994,16020,0.45,0.2,0.09000000000000001
56,0.020000000000000004,0.621832358674464,4330,5,0.3668284005995018,11403,0.522,0.2567049808429119,0.134
57,0.015,0.4745762711864407,3226,4,0.31908905056521153,7600,0.534,0.18726591760299627,0.10000000000000002
58,0.010000000000000002,0.5304568527918782,2193,4,0.26840697996714247,4565,0.482,0.23236514522821577,0.112
59,0.0050000000000000044,0.3128834355828221,1148,3,0.22075356019861841,2146,0.48,0.06666666666666667,0.032
60,0.05,0.7124277456647399,10146,5,0.539560549235644,37277,0.542,0.2656826568265683,0.14400000000000002
61,0.045000000000000005,0.660482374768089,9555,8,0.5472475883240628,35596,0.482,0.24066390041493776,0.11599999999999999
62,0.04,0.6144578313253012,8411,5,0.47847912643792484,28432,0.436,0.26605504587155965,0.116
63,0.035,0.6866791744840526,7510,5,0.4484389921294466,24220,0.504,0.3373015873015873,0.17
64,0.030000000000000002,0.6938775510204082,6370,6,0.4472183927308395,19672,0.544,0.3382352941176471,0.18400000000000002
65,0.025,0.6163793103448276,5399,5,0.3807390809785832,14656,0.5,0.288,0.144
66,0.020000000000000004,0.5439429928741093,4332,4,0.34396408142629015,10901,0.466,0.1759656652360515,0.082
67,0.015,0.5909090909090909,3293,4,0.3166718754567681,7906,0.472,0.3135593220338983,0.148
68,0.010000000000000002,0.5170842824601367,2211,4,0.29054677273555746,4803,0.51,0.16862745098039217,0.08600000000000001
69,0.0050000000000000044,0.3949367088607595,1068,3,0.21178845965015647,1915,0.544,0.1213235294117647,0.066
70,0.05,0.7244258872651357,10602,5,0.5629719805636898,41190,0.432,0.3888888888888889,0.168
71,0.045000000000000005,0.7043189368770764,9576,6,0.51013860709976,34746,0.494,0.2793522267206478,0.138
72,0.04,0.6791569086651054,8482,5,0.4826442875465757,28803,0.414,0.33816425120772947,0.13999999999999999
73,0.035,0.6572934973637962,7373,5,0.44958289957517256,23350,0.522,0.25287356321839083,0.132
74,0.030000000000000002,0.6765285996055227,6174,5,0.4324034224422952,18203,0.48,0.31666666666666665,0.152
75,0.025,0.6342042755344418,5401,4,0.38210051208398427,15378,0.46,0.33043478260869563,0.152
76,0.020000000000000004,0.5641025641025641,4350,4,0.3673959043466773,11615,0.484,0.15702479338842976,0.076
77,0.015,0.6328871892925431,3262,4,0.34302181334137294,8097,0.524,0.26717557251908397,0.14
78,0.010000000000000002,0.43380281690140843,2210,4,0.28976495157756804,4869,0.474,0.1518987341772152,0.072
79,0.0050000000000000044,0.4743202416918429,1091,3,0.22111249360445137,2002,0.422,0.17535545023696683,0.074
80,0.05,0.7876386687797148,10660,7,0.5865723329660776,41337,0.524,0.48854961832061067,0.256
81,0.045000000000000005,0.6563106796116505,9420,6,0.5098417785711388,33306,0.464,0.23706896551724138,0.11
82,0.04,0.7254290171606864,8483,5,0.4733902695934199,29285,0.55,0.36,0.198
83,0.035,0.6797642436149313,7269,6,0.4645873478172421,23786,0.458,0.28820960698689957,0.132
84,0.030000000000000002,0.615071283095723,6251,6,0.46463655880648597,19738,0.494,0.23481781376518218,0.11599999999999999
85,0.025,0.6206030150753769,5305,5,0.44358934407370926,16027,0.428,0.29439252336448596,0.126
86,0.020000000000000004,0.6211453744493393,4223,5,0.3589001492621089,10736,0.486,0.29218106995884774,0.142
87,0.015,0.6335877862595419,3310,4,0.30885296775312376,7856,0.558,0.3118279569892473,0.17400000000000002
88,0.010000000000000002,0.495,2148,4,0.28429785275116254,4809,0.472,0.1440677966101695,0.068
89,0.0050000000000000044,0.4498714652956298,1155,3,0.20445194055583665,2059,0.48,0.10833333333333334,0.052
90,0.05,0.7353951890034365,10383,5,0.5465113950396899,40271,0.47,0.3446808510638298,0.16199999999999998
91,0.045000000000000005,0.7011278195488722,9445,6,0.4954008341738314,33434,0.476,0.3319327731092437,0.15799999999999997
92,0.04,0.7765151515151515,8528,5,0.49814086375660444,30173,0.46,0.48695652173913045,0.22400000000000003
93,0.035,0.7240773286467487,7379,6,0.45773917958430616,24770,0.496,0.36693548387096775,0.182
94,0.030000000000000002,0.692967409948542,6303,4,0.4223265370612308,19136,0.498,0.28112449799196787,0.13999999999999999
95,0.025,0.7482394366197183,5303,4,0.38960096770446023,14820,0.542,0.47232472324723246,0.256
96,0.020000000000000004,0.6831896551724138,4312,4,0.3432176589644122,11224,0.472,0.3771186440677966,0.178
97,0.015,0.46539379474940334,3402,4,0.3205266915992633,7945,0.508,0.11811023622047244,0.06
98,0.010000000000000002,0.5879828326180258,2192,4,0.2775735171692685,4657,0.54,0.28888888888888886,0.156
99,0.0050000000000000044,0.35542168674698793,1182,3,0.21266258399397622,2160,0.476,0.10084033613445378,0.048
100,0.05,0.7451274362818591,10723,6,0.5478813257250138,41438,0.514,0.33852140077821014,0.17400000000000002
101,0.045000000000000005,0.7460035523978685,9401,6,0.4967953344377232,33092,0.458,0.37554585152838427,0.17200000000000001
102,0.04,0.6863799283154122,8235,5,0.465484852405931,27211,0.532,0.34210526315789475,0.18200000000000002
103,0.035,0.7028985507246377,7726,5,0.47040896029416523,25843,0.534,0.3857677902621723,0.20600000000000002
104,0.030000000000000002,0.6803571428571429,6365,5,0.421258885215877,19521,0.494,0.27530364372469635,0.13599999999999998
105,0.025,0.6305220883534136,5424,5,0.40203402636376295,15883,0.502,0.26693227091633465,0.13399999999999998
106,0.020000000000000004,0.673289183222958,4332,5,0.3766564866752096,11742,0.482,0.38589211618257263,0.186
107,0.015,0.5625,3244,4,0.32078229218772103,7706,0.446,0.24663677130044842,0.11
108,0.010000000000000002,0.4257703081232493,2209,4,0.24857321615900713,4462,0.49,0.16326530612244897,0.07999999999999999
109,0.0050000000000000044,0.3409090909090909,1065,3,0.19713019903458306,1846,0.52,0.1076923076923077,0.05600000000000001
110,0.05,0.7209677419354839,10465,5,0.5418360247534098,39469,0.508,0.3188976377952756,0.162
111,0.045000000000000005,0.7990430622009569,9571,6,0.5232767187639682,34853,0.488,0.48360655737704916,0.236
112,0.04,0.6982142857142857,8321,5,0.487821603421688,28741,0.5,0.324,0.162
113,0.035,0.6904276985743381,7460,5,0.44064449180257165,23975,0.456,0.3333333333333333,0.152
114,0.030000000000000002,0.690978886756238,6424,4,0.41702753741805715,19545,0.466,0.3090128755364807,0.14400000000000002
115,0.025,0.5604166666666667,5369,5,0.4040621989171573,15274,0.514,0.17898832684824903,0.092
116,0.020000000000000004,0.6572668112798264,4360,5,0.3847190893022473,11918,0.488,0.3524590163934426,0.172
117,0.015,0.6240157480314961,3358,4,0.3068759908068027,7886,0.51,0.25098039215686274,0.128
118,0.010000000000000002,0.5552884615384616,2108,3,0.28501052284781203,4665,0.482,0.23236514522821577,0.112
119,0.0050000000000000044,0.3904494382022472,1173,3,0.2485651512541708,2269,0.508,0.14566929133858267,0.074
120,0.05,0.700626959247649,10715,6,0.5540264551658602,40891,0.526,0.2737642585551331,0.14400000000000002
121,0.045000000000000005,0.7214022140221402,9454,6,0.5374608366101608,34889,0.466,0.351931330472103,0.164
122,0.04,0.7036290322580645,8267,5,0.46099581189310335,27398,0.446,0.34080717488789236,0.152
123,0.035,0.6463963963963963,7428,5,0.45784110117331006,23501,0.464,0.3232758620689655,0.15000000000000002
124,0.030000000000000002,0.6447368421052632,6581,4,0.4280895851149357,20312,0.462,0.2987012987012987,0.138
125,0.025,0.6430155210643016,5277,5,0.38973862962504496,14650,0.476,0.3235294117647059,0.154
126,0.020000000000000004,0.6694630872483222,4480,4,0.3494614457110969,11775,0.552,0.286231884057971,0.158
127,0.015,0.5254237288135594,3185,4,0.3059587104978449,7307,0.48,0.18333333333333332,0.088
128,0.010000000000000002,0.5363636363636364,2311,4,0.2997497903372972,5196,0.528,0.22727272727272727,0.12
129,0.0050000000000000044,0.4954337899543379,1159,3,0.18740978246547077,1935,0.518,0.14671814671814673,0.07600000000000001
130,0.05,0.7729636048526863,10565,6,0.5174121751875629,39270,0.476,0.4495798319327731,0.214
131,0.045000000000000005,0.7062937062937062,9375,5,0.47945757582222226,32254,0.502,0.33067729083665337,0.16599999999999998
132,0.04,0.7618296529968455,8524,5,0.4844613525043486,29164,0.554,0.4548736462093863,0.25200000000000006
133,0.035,0.6998158379373849,7136,5,0.47584719727799674,23357,0.464,0.2974137931034483,0.138
134,0.030000000000000002,0.7547495682210709,6494,4,0.43927841188412153,19859,0.52,0.45384615384615384,0.23600000000000002
135,0.025,0.6717850287907869,5336,4,0.38363881215314377,14914,0.518,0.33976833976833976,0.176
136,0.020000000000000004,0.5388739946380697,4306,5,0.3619366165962918,11241,0.45,0.23555555555555555,0.106
137,0.015,0.7099391480730223,3254,4,0.31647163776302545,7649,0.478,0.401673640167364,0.19199999999999998
138,0.010000000000000002,0.40229885057471265,2227,4,0.2609880897964303,4481,0.486,0.1440329218106996,0.07
139,0.0050000000000000044,0.24149659863945577,1088,3,0.18233334234429063,1834,0.466,0.04291845493562232,0.02
140,0.05,0.6494464944649446,10366,5,0.5192625202184272,37288,0.492,0.22764227642276422,0.11199999999999999
141,0.045000000000000005,0.6432337434094904,9481,5,0.534501051798555,34582,0.514,0.21011673151750973,0.108
142,0.04,0.6917293233082706,8522,5,0.4741982056629829,29322,0.474,0.3080168776371308,0.146
143,0.035,0.6650943396226415,7403,6,0.4698653715981136,23845,0.444,0.36036036036036034,0.16
144,0.030000000000000002,0.7571644042232277,6251,5,0.4242122476209278,18630,0.534,0.3970037453183521,0.21200000000000002
145,0.025,0.5900900900900901,5448,5,0.4298620073162686,16437,0.48,0.24166666666666667,0.11599999999999999
146,0.020000000000000004,0.5303030303030303,4170,5,0.3961559385585057,10894,0.544,0.20220588235294118,0.11000000000000001
147,0.015,0.5730593607305936,3343,4,0.30184734685207093,7572,0.488,0.2336065573770492,0.114
148,0.010000000000000002,0.4732824427480916,2163,4,0.27020997232273375,4567,0.488,0.15163934426229508,0.074
149,0.0050000000000000044,0.38095238095238093,1101,3,0.21914352487747493,1946,0.472,0.11864406779661017,0.056
150,0.05,0.761986301369863,10431,5,0.5614909306134994,40367,0.498,0.44176706827309237,0.22
151,0.045000000000000005,0.7523961661341853,9332,6,0.5425511157769339,33506,0.494,0.3724696356275304,0.184
152,0.04,0.7198581560283688,8394,5,0.48104779336523035,28114,0.486,0.3497942386831276,0.17
153,0.035,0.6701208981001727,7412,5,0.4727557068961551,24578,0.516,0.2596899224806202,0.134
154,0.030000000000000002,0.7216494845360825,6448,5,0.45288890624903794,19986,0.524,0.3816793893129771,0.2
155,0.025,0.625,5244,5,0.4009284738477042,14617,0.488,0.27459016393442626,0.134
156,0.020000000000000004,0.5813449023861171,4239,4,0.33348509367820495,10670,0.494,0.21862348178137653,0.108
157,0.015,0.5525114155251142,3336,4,0.34408120985226204,8588,0.486,0.1934156378600823,0.094
158,0.010000000000000002,0.5186104218362283,2188,3,0.2644996891804725,4575,0.5,0.224,0.112
159,0.0050000000000000044,0.40359897172236503,1147,3,0.2033947776276994,2079,0.53,0.12452830188679245,0.066
160,0.05,0.7434869739478958,10541,6,0.5426630287140672,40860,0.458,0.4410480349344978,0.20199999999999999
161,0.045000000000000005,0.7388059701492538,9684,6,0.5111282213954349,35205,0.444,0.36936936936936937,0.164
162,0.04,0.6696269982238011,8589,5,0.5277690921060886,30208,0.518,0.28185328185328185,0.146
163,0.035,0.7387033398821218,7554,6,0.4687084690869986,24584,0.466,0.4291845493562232,0.2
164,0.030000000000000002,0.6903353057199211,6394,5,0.4396025794044287,19300,0.478,0.34309623430962344,0.164
165,0.025,0.7279279279279279,5303,4,0.4067470197240868,15054,0.532,0.4323308270676692,0.23
166,0.020000000000000004,0.6373390557939914,4376,4,0.3799442342142114,12189,0.478,0.2928870292887029,0.13999999999999999
167,0.015,0.5209580838323353,3297,4,0.32387896129688043,8056,0.556,0.1366906474820144,0.07600000000000001
168,0.010000000000000002,0.5076142131979695,2239,3,0.2613002957638565,4645,0.466,0.16738197424892703,0.078
169,0.0050000000000000044,0.3959731543624161,1063,3,0.1831731666974935,1787,0.436,0.1743119266055046,0.076
170,0.05,0.7695716395864106,10506,7,0.5448627997475828,39970,0.554,0.4368231046931408,0.24200000000000002
171,0.045000000000000005,0.6987179487179487,9601,6,0.52573695013911,34933,0.536,0.29850746268656714,0.16
172,0.04,0.681260945709282,8649,5,0.4793392641241616,29794,0.5,0.272,0.136
173,0.035,0.655367231638418,7397,6,0.4610443429406039,23351,0.51,0.2823529411764706,0.144
174,0.030000000000000002,0.6549707602339181,6282,6,0.4474644484359785,19230,0.52,0.3192307692307692,0.16599999999999998
175,0.025,0.6,5322,5,0.38528649733558673,14467,0.438,0.2876712328767123,0.126
176,0.020000000000000004,0.6519916142557652,4380,5,0.41660077980025445,12388,0.47,0.2936170212765957,0.13799999999999998
177,0.015,0.6017699115044248,3113,5,0.32819397511177906,7492,0.38,0.2894736842105263,0.11
178,0.010000000000000002,0.5533333333333333,2212,4,0.2757969435170319,4857,0.54,0.25555555555555554,0.138
179,0.0050000000000000044,0.2962962962962963,1044,3,0.2113546116469224,1877,0.488,0.06557377049180328,0.032
180,0.05,0.7547495682210709,10561,5,0.5490180945537131,39636,0.472,0.3983050847457627,0.188
181,0.045000000000000005,0.796875,9652,6,0.5095742532205286,35862,0.498,0.4779116465863454,0.238
182,0.04,0.7023060796645703,8414,6,0.5222046360189864,30230,0.454,0.3744493392070485,0.17
183,0.035,0.6367041198501873,7218,5,0.43951426504395696,22450,0.504,0.23015873015873015,0.11599999999999999
184,0.030000000000000002,0.624750499001996,6416,5,0.4407122147483536,20509,0.492,0.23577235772357724,0.116
185,0.025,0.5348837209302325,5353,4,0.3931113490328903,15716,0.494,0.1902834008097166,0.094
186,0.020000000000000004,0.6343434343434343,4312,5,0.3670834036093777,11496,0.494,0.26720647773279355,0.132
187,0.015,0.475177304964539,3118,4,0.29425091165082135,7017,0.502,0.11553784860557768,0.057999999999999996
188,0.010000000000000002,0.48412698412698413,2096,3,0.2395466100460346,4184,0.484,0.19421487603305784,0.09399999999999999
189,0.0050000000000000044,0.4022346368715084,1112,4,0.20011176310749962,1903,0.504,0.15079365079365079,0.076
190,0.05,0.7619926199261993,10570,7,0.5821104874562429,41240,0.484,0.4669421487603306,0.226
191,0.045000000000000005,0.7251908396946565,9432,5,0.5227372340096443,33746,0.47,0.3872340425531915,0.182
192,0.04,0.717741935483871,8444,6,0.5084979852214417,29310,0.55,0.36363636363636365,0.2
193,0.035,0.722735674676525,7539,5,0.44529706524436996,24795,0.48,0.375,0.18
194,0.030000000000000002,0.6559546313799622,6407,5,0.4342576960889484,19586,0.49,0.2571428571428571,0.12599999999999997
195,0.025,0.6871035940803383,5460,5,0.44330163426317276,17147,0.45,0.3422222222222222,0.154
196,0.020000000000000004,0.6129666011787819,4274,5,0.38520981683111183,11197,0.52,0.2423076923076923,0.126
197,0.015,0.610655737704918,3201,4,0.3310623896136799,7722,0.52,0.2692307692307692,0.13999999999999999
198,0.010000000000000002,0.5045871559633027,2285,3,0.2711375204094824,4962,0.506,0.14624505928853754,0.074
199,0.0050000000000000044,0.38950276243093923,1121,3,0.23593532281693821,2166,0.496,0.10887096774193548,0.054
200,0.05,0.7673343605546995,10736,6,0.5655901419323206,42239,0.484,0.3760330578512397,0.182
201,0.045000000000000005,0.7085610200364298,9511,5,0.5046194954735409,33940,0.506,0.3675889328063241,0.186
202,0.04,0.7373358348968105,8489,5,0.4922345786272565,29724,0.446,0.3721973094170404,0.166
203,0.035,0.7543859649122807,7608,6,0.4751815704538142,24862,0.49,0.42857142857142855,0.21
204,0.030000000000000002,0.7515822784810127,6458,5,0.4351092573199235,19986,0.558,0.43727598566308246,0.24400000000000002
205,0.025,0.6352087114337568,5330,5,0.3797932690107678,15071,0.54,0.25555555555555554,0.138
206,0.020000000000000004,0.583941605839416,4339,4,0.35628895452421566,11747,0.446,0.23318385650224216,0.10400000000000001
207,0.015,0.5692307692307692,3257,4,0.33329220104469737,7917,0.5,0.216,0.108
208,0.010000000000000002,0.44862155388471175,2163,4,0.26860307072525813,4413,0.508,0.13385826771653545,0.068
209,0.0050000000000000044,0.3601108033240997,1137,3,0.1821160624984046,1882,0.524,0.1183206106870229,0.062000000000000006
210,0.05,0.7430894308943089,10898,5,0.5326892022427486,42579,0.52,0.3923076923076923,0.20400000000000001
211,0.045000000000000005,0.6472727272727272,9328,5,0.5050618432598585,32669,0.488,0.20491803278688525,0.1
212,0.04,0.7026143790849673,8657,5,0.4803675892536271,30717,0.556,0.34532374100719426,0.19200000000000003
213,0.035,0.7121464226289518,7471,5,0.4827703662119864,25165,0.502,0.3107569721115538,0.156
214,0.030000000000000002,0.6806387225548902,6316,5,0.40320738649011467,18797,0.49,0.3469387755102041,0.16999999999999998
215,0.025,0.62152133580705,5195,5,0.3961770451894868,14588,0.524,0.22137404580152673,0.116
216,0.020000000000000004,0.6136865342163356,4378,5,0.4045478127795838,12605,0.48,0.2708333333333333,0.12999999999999998
217,0.015,0.5915178571428571,3192,4,0.3146914121142455,7422,0.498,0.26506024096385544,0.132
218,0.010000000000000002,0.490280777537797,2247,4,0.2726416213557948,4818,0.556,0.1510791366906475,0.084
219,0.0050000000000000044,0.4491725768321513,1103,3,0.19017778102907346,1899,0.54,0.13703703703703704,0.07400000000000001
220,0.05,0.8049180327868852,10508,6,0.5482857225245318,40814,0.498,0.5220883534136547,0.26
221,0.045000000000000005,0.745814307458143,9364,6,0.5252461506992068,34346,0.554,0.3971119133574007,0.22
222,0.04,0.6784232365145229,8555,6,0.5096738981547869,30009,0.45,0.3111111111111111,0.14
223,0.035,0.7213114754098361,7551,5,0.48138075819780635,25615,0.516,0.4069767441860465,0.21000000000000002
224,0.030000000000000002,0.6620278330019881,6402,5,0.40535969654125387,19006,0.476,0.2857142857142857,0.13599999999999998
225,0.025,0.6600397614314115,5108,4,0.38210621599297,13939,0.5,0.316,0.158
226,0.020000000000000004,0.6360153256704981,4405,4,0.37872987691986587,12184,0.502,0.24302788844621515,0.122
227,0.015,0.4211822660098522,3264,4,0.32051374471357164,7918,0.52,0.09615384615384616,0.05
228,0.010000000000000002,0.5697674418604651,2101,4,0.2753929873152582,4165,0.496,0.2540322580645161,0.126
229,0.0050000000000000044,0.3223684210526316,1068,3,0.19856499600218827,1814,0.454,0.09251101321585903,0.042
230,0.05,0.7094594594594594,10413,6,0.5452585976930547,38588,0.492,0.3008130081300813,0.14800000000000002
231,0.045000000000000005,0.746177370030581,9271,5,0.5110083960081601,32923,0.526,0.3688212927756654,0.194
232,0.04,0.6988416988416989,8339,7,0.47731724223906197,28205,0.48,0.35,0.16799999999999998
233,0.035,0.5669515669515669,7553,5,0.47622975318824246,25401,0.4,0.24,0.096
234,0.030000000000000002,0.7057877813504824,6628,6,0.4607612580850648,21801,0.548,0.33211678832116787,0.182
235,0.025,0.5244897959183673,5229,4,0.365260731476023,14180,0.55,0.15272727272727274,0.08400000000000002
236,0.020000000000000004,0.531496062992126,4345,4,0.34426110458564463,11142,0.56,0.15,0.084
237,0.015,0.5710843373493976,3127,4,0.3200724801237538,7257,0.49,0.27346938775510204,0.134
238,0.010000000000000002,0.4909090909090909,2191,4,0.27342885015064117,4674,0.468,0.1623931623931624,0.07600000000000001
239,0.0050000000000000044,0.39856801909307876,1062,3,0.1986808459325935,1795,0.552,0.08695652173913043,0.048
240,0.05,0.7694753577106518,10674,6,0.5600610741582279,41613,0.534,0.45692883895131087,0.24400000000000002
241,0.045000000000000005,0.7910750507099391,9599,5,0.5557019414233224,35353,0.44,0.5318181818181819,0.234
242,0.04,0.7267950963222417,8599,7,0.5055657818534628,30346,0.488,0.36065573770491804,0.176
243,0.035,0.6411960132890365,7349,5,0.47477737521659136,23719,0.566,0.23674911660777384,0.13399999999999998
244,0.030000000000000002,0.7231543624161074,6349,5,0.4221477054674619,18894,0.536,0.3843283582089552,0.20600000000000002
245,0.025,0.6072186836518046,5266,5,0.4092330191070161,15215,0.49,0.24489795918367346,0.12
246,0.020000000000000004,0.5654320987654321,4363,4,0.3545122868427327,11341,0.456,0.22807017543859648,0.104
247,0.015,0.5991471215351812,3199,4,0.3138478820895988,7306,0.504,0.25396825396825395,0.128
248,0.010000000000000002,0.5732217573221757,2246,4,0.26769129089886917,4697,0.512,0.203125,0.10400000000000001
249,0.0050000000000000044,0.4121951219512195,1176,4,0.2508091246702763,2309,0.552,0.12681159420289856,0.07
250,0.05,0.7616822429906542,10602,6,0.5263225153084805,39896,0.498,0.3855421686746988,0.192
251,0.045000000000000005,0.6763485477178424,9421,5,0.49626694157700496,34328,0.482,0.35269709543568467,0.17
252,0.04,0.6539278131634819,8312,5,0.5048479690297827,29237,0.426,0.2347417840375587,0.09999999999999999
253,0.035,0.6961770623742455,7231,6,0.4483164487876908,23339,0.47,0.3574468085106383,0.168
254,0.030000000000000002,0.7066189624329159,6366,5,0.4350666520982257,20108,0.502,0.3466135458167331,0.17400000000000002
255,0.025,0.6454352441613588,5421,5,0.3898866178012424,15201,0.498,0.3293172690763052,0.16399999999999998
256,0.020000000000000004,0.6069364161849711,4244,4,0.3545914129699987,10988,0.506,0.19367588932806323,0.098
257,0.015,0.4961832061068702,3309,4,0.2911882307481058,7336,0.482,0.17842323651452283,0.086
258,0.010000000000000002,0.5480984340044742,2210,3,0.2827575192973117,4884,0.53,0.23773584905660378,0.126
259,0.0050000000000000044,0.48128342245989303,1141,3,0.23372950369503814,2189,0.498,0.22088353413654618,0.11
260,0.05,0.7358184764991896,10849,6,0.5617744436590537,42582,0.534,0.3895131086142322,0.20800000000000002
261,0.045000000000000005,0.702928870292887,9302,6,0.5570710570978348,33671,0.474,0.4008438818565401,0.18999999999999997
262,0.04,0.674074074074074,8377,5,0.4542883888163401,27213,0.482,0.2697095435684647,0.12999999999999998
263,0.035,0.7099644128113879,7395,6,0.49192044951155256,24578,0.5,0.348,0.174
264,0.030000000000000002,0.6901408450704225,6397,4,0.3955016040547184,19279,0.476,0.35294117647058826,0.168
265,0.025,0.5367965367965368,5349,5,0.3846251412135853,14631,0.524,0.183206106870229,0.096
266,0.020000000000000004,0.5135746606334841,4304,5,0.35501810151531904,11221,0.518,0.16988416988416988,0.088
267,0.015,0.5124153498871332,3249,4,0.33415173037592555,7850,0.522,0.1724137931034483,0.09000000000000001
268,0.010000000000000002,0.5095367847411444,2167,4,0.267700109606509,4558,0.48,0.25,0.12
269,0.0050000000000000044,0.3192090395480226,1154,4,0.19168951938701642,1944,0.534,0.09737827715355805,0.052000000000000005
270,0.05,0.6912972085385879,10322,6,0.5476850978796641,40004,0.536,0.29850746268656714,0.16
271,0.045000000000000005,0.73828125,9266,5,0.5243981522397088,34287,0.494,0.4574898785425101,0.22599999999999998
272,0.04,0.7772020725388601,8409,6,0.48127327802193265,29050,0.48,0.4625,0.222
273,0.035,0.6986301369863014,7382,6,0.46714119908120394,24053,0.462,0.3333333333333333,0.154
274,0.030000000000000002,0.6471663619744058,6466,5,0.4276680686881122,20185,0.544,0.29044117647058826,0.15800000000000003
275,0.025,0.633147113594041,5431,5,0.4159567878245285,15966,0.534,0.26217228464419473,0.13999999999999999
276,0.020000000000000004,0.6027397260273972,4431,4,0.37968945430271867,12272,0.468,0.2564102564102564,0.12
277,0.015,0.6344086021505376,3248,4,0.3313709345955981,7645,0.49,0.30612244897959184,0.15
278,0.010000000000000002,0.4847775175644028,2206,4,0.24158542308991632,4184,0.538,0.1821561338289963,0.098
279,0.0050000000000000044,0.23432343234323433,1164,3,0.2070203174265774,2105,0.482,0.03734439834024896,0.018
280,0.05,0.8242753623188406,10484,7,0.5378055690974244,39577,0.46,0.5782608695652174,0.266
281,0.045000000000000005,0.7244897959183674,9274,5,0.5315078494239243,33550,0.518,0.3745173745173745,0.194
282,0.04,0.6411290322580645,8479,5,0.5025850132837572,30273,0.494,0.2793522267206478,0.138
283,0.035,0.6822916666666666,7526,5,0.45884925525959475,24082,0.528,0.3068181818181818,0.162
284,0.030000000000000002,0.6859649122807018,6312,5,0.4441701565087764,19106,0.53,0.32452830188679244,0.172
285,0.025,0.638095238095238,5466,5,0.39937643328568495,15758,0.486,0.21810699588477367,0.106
286,0.020000000000000004,0.6155507559395248,4292,4,0.35616730752026576,11488,0.486,0.2674897119341564,0.13
287,0.015,0.5373134328358209,3260,5,0.3329477022093417,8021,0.53,0.1811320754716981,0.096
288,0.010000000000000002,0.5748218527315915,2228,4,0.2881240149041576,4809,0.494,0.27530364372469635,0.13599999999999998
289,0.0050000000000000044,0.4144385026737968,1096,3,0.21496133917630134,2001,0.52,0.1576923076923077,0.082
290,0.05,0.7185430463576159,10807,6,0.5037877966353455,39545,0.496,0.31451612903225806,0.156
291,0.045000000000000005,0.7784810126582279,9426,6,0.515015305211254,34940,0.516,0.4573643410852713,0.236
292,0.04,0.7197802197802198,8482,5,0.45267676710674215,28484,0.482,0.3651452282157676,0.176
293,0.035,0.7489795918367347,7367,5,0.4661261578544597,24047,0.458,0.462882096069869,0.21200000000000002
294,0.030000000000000002,0.6163265306122448,6526,5,0.45411038370857076,20956,0.488,0.22950819672131148,0.112
295,0.025,0.5105882352941177,5340,4,0.3915477493021363,15207,0.492,0.15447154471544716,0.076
296,0.020000000000000004,0.6610486891385767,4325,4,0.3688416719569648,11307,0.526,0.311787072243346,0.164
297,0.015,0.6073619631901841,3160,4,0.33499278961704854,7860,0.518,0.25868725868725867,0.134
298,0.010000000000000002,0.461734693877551,2218,3,0.28318125899985447,4919,0.504,0.1626984126984127,0.082
299,0.0050000000000000044,0.47244094488188976,1066,3,0.2134155141522551,1922,0.486,0.1728395061728395,0.08399999999999999
300,0.05,0.7636363636363637,10588,6,0.5199264009166202,39672,0.464,0.4396551724137931,0.20400000000000001
301,0.045000000000000005,0.746031746031746,9366,6,0.5060855232183833,33632,0.486,0.4732510288065844,0.23
302,0.04,0.7414075286415712,8583,5,0.47088312792565573,29345,0.516,0.3875968992248062,0.2
303,0.035,0.7236842105263158,7259,5,0.46155896634702387,22967,0.468,0.3717948717948718,0.17400000000000002
304,0.030000000000000002,0.6626262626262627,6217,4,0.4213333290557479,19233,0.48,0.30416666666666664,0.146
305,0.025,0.6033057851239669,5102,4,0.38910621594655226,14008,0.494,0.22267206477732793,0.11
306,0.020000000000000004,0.6413255360623782,4249,4,0.37969777447115466,11612,0.512,0.28125,0.14400000000000002
307,0.015,0.465,3230,4,0.3301311236568931,7775,0.484,0.11570247933884298,0.056
308,0.010000000000000002,0.48429319371727747,2293,3,0.26096375152652734,4784,0.458,0.13973799126637554,0.064
309,0.0050000000000000044,0.39402173913043476,1063,3,0.19236987917367646,1787,0.522,0.14559386973180077,0.07600000000000001
310,0.05,0.8051948051948052,10687,6,0.5480590742639241,41190,0.536,0.5522388059701493,0.29600000000000004
311,0.045000000000000005,0.7269439421338155,9355,6,0.5361367132476595,34026,0.492,0.3861788617886179,0.19
312,0.04,0.747457627118644,8406,6,0.4879313485620238,29477,0.498,0.40160642570281124,0.2
313,0.035,0.788,7264,5,0.46912173772899723,24029,0.468,0.5470085470085471,0.25600000000000006
314,0.030000000000000002,0.6907894736842105,6459,4,0.4158742698504777,19493,0.448,0.3705357142857143,0.166
315,0.025,0.6196911196911197,5366,5,0.39081660053936323,14732,0.526,0.2509505703422053,0.132
316,0.020000000000000004,0.6769825918762089,4392,4,0.39506069157036633,12146,0.526,0.3650190114068441,0.192
317,0.015,0.5209876543209877,3306,5,0.3304205190364986,7992,0.47,0.17446808510638298,0.08199999999999999
318,0.010000000000000002,0.4921135646687697,2190,4,0.2807898083859803,4730,0.418,0.22966507177033493,0.096
319,0.0050000000000000044,0.3485714285714286,1107,3,0.18921717672461275,1900,0.498,0.08433734939759036,0.041999999999999996
