,contact_rate_host_host,mutant_frac,infected_hosts,Alive,depth
0,0.02,0.0,0.0,False,0.95 original drop
1,0.018545454545454542,0.0,0.0,False,0.95 original drop
2,0.01709090909090909,0.8201174743024964,0.701,True,0.95 original drop
3,0.01563636363636364,0.0,0.0,False,0.95 original drop
4,0.01418181818181818,0.8581129378127234,0.7070000000000001,True,0.95 original drop
5,0.012727272727272726,0.0,0.0,False,0.95 original drop
6,0.011272727272727271,0.0,0.0,False,0.95 original drop
7,0.009818181818181818,0.0,0.0,False,0.95 original drop
8,0.008363636363636363,0.8212045169385195,0.455,True,0.95 original drop
9,0.006909090909090908,0.8818973862536302,0.317,True,0.95 original drop
10,0.005454545454545453,1.0,0.203,True,0.95 original drop
11,0.004,0.0,0.0,False,0.95 original drop
12,0.02,0.0,0.0,False,0.95 original drop
13,0.018545454545454542,0.0,0.0,False,0.95 original drop
14,0.01709090909090909,0.0,0.0,False,0.95 original drop
15,0.01563636363636364,0.0,0.0,False,0.95 original drop
16,0.01418181818181818,0.0,0.0,False,0.95 original drop
17,0.012727272727272726,0.0,0.0,False,0.95 original drop
18,0.011272727272727271,0.0,0.0,False,0.95 original drop
19,0.009818181818181818,0.7487468671679198,0.49,True,0.95 original drop
20,0.008363636363636363,0.8681983071342201,0.46299999999999997,True,0.95 original drop
21,0.006909090909090908,0.8722334004024145,0.327,True,0.95 original drop
22,0.005454545454545453,1.0,0.111,True,0.95 original drop
23,0.004,0.0,0.0,False,0.95 original drop
24,0.02,0.0,0.0,False,0.95 original drop
25,0.018545454545454542,0.0,0.0,False,0.95 original drop
26,0.01709090909090909,0.0,0.0,False,0.95 original drop
27,0.01563636363636364,0.0,0.0,False,0.95 original drop
28,0.01418181818181818,0.0,0.0,False,0.95 original drop
29,0.012727272727272726,0.0,0.0,False,0.95 original drop
30,0.011272727272727271,0.0,0.0,False,0.95 original drop
31,0.009818181818181818,1.0,0.28800000000000003,True,0.95 original drop
32,0.008363636363636363,1.0,0.166,True,0.95 original drop
33,0.006909090909090908,0.0,0.0,False,0.95 original drop
34,0.005454545454545453,1.0,0.067,True,0.95 original drop
35,0.004,0.0,0.0,False,0.95 original drop
36,0.02,0.0,0.0,False,0.95 original drop
37,0.018545454545454542,0.0,0.0,False,0.95 original drop
38,0.01709090909090909,0.0,0.0,False,0.95 original drop
39,0.01563636363636364,0.0,0.0,False,0.95 original drop
40,0.01418181818181818,0.0,0.0,False,0.95 original drop
41,0.012727272727272726,0.0,0.0,False,0.95 original drop
42,0.011272727272727271,1.0,0.19399999999999998,True,0.95 original drop
43,0.009818181818181818,0.0,0.0,False,0.95 original drop
44,0.008363636363636363,0.7667130919220055,0.446,True,0.95 original drop
45,0.006909090909090908,0.8317669172932329,0.34600000000000003,True,0.95 original drop
46,0.005454545454545453,1.0,0.196,True,0.95 original drop
47,0.004,0.0,0.0,False,0.95 original drop
48,0.02,0.0,0.0,False,0.95 original drop
49,0.018545454545454542,0.0,0.0,False,0.95 original drop
50,0.01709090909090909,0.0,0.0,False,0.95 original drop
51,0.01563636363636364,0.0,0.0,False,0.95 original drop
52,0.01418181818181818,0.0,0.0,False,0.95 original drop
53,0.012727272727272726,0.875,0.675,True,0.95 original drop
54,0.011272727272727271,0.0,0.0,False,0.95 original drop
55,0.009818181818181818,0.0,0.0,False,0.95 original drop
56,0.008363636363636363,0.8623408126137053,0.47,True,0.95 original drop
57,0.006909090909090908,0.8635547576301615,0.35700000000000004,True,0.95 original drop
58,0.005454545454545453,1.0,0.18,True,0.95 original drop
59,0.004,0.0,0.0,False,0.95 original drop
60,0.02,0.0,0.0,False,0.95 original drop
61,0.018545454545454542,0.0,0.0,False,0.95 original drop
62,0.01709090909090909,0.0,0.0,False,0.95 original drop
63,0.01563636363636364,0.0,0.0,False,0.95 original drop
64,0.01418181818181818,0.0,0.0,False,0.95 original drop
65,0.012727272727272726,0.0,0.0,False,0.95 original drop
66,0.011272727272727271,0.0,0.0,False,0.95 original drop
67,0.009818181818181818,0.0,0.0,False,0.95 original drop
68,0.008363636363636363,0.0,0.0,False,0.95 original drop
69,0.006909090909090908,0.8682170542635659,0.315,True,0.95 original drop
70,0.005454545454545453,0.9794661190965092,0.16,True,0.95 original drop
71,0.004,0.0,0.0,False,0.95 original drop
72,0.02,0.0,0.0,False,0.95 original drop
73,0.018545454545454542,0.0,0.0,False,0.95 original drop
74,0.01709090909090909,0.0,0.0,False,0.95 original drop
75,0.01563636363636364,0.0,0.0,False,0.95 original drop
76,0.01418181818181818,0.0,0.0,False,0.95 original drop
77,0.012727272727272726,0.0,0.0,False,0.95 original drop
78,0.011272727272727271,0.0,0.0,False,0.95 original drop
79,0.009818181818181818,1.0,0.055,True,0.95 original drop
80,0.008363636363636363,0.8469706433479075,0.44799999999999995,True,0.95 original drop
81,0.006909090909090908,0.8870326173428799,0.38,True,0.95 original drop
82,0.005454545454545453,0.9505376344086022,0.138,True,0.95 original drop
83,0.004,0.0,0.0,False,0.95 original drop
84,0.02,0.0,0.0,False,0.95 original drop
85,0.018545454545454542,0.0,0.0,False,0.95 original drop
86,0.01709090909090909,0.0,0.0,False,0.95 original drop
87,0.01563636363636364,0.0,0.0,False,0.95 original drop
88,0.01418181818181818,0.0,0.0,False,0.95 original drop
89,0.012727272727272726,0.0,0.0,False,0.95 original drop
90,0.011272727272727271,0.7434002111932418,0.569,True,0.95 original drop
91,0.009818181818181818,0.7908192911098199,0.489,True,0.95 original drop
92,0.008363636363636363,0.7651757188498403,0.4,True,0.95 original drop
93,0.006909090909090908,0.9004830917874396,0.322,True,0.95 original drop
94,0.005454545454545453,0.97626582278481,0.20800000000000002,True,0.95 original drop
95,0.004,0.0,0.0,False,0.95 original drop
96,0.02,0.0,0.0,False,0.95 original drop
97,0.018545454545454542,0.8626817447495961,0.763,True,0.95 original drop
98,0.01709090909090909,0.0,0.0,False,0.95 original drop
99,0.01563636363636364,0.0,0.0,False,0.95 original drop
100,0.01418181818181818,0.0,0.0,False,0.95 original drop
101,0.012727272727272726,1.0,0.474,True,0.95 original drop
102,0.011272727272727271,0.0,0.0,False,0.95 original drop
103,0.009818181818181818,0.0,0.0,False,0.95 original drop
104,0.008363636363636363,0.0,0.0,False,0.95 original drop
105,0.006909090909090908,0.8551660516605166,0.349,True,0.95 original drop
106,0.005454545454545453,1.0,0.121,True,0.95 original drop
107,0.004,0.0,0.0,False,0.95 original drop
108,0.02,0.0,0.0,False,0.95 original drop
109,0.018545454545454542,0.0,0.0,False,0.95 original drop
110,0.01709090909090909,0.0,0.0,False,0.95 original drop
111,0.01563636363636364,0.0,0.0,False,0.95 original drop
112,0.01418181818181818,0.0,0.0,False,0.95 original drop
113,0.012727272727272726,0.0,0.0,False,0.95 original drop
114,0.011272727272727271,0.7749490835030551,0.591,True,0.95 original drop
115,0.009818181818181818,0.7569360675512666,0.51,True,0.95 original drop
116,0.008363636363636363,0.0,0.0,False,0.95 original drop
117,0.006909090909090908,0.8657534246575342,0.33899999999999997,True,0.95 original drop
118,0.005454545454545453,1.0,0.039,True,0.95 original drop
119,0.004,0.0,0.0,False,0.95 original drop
120,0.02,0.0,0.0,False,0.95 original drop
121,0.018545454545454542,0.0,0.0,False,0.95 original drop
122,0.01709090909090909,0.7844917918267551,0.745,True,0.95 original drop
123,0.01563636363636364,0.7208872458410351,0.659,True,0.95 original drop
124,0.01418181818181818,0.0,0.0,False,0.95 original drop
125,0.012727272727272726,0.0,0.0,False,0.95 original drop
126,0.011272727272727271,0.0,0.0,False,0.95 original drop
127,0.009818181818181818,0.0,0.0,False,0.95 original drop
128,0.008363636363636363,0.0,0.0,False,0.95 original drop
129,0.006909090909090908,0.9335106382978724,0.336,True,0.95 original drop
130,0.005454545454545453,1.0,0.151,True,0.95 original drop
131,0.004,0.0,0.0,False,0.95 original drop
132,0.02,0.0,0.0,False,0.95 original drop
133,0.018545454545454542,0.0,0.0,False,0.95 original drop
134,0.01709090909090909,0.0,0.0,False,0.95 original drop
135,0.01563636363636364,0.0,0.0,False,0.95 original drop
136,0.01418181818181818,0.0,0.0,False,0.95 original drop
137,0.012727272727272726,0.0,0.0,False,0.95 original drop
138,0.011272727272727271,0.0,0.0,False,0.95 original drop
139,0.009818181818181818,0.0,0.0,False,0.95 original drop
140,0.008363636363636363,0.0,0.0,False,0.95 original drop
141,0.006909090909090908,0.8591859185918592,0.27699999999999997,True,0.95 original drop
142,0.005454545454545453,1.0,0.036000000000000004,True,0.95 original drop
143,0.004,0.0,0.0,False,0.95 original drop
144,0.02,0.0,0.0,False,0.95 original drop
145,0.018545454545454542,0.0,0.0,False,0.95 original drop
146,0.01709090909090909,0.0,0.0,False,0.95 original drop
147,0.01563636363636364,0.0,0.0,False,0.95 original drop
148,0.01418181818181818,0.0,0.0,False,0.95 original drop
149,0.012727272727272726,0.0,0.0,False,0.95 original drop
150,0.011272727272727271,0.0,0.0,False,0.95 original drop
151,0.009818181818181818,0.0,0.0,False,0.95 original drop
152,0.008363636363636363,0.0,0.0,False,0.95 original drop
153,0.006909090909090908,0.8873949579831932,0.35200000000000004,True,0.95 original drop
154,0.005454545454545453,1.0,0.16699999999999998,True,0.95 original drop
155,0.004,0.0,0.0,False,0.95 original drop
156,0.02,0.0,0.0,False,0.95 original drop
157,0.018545454545454542,0.0,0.0,False,0.95 original drop
158,0.01709090909090909,0.0,0.0,False,0.95 original drop
159,0.01563636363636364,0.0,0.0,False,0.95 original drop
160,0.01418181818181818,0.0,0.0,False,0.95 original drop
161,0.012727272727272726,0.8469765528589058,0.648,True,0.95 original drop
162,0.011272727272727271,0.0,0.0,False,0.95 original drop
163,0.009818181818181818,0.0,0.0,False,0.95 original drop
164,0.008363636363636363,0.0,0.0,False,0.95 original drop
165,0.006909090909090908,1.0,0.01,True,0.95 original drop
166,0.005454545454545453,0.9314285714285714,0.163,True,0.95 original drop
167,0.004,0.0,0.0,False,0.95 original drop
168,0.02,0.0,0.0,False,0.95 original drop
169,0.018545454545454542,0.0,0.0,False,0.95 original drop
170,0.01709090909090909,0.0,0.0,False,0.95 original drop
171,0.01563636363636364,0.0,0.0,False,0.95 original drop
172,0.01418181818181818,0.0,0.0,False,0.95 original drop
173,0.012727272727272726,0.8697303456133688,0.664,True,0.95 original drop
174,0.011272727272727271,0.0,0.0,False,0.95 original drop
175,0.009818181818181818,0.8250795093139482,0.574,True,0.95 original drop
176,0.008363636363636363,0.0,0.0,False,0.95 original drop
177,0.006909090909090908,0.8638888888888889,0.33899999999999997,True,0.95 original drop
178,0.005454545454545453,1.0,0.067,True,0.95 original drop
179,0.004,0.0,0.0,False,0.95 original drop
180,0.02,0.0,0.0,False,0.95 original drop
181,0.018545454545454542,0.8206022187004754,0.765,True,0.95 original drop
182,0.01709090909090909,0.0,0.0,False,0.95 original drop
183,0.01563636363636364,0.0,0.0,False,0.95 original drop
184,0.01418181818181818,0.8740043446777698,0.6809999999999999,True,0.95 original drop
185,0.012727272727272726,0.0,0.0,False,0.95 original drop
186,0.011272727272727271,0.0,0.0,False,0.95 original drop
187,0.009818181818181818,0.0,0.0,False,0.95 original drop
188,0.008363636363636363,0.8974175035868006,0.436,True,0.95 original drop
189,0.006909090909090908,0.0,0.0,False,0.95 original drop
190,0.005454545454545453,1.0,0.166,True,0.95 original drop
191,0.004,0.0,0.0,False,0.95 original drop
192,0.02,0.0,0.0,False,0.95 original drop
193,0.018545454545454542,0.0,0.0,False,0.95 original drop
194,0.01709090909090909,0.7746427262733602,0.738,True,0.95 original drop
195,0.01563636363636364,0.7353700516351118,0.69,True,0.95 original drop
196,0.01418181818181818,0.0,0.0,False,0.95 original drop
197,0.012727272727272726,0.8492333901192505,0.619,True,0.95 original drop
198,0.011272727272727271,0.7669333333333334,0.555,True,0.95 original drop
199,0.009818181818181818,0.0,0.0,False,0.95 original drop
200,0.008363636363636363,0.8403361344537815,0.442,True,0.95 original drop
201,0.006909090909090908,0.8737060041407867,0.319,True,0.95 original drop
202,0.005454545454545453,0.9780621572212066,0.18100000000000002,True,0.95 original drop
203,0.004,0.0,0.0,False,0.95 original drop
204,0.02,0.0,0.0,False,0.95 original drop
205,0.018545454545454542,0.0,0.0,False,0.95 original drop
206,0.01709090909090909,0.0,0.0,False,0.95 original drop
207,0.01563636363636364,0.0,0.0,False,0.95 original drop
208,0.01418181818181818,0.0,0.0,False,0.95 original drop
209,0.012727272727272726,0.0,0.0,False,0.95 original drop
210,0.011272727272727271,0.0,0.0,False,0.95 original drop
211,0.009818181818181818,0.0,0.0,False,0.95 original drop
212,0.008363636363636363,0.0,0.0,False,0.95 original drop
213,0.006909090909090908,0.9032863849765258,0.32799999999999996,True,0.95 original drop
214,0.005454545454545453,1.0,0.001,True,0.95 original drop
215,0.004,0.0,0.0,False,0.95 original drop
216,0.02,0.0,0.0,False,0.95 original drop
217,0.018545454545454542,0.0,0.0,False,0.95 original drop
218,0.01709090909090909,0.0,0.0,False,0.95 original drop
219,0.01563636363636364,0.0,0.0,False,0.95 original drop
220,0.01418181818181818,0.0,0.0,False,0.95 original drop
221,0.012727272727272726,0.0,0.0,False,0.95 original drop
222,0.011272727272727271,0.0,0.0,False,0.95 original drop
223,0.009818181818181818,0.0,0.0,False,0.95 original drop
224,0.008363636363636363,1.0,0.064,True,0.95 original drop
225,0.006909090909090908,0.8353726362625139,0.306,True,0.95 original drop
226,0.005454545454545453,1.0,0.151,True,0.95 original drop
227,0.004,0.0,0.0,False,0.95 original drop
228,0.02,0.0,0.0,False,0.95 original drop
229,0.018545454545454542,0.8453738910012675,0.7659999999999999,True,0.95 original drop
230,0.01709090909090909,0.0,0.0,False,0.95 original drop
231,0.01563636363636364,0.0,0.0,False,0.95 original drop
232,0.01418181818181818,0.8226401179941003,0.7040000000000001,True,0.95 original drop
233,0.012727272727272726,0.0,0.0,False,0.95 original drop
234,0.011272727272727271,0.0,0.0,False,0.95 original drop
235,0.009818181818181818,0.0,0.0,False,0.95 original drop
236,0.008363636363636363,1.0,0.006,True,0.95 original drop
237,0.006909090909090908,0.0,0.0,False,0.95 original drop
238,0.005454545454545453,0.9959349593495936,0.171,True,0.95 original drop
239,0.004,0.0,0.0,False,0.95 original drop
240,0.02,0.0,0.0,False,0.95 original drop
241,0.018545454545454542,0.0,0.0,False,0.95 original drop
242,0.01709090909090909,0.0,0.0,False,0.95 original drop
243,0.01563636363636364,0.0,0.0,False,0.95 original drop
244,0.01418181818181818,0.0,0.0,False,0.95 original drop
245,0.012727272727272726,0.0,0.0,False,0.95 original drop
246,0.011272727272727271,0.0,0.0,False,0.95 original drop
247,0.009818181818181818,0.0,0.0,False,0.95 original drop
248,0.008363636363636363,0.8508254716981132,0.489,True,0.95 original drop
249,0.006909090909090908,0.8851894374282434,0.275,True,0.95 original drop
250,0.005454545454545453,0.9834254143646408,0.163,True,0.95 original drop
251,0.004,0.0,0.0,False,0.95 original drop
252,0.02,0.0,0.0,False,0.95 original drop
253,0.018545454545454542,0.0,0.0,False,0.95 original drop
254,0.01709090909090909,0.0,0.0,False,0.95 original drop
255,0.01563636363636364,0.0,0.0,False,0.95 original drop
256,0.01418181818181818,0.0,0.0,False,0.95 original drop
257,0.012727272727272726,0.0,0.0,False,0.95 original drop
258,0.011272727272727271,0.8005208333333333,0.5479999999999999,True,0.95 original drop
259,0.009818181818181818,0.7817482133040132,0.532,True,0.95 original drop
260,0.008363636363636363,0.0,0.0,False,0.95 original drop
261,0.006909090909090908,1.0,0.027000000000000003,True,0.95 original drop
262,0.005454545454545453,1.0,0.2,True,0.95 original drop
263,0.004,0.0,0.0,False,0.95 original drop
264,0.02,0.0,0.0,False,0.95 original drop
265,0.018545454545454542,0.0,0.0,False,0.95 original drop
266,0.01709090909090909,0.0,0.0,False,0.95 original drop
267,0.01563636363636364,0.0,0.0,False,0.95 original drop
268,0.01418181818181818,0.0,0.0,False,0.95 original drop
269,0.012727272727272726,0.0,0.0,False,0.95 original drop
270,0.011272727272727271,0.7940896091515729,0.581,True,0.95 original drop
271,0.009818181818181818,0.0,0.0,False,0.95 original drop
272,0.008363636363636363,0.7573189522342064,0.408,True,0.95 original drop
273,0.006909090909090908,0.8576388888888888,0.349,True,0.95 original drop
274,0.005454545454545453,0.9869203329369798,0.26,True,0.95 original drop
275,0.004,0.0,0.0,False,0.95 original drop
276,0.02,0.0,0.0,False,0.95 original drop
277,0.018545454545454542,0.0,0.0,False,0.95 original drop
278,0.01709090909090909,0.0,0.0,False,0.95 original drop
279,0.01563636363636364,0.0,0.0,False,0.95 original drop
280,0.01418181818181818,0.0,0.0,False,0.95 original drop
281,0.012727272727272726,0.0,0.0,False,0.95 original drop
282,0.011272727272727271,0.0,0.0,False,0.95 original drop
283,0.009818181818181818,0.0,0.0,False,0.95 original drop
284,0.008363636363636363,0.0,0.0,False,0.95 original drop
285,0.006909090909090908,0.8208955223880597,0.303,True,0.95 original drop
286,0.005454545454545453,1.0,0.163,True,0.95 original drop
287,0.004,0.0,0.0,False,0.95 original drop
288,0.02,0.8447461629279811,0.7809999999999999,True,0.95 original drop
289,0.018545454545454542,0.0,0.0,False,0.95 original drop
290,0.01709090909090909,0.0,0.0,False,0.95 original drop
291,0.01563636363636364,0.0,0.0,False,0.95 original drop
292,0.01418181818181818,0.0,0.0,False,0.95 original drop
293,0.012727272727272726,0.0,0.0,False,0.95 original drop
294,0.011272727272727271,0.0,0.0,False,0.95 original drop
295,0.009818181818181818,0.0,0.0,False,0.95 original drop
296,0.008363636363636363,0.8251121076233184,0.48100000000000004,True,0.95 original drop
297,0.006909090909090908,0.8629441624365483,0.359,True,0.95 original drop
298,0.005454545454545453,0.0,0.0,False,0.95 original drop
299,0.004,0.0,0.0,False,0.95 original drop
300,0.02,0.0,0.0,False,0.95 original drop
301,0.018545454545454542,0.0,0.0,False,0.95 original drop
302,0.01709090909090909,0.0,0.0,False,0.95 original drop
303,0.01563636363636364,0.0,0.0,False,0.95 original drop
304,0.01418181818181818,0.0,0.0,False,0.95 original drop
305,0.012727272727272726,0.7293600390815828,0.638,True,0.95 original drop
306,0.011272727272727271,0.0,0.0,False,0.95 original drop
307,0.009818181818181818,0.8334249587685542,0.515,True,0.95 original drop
308,0.008363636363636363,0.0,0.0,False,0.95 original drop
309,0.006909090909090908,1.0,0.017,True,0.95 original drop
310,0.005454545454545453,1.0,0.076,True,0.95 original drop
311,0.004,0.0,0.0,False,0.95 original drop
312,0.02,0.0,0.0,False,0.95 original drop
313,0.018545454545454542,0.0,0.0,False,0.95 original drop
314,0.01709090909090909,0.0,0.0,False,0.95 original drop
315,0.01563636363636364,0.0,0.0,False,0.95 original drop
316,0.01418181818181818,0.7195838986883764,0.657,True,0.95 original drop
317,0.012727272727272726,0.0,0.0,False,0.95 original drop
318,0.011272727272727271,0.0,0.0,False,0.95 original drop
319,0.009818181818181818,0.0,0.0,False,0.95 original drop
320,0.008363636363636363,1.0,0.025,True,0.95 original drop
321,0.006909090909090908,0.0,0.0,False,0.95 original drop
322,0.005454545454545453,1.0,0.069,True,0.95 original drop
323,0.004,0.0,0.0,False,0.95 original drop
324,0.02,0.7252058016464131,0.736,True,0.95 original drop
325,0.018545454545454542,0.0,0.0,False,0.95 original drop
326,0.01709090909090909,0.0,0.0,False,0.95 original drop
327,0.01563636363636364,0.0,0.0,False,0.95 original drop
328,0.01418181818181818,0.0,0.0,False,0.95 original drop
329,0.012727272727272726,0.8461538461538461,0.652,True,0.95 original drop
330,0.011272727272727271,0.0,0.0,False,0.95 original drop
331,0.009818181818181818,0.7970620239390642,0.511,True,0.95 original drop
332,0.008363636363636363,0.0,0.0,False,0.95 original drop
333,0.006909090909090908,0.852529601722282,0.29600000000000004,True,0.95 original drop
334,0.005454545454545453,1.0,0.175,True,0.95 original drop
335,0.004,0.0,0.0,False,0.95 original drop
336,0.02,0.0,0.0,False,0.95 original drop
337,0.018545454545454542,0.0,0.0,False,0.95 original drop
338,0.01709090909090909,0.0,0.0,False,0.95 original drop
339,0.01563636363636364,0.0,0.0,False,0.95 original drop
340,0.01418181818181818,0.0,0.0,False,0.95 original drop
341,0.012727272727272726,0.0,0.0,False,0.95 original drop
342,0.011272727272727271,0.0,0.0,False,0.95 original drop
343,0.009818181818181818,0.0,0.0,False,0.95 original drop
344,0.008363636363636363,0.8580171358629131,0.484,True,0.95 original drop
345,0.006909090909090908,0.8485947416137806,0.341,True,0.95 original drop
346,0.005454545454545453,1.0,0.08,True,0.95 original drop
347,0.004,0.0,0.0,False,0.95 original drop
348,0.02,0.0,0.0,False,0.95 original drop
349,0.018545454545454542,0.0,0.0,False,0.95 original drop
350,0.01709090909090909,0.0,0.0,False,0.95 original drop
351,0.01563636363636364,0.0,0.0,False,0.95 original drop
352,0.01418181818181818,0.7754783287778212,0.6990000000000001,True,0.95 original drop
353,0.012727272727272726,0.8466027511463109,0.6509999999999999,True,0.95 original drop
354,0.011272727272727271,0.0,0.0,False,0.95 original drop
355,0.009818181818181818,0.0,0.0,False,0.95 original drop
356,0.008363636363636363,0.0,0.0,False,0.95 original drop
357,0.006909090909090908,0.8997594226142742,0.379,True,0.95 original drop
358,0.005454545454545453,1.0,0.001,True,0.95 original drop
359,0.004,0.0,0.0,False,0.95 original drop
360,0.02,0.0,0.0,False,0.95 original drop
361,0.018545454545454542,0.0,0.0,False,0.95 original drop
362,0.01709090909090909,0.0,0.0,False,0.95 original drop
363,0.01563636363636364,0.0,0.0,False,0.95 original drop
364,0.01418181818181818,0.0,0.0,False,0.95 original drop
365,0.012727272727272726,0.0,0.0,False,0.95 original drop
366,0.011272727272727271,0.0,0.0,False,0.95 original drop
367,0.009818181818181818,0.0,0.0,False,0.95 original drop
368,0.008363636363636363,0.801980198019802,0.408,True,0.95 original drop
369,0.006909090909090908,0.8353863381858903,0.301,True,0.95 original drop
370,0.005454545454545453,0.9983922829581994,0.191,True,0.95 original drop
371,0.004,0.0,0.0,False,0.95 original drop
372,0.02,0.0,0.0,False,0.95 original drop
373,0.018545454545454542,0.0,0.0,False,0.95 original drop
374,0.01709090909090909,0.0,0.0,False,0.95 original drop
375,0.01563636363636364,0.0,0.0,False,0.95 original drop
376,0.01418181818181818,0.0,0.0,False,0.95 original drop
377,0.012727272727272726,0.0,0.0,False,0.95 original drop
378,0.011272727272727271,0.0,0.0,False,0.95 original drop
379,0.009818181818181818,0.0,0.0,False,0.95 original drop
380,0.008363636363636363,0.8644470868014269,0.483,True,0.95 original drop
381,0.006909090909090908,0.8938547486033519,0.35700000000000004,True,0.95 original drop
382,0.005454545454545453,0.9603960396039604,0.17600000000000002,True,0.95 original drop
383,0.004,0.0,0.0,False,0.95 original drop
384,0.02,0.0,0.0,False,0.90 original drop
385,0.018545454545454542,0.8674501229844219,0.8059999999999999,True,0.90 original drop
386,0.01709090909090909,0.0,0.0,False,0.90 original drop
387,0.01563636363636364,0.8551013625789299,0.7,True,0.90 original drop
388,0.01418181818181818,0.0,0.0,False,0.90 original drop
389,0.012727272727272726,0.0,0.0,False,0.90 original drop
390,0.011272727272727271,1.0,0.01,True,0.90 original drop
391,0.009818181818181818,0.8775,0.528,True,0.90 original drop
392,0.008363636363636363,0.8748551564310545,0.46299999999999997,True,0.90 original drop
393,0.006909090909090908,0.8984962406015038,0.32799999999999996,True,0.90 original drop
394,0.005454545454545453,1.0,0.019,True,0.90 original drop
395,0.004,0.0,0.0,False,0.90 original drop
396,0.02,0.8206616366802091,0.767,True,0.90 original drop
397,0.018545454545454542,0.0,0.0,False,0.90 original drop
398,0.01709090909090909,0.8050847457627118,0.735,True,0.90 original drop
399,0.01563636363636364,0.8109692997585374,0.73,True,0.90 original drop
400,0.01418181818181818,0.0,0.0,False,0.90 original drop
401,0.012727272727272726,0.8288053591365836,0.669,True,0.90 original drop
402,0.011272727272727271,0.8067188219052002,0.608,True,0.90 original drop
403,0.009818181818181818,0.8870202673566192,0.564,True,0.90 original drop
404,0.008363636363636363,0.8141285466126229,0.462,True,0.90 original drop
405,0.006909090909090908,1.0,0.018000000000000002,True,0.90 original drop
406,0.005454545454545453,0.9811046511627908,0.212,True,0.90 original drop
407,0.004,0.0,0.0,False,0.90 original drop
408,0.02,0.0,0.0,False,0.90 original drop
409,0.018545454545454542,0.8765069097324316,0.773,True,0.90 original drop
410,0.01709090909090909,0.7700884275278739,0.6809999999999999,True,0.90 original drop
411,0.01563636363636364,0.0,0.0,False,0.90 original drop
412,0.01418181818181818,0.0,0.0,False,0.90 original drop
413,0.012727272727272726,0.0,0.0,False,0.90 original drop
414,0.011272727272727271,0.8890269151138717,0.619,True,0.90 original drop
415,0.009818181818181818,0.8443443443443444,0.511,True,0.90 original drop
416,0.008363636363636363,0.819813829787234,0.435,True,0.90 original drop
417,0.006909090909090908,1.0,0.016,True,0.90 original drop
418,0.005454545454545453,0.9731958762886598,0.17600000000000002,True,0.90 original drop
419,0.004,0.0,0.0,False,0.90 original drop
420,0.02,0.8743016759776536,0.799,True,0.90 original drop
421,0.018545454545454542,0.8342277877161598,0.753,True,0.90 original drop
422,0.01709090909090909,0.8200395517468688,0.73,True,0.90 original drop
423,0.01563636363636364,0.8663507109004739,0.7490000000000001,True,0.90 original drop
424,0.01418181818181818,1.0,0.6559999999999999,True,0.90 original drop
425,0.012727272727272726,0.8384644621816799,0.6459999999999999,True,0.90 original drop
426,0.011272727272727271,1.0,0.18,True,0.90 original drop
427,0.009818181818181818,0.8921102661596958,0.573,True,0.90 original drop
428,0.008363636363636363,0.876038338658147,0.433,True,0.90 original drop
429,0.006909090909090908,1.0,0.015,True,0.90 original drop
430,0.005454545454545453,1.0,0.08800000000000001,True,0.90 original drop
431,0.004,0.0,0.0,False,0.90 original drop
432,0.02,0.7553076646275638,0.728,True,0.90 original drop
433,0.018545454545454542,0.0,0.0,False,0.90 original drop
434,0.01709090909090909,0.0,0.0,False,0.90 original drop
435,0.01563636363636364,0.0,0.0,False,0.90 original drop
436,0.01418181818181818,0.8753820033955857,0.706,True,0.90 original drop
437,0.012727272727272726,0.0,0.0,False,0.90 original drop
438,0.011272727272727271,0.0,0.0,False,0.90 original drop
439,0.009818181818181818,0.8007268322228952,0.494,True,0.90 original drop
440,0.008363636363636363,0.8199052132701422,0.45799999999999996,True,0.90 original drop
441,0.006909090909090908,0.934036939313984,0.34600000000000003,True,0.90 original drop
442,0.005454545454545453,1.0,0.17600000000000002,True,0.90 original drop
443,0.004,0.0,0.0,False,0.90 original drop
444,0.02,0.0,0.0,False,0.90 original drop
445,0.018545454545454542,0.7699646643109541,0.742,True,0.90 original drop
446,0.01709090909090909,0.8656761673741662,0.767,True,0.90 original drop
447,0.01563636363636364,0.8375542691751086,0.684,True,0.90 original drop
448,0.01418181818181818,0.0,0.0,False,0.90 original drop
449,0.012727272727272726,0.8092805449127288,0.621,True,0.90 original drop
450,0.011272727272727271,0.8140515222482435,0.56,True,0.90 original drop
451,0.009818181818181818,0.8303659742828883,0.544,True,0.90 original drop
452,0.008363636363636363,0.0,0.0,False,0.90 original drop
453,0.006909090909090908,0.8851992409867173,0.33799999999999997,True,0.90 original drop
454,0.005454545454545453,0.0,0.0,False,0.90 original drop
455,0.004,0.0,0.0,False,0.90 original drop
456,0.02,0.0,0.0,False,0.90 original drop
457,0.018545454545454542,0.0,0.0,False,0.90 original drop
458,0.01709090909090909,0.0,0.0,False,0.90 original drop
459,0.01563636363636364,0.7699881843245372,0.7090000000000001,True,0.90 original drop
460,0.01418181818181818,1.0,0.42200000000000004,True,0.90 original drop
461,0.012727272727272726,0.8769692423105776,0.6409999999999999,True,0.90 original drop
462,0.011272727272727271,0.0,0.0,False,0.90 original drop
463,0.009818181818181818,0.8774072334429309,0.5589999999999999,True,0.90 original drop
464,0.008363636363636363,0.8600874453466584,0.45299999999999996,True,0.90 original drop
465,0.006909090909090908,0.9224062772449868,0.34700000000000003,True,0.90 original drop
466,0.005454545454545453,1.0,0.031,True,0.90 original drop
467,0.004,0.0,0.0,False,0.90 original drop
468,0.02,0.7984917043740574,0.773,True,0.90 original drop
469,0.018545454545454542,0.0,0.0,False,0.90 original drop
470,0.01709090909090909,0.0,0.0,False,0.90 original drop
471,0.01563636363636364,0.0,0.0,False,0.90 original drop
472,0.01418181818181818,0.8591648973814578,0.6709999999999999,True,0.90 original drop
473,0.012727272727272726,0.8320895522388059,0.64,True,0.90 original drop
474,0.011272727272727271,0.9090909090909092,0.61,True,0.90 original drop
475,0.009818181818181818,0.8335958005249344,0.516,True,0.90 original drop
476,0.008363636363636363,0.8775510204081632,0.43799999999999994,True,0.90 original drop
477,0.006909090909090908,0.8667296786389413,0.322,True,0.90 original drop
478,0.005454545454545453,1.0,0.005,True,0.90 original drop
479,0.004,0.0,0.0,False,0.90 original drop
480,0.02,0.0,0.0,False,0.90 original drop
481,0.018545454545454542,0.8445658773527626,0.76,True,0.90 original drop
482,0.01709090909090909,0.0,0.0,False,0.90 original drop
483,0.01563636363636364,0.0,0.0,False,0.90 original drop
484,0.01418181818181818,0.0,0.0,False,0.90 original drop
485,0.012727272727272726,1.0,0.48,True,0.90 original drop
486,0.011272727272727271,0.8235294117647058,0.604,True,0.90 original drop
487,0.009818181818181818,0.7823421213979154,0.493,True,0.90 original drop
488,0.008363636363636363,0.807367613200307,0.428,True,0.90 original drop
489,0.006909090909090908,0.9166666666666666,0.33399999999999996,True,0.90 original drop
490,0.005454545454545453,0.983490566037736,0.133,True,0.90 original drop
491,0.004,0.0,0.0,False,0.90 original drop
492,0.02,0.0,0.0,False,0.90 original drop
493,0.018545454545454542,0.8679188124810664,0.757,True,0.90 original drop
494,0.01709090909090909,0.0,0.0,False,0.90 original drop
495,0.01563636363636364,0.8691399662731872,0.732,True,0.90 original drop
496,0.01418181818181818,1.0,0.6559999999999999,True,0.90 original drop
497,0.012727272727272726,0.8115758343895226,0.642,True,0.90 original drop
498,0.011272727272727271,0.0,0.0,False,0.90 original drop
499,0.009818181818181818,0.8354769560557342,0.517,True,0.90 original drop
500,0.008363636363636363,0.8447488584474886,0.38,True,0.90 original drop
501,0.006909090909090908,0.8617121354656632,0.332,True,0.90 original drop
502,0.005454545454545453,1.0,0.068,True,0.90 original drop
503,0.004,0.0,0.0,False,0.90 original drop
504,0.02,0.8233183856502242,0.769,True,0.90 original drop
505,0.018545454545454542,0.812,0.768,True,0.90 original drop
506,0.01709090909090909,0.0,0.0,False,0.90 original drop
507,0.01563636363636364,0.7611881188118812,0.6940000000000001,True,0.90 original drop
508,0.01418181818181818,0.8267871170463472,0.644,True,0.90 original drop
509,0.012727272727272726,1.0,0.023,True,0.90 original drop
510,0.011272727272727271,0.7626567580120762,0.616,True,0.90 original drop
511,0.009818181818181818,0.0,0.0,False,0.90 original drop
512,0.008363636363636363,0.8988621997471555,0.449,True,0.90 original drop
513,0.006909090909090908,0.9341692789968652,0.365,True,0.90 original drop
514,0.005454545454545453,1.0,0.168,True,0.90 original drop
515,0.004,0.0,0.0,False,0.90 original drop
516,0.02,0.8841519925857275,0.75,True,0.90 original drop
517,0.018545454545454542,0.0,0.0,False,0.90 original drop
518,0.01709090909090909,0.0,0.0,False,0.90 original drop
519,0.01563636363636364,0.8498134328358209,0.731,True,0.90 original drop
520,0.01418181818181818,0.0,0.0,False,0.90 original drop
521,0.012727272727272726,0.8065009560229446,0.6659999999999999,True,0.90 original drop
522,0.011272727272727271,0.0,0.0,False,0.90 original drop
523,0.009818181818181818,0.8121387283236994,0.484,True,0.90 original drop
524,0.008363636363636363,0.8863936591809776,0.428,True,0.90 original drop
525,0.006909090909090908,0.9185336048879836,0.299,True,0.90 original drop
526,0.005454545454545453,0.0,0.0,False,0.90 original drop
527,0.004,0.0,0.0,False,0.90 original drop
528,0.02,0.0,0.0,False,0.90 original drop
529,0.018545454545454542,0.8758055067369654,0.769,True,0.90 original drop
530,0.01709090909090909,0.0,0.0,False,0.90 original drop
531,0.01563636363636364,0.8836060512503859,0.736,True,0.90 original drop
532,0.01418181818181818,0.8762250453720508,0.69,True,0.90 original drop
533,0.012727272727272726,0.0,0.0,False,0.90 original drop
534,0.011272727272727271,0.0,0.0,False,0.90 original drop
535,0.009818181818181818,0.8160919540229885,0.51,True,0.90 original drop
536,0.008363636363636363,0.8832116788321168,0.435,True,0.90 original drop
537,0.006909090909090908,0.9410358565737053,0.354,True,0.90 original drop
538,0.005454545454545453,1.0,0.166,True,0.90 original drop
539,0.004,0.0,0.0,False,0.90 original drop
540,0.02,0.0,0.0,False,0.90 original drop
541,0.018545454545454542,0.0,0.0,False,0.90 original drop
542,0.01709090909090909,0.8062375580623756,0.7170000000000001,True,0.90 original drop
543,0.01563636363636364,0.0,0.0,False,0.90 original drop
544,0.01418181818181818,0.0,0.0,False,0.90 original drop
545,0.012727272727272726,0.8759068346697213,0.6609999999999999,True,0.90 original drop
546,0.011272727272727271,0.0,0.0,False,0.90 original drop
547,0.009818181818181818,0.8003194888178914,0.528,True,0.90 original drop
548,0.008363636363636363,1.0,0.113,True,0.90 original drop
549,0.006909090909090908,0.9043560606060606,0.33,True,0.90 original drop
550,0.005454545454545453,0.0,0.0,False,0.90 original drop
551,0.004,0.0,0.0,False,0.90 original drop
552,0.02,0.0,0.0,False,0.90 original drop
553,0.018545454545454542,0.8562537048014226,0.754,True,0.90 original drop
554,0.01709090909090909,0.0,0.0,False,0.90 original drop
555,0.01563636363636364,0.0,0.0,False,0.90 original drop
556,0.01418181818181818,0.0,0.0,False,0.90 original drop
557,0.012727272727272726,0.0,0.0,False,0.90 original drop
558,0.011272727272727271,0.0,0.0,False,0.90 original drop
559,0.009818181818181818,0.7822120866590649,0.521,True,0.90 original drop
560,0.008363636363636363,0.8358974358974359,0.44,True,0.90 original drop
561,0.006909090909090908,0.9092664092664092,0.315,True,0.90 original drop
562,0.005454545454545453,1.0,0.145,True,0.90 original drop
563,0.004,0.0,0.0,False,0.90 original drop
564,0.02,0.8559297218155197,0.778,True,0.90 original drop
565,0.018545454545454542,0.0,0.0,False,0.90 original drop
566,0.01709090909090909,0.0,0.0,False,0.90 original drop
567,0.01563636363636364,0.8783244680851063,0.7340000000000001,True,0.90 original drop
568,0.01418181818181818,0.79296875,0.726,True,0.90 original drop
569,0.012727272727272726,0.0,0.0,False,0.90 original drop
570,0.011272727272727271,0.0,0.0,False,0.90 original drop
571,0.009818181818181818,0.8039849219170705,0.527,True,0.90 original drop
572,0.008363636363636363,1.0,0.049,True,0.90 original drop
573,0.006909090909090908,0.9255319148936171,0.285,True,0.90 original drop
574,0.005454545454545453,0.9595827900912648,0.257,True,0.90 original drop
575,0.004,0.0,0.0,False,0.90 original drop
576,0.02,0.8690211345939933,0.7809999999999999,True,0.90 original drop
577,0.018545454545454542,0.0,0.0,False,0.90 original drop
578,0.01709090909090909,0.8121546961325967,0.718,True,0.90 original drop
579,0.01563636363636364,0.0,0.0,False,0.90 original drop
580,0.01418181818181818,0.0,0.0,False,0.90 original drop
581,0.012727272727272726,0.8006658343736995,0.631,True,0.90 original drop
582,0.011272727272727271,0.7737047898338221,0.5870000000000001,True,0.90 original drop
583,0.009818181818181818,0.8216840946615299,0.517,True,0.90 original drop
584,0.008363636363636363,0.8354263053536021,0.424,True,0.90 original drop
585,0.006909090909090908,0.897876643073812,0.322,True,0.90 original drop
586,0.005454545454545453,1.0,0.163,True,0.90 original drop
587,0.004,0.0,0.0,False,0.90 original drop
588,0.02,0.0,0.0,False,0.90 original drop
589,0.018545454545454542,0.778263795423957,0.755,True,0.90 original drop
590,0.01709090909090909,0.0,0.0,False,0.90 original drop
591,0.01563636363636364,0.8632750397456279,0.72,True,0.90 original drop
592,0.01418181818181818,0.7967871485943775,0.6729999999999999,True,0.90 original drop
593,0.012727272727272726,0.8678877630553391,0.662,True,0.90 original drop
594,0.011272727272727271,0.8447257383966245,0.617,True,0.90 original drop
595,0.009818181818181818,0.0,0.0,False,0.90 original drop
596,0.008363636363636363,0.8517571884984025,0.462,True,0.90 original drop
597,0.006909090909090908,0.8892857142857142,0.272,True,0.90 original drop
598,0.005454545454545453,1.0,0.145,True,0.90 original drop
599,0.004,0.0,0.0,False,0.90 original drop
600,0.02,0.8097991479001826,0.78,True,0.90 original drop
601,0.018545454545454542,0.7544776119402985,0.726,True,0.90 original drop
602,0.01709090909090909,0.0,0.0,False,0.90 original drop
603,0.01563636363636364,0.0,0.0,False,0.90 original drop
604,0.01418181818181818,0.0,0.0,False,0.90 original drop
605,0.012727272727272726,0.8214882943143813,0.637,True,0.90 original drop
606,0.011272727272727271,0.0,0.0,False,0.90 original drop
607,0.009818181818181818,0.7942918686052773,0.509,True,0.90 original drop
608,0.008363636363636363,0.837979094076655,0.47100000000000003,True,0.90 original drop
609,0.006909090909090908,0.9312839059674504,0.316,True,0.90 original drop
610,0.005454545454545453,1.0,0.032,True,0.90 original drop
611,0.004,0.0,0.0,False,0.90 original drop
612,0.02,0.0,0.0,False,0.90 original drop
613,0.018545454545454542,0.0,0.0,False,0.90 original drop
614,0.01709090909090909,0.0,0.0,False,0.90 original drop
615,0.01563636363636364,0.0,0.0,False,0.90 original drop
616,0.01418181818181818,0.0,0.0,False,0.90 original drop
617,0.012727272727272726,0.0,0.0,False,0.90 original drop
618,0.011272727272727271,0.0,0.0,False,0.90 original drop
619,0.009818181818181818,0.7861635220125787,0.493,True,0.90 original drop
620,0.008363636363636363,0.0,0.0,False,0.90 original drop
621,0.006909090909090908,0.8940936863543788,0.309,True,0.90 original drop
622,0.005454545454545453,0.948024948024948,0.158,True,0.90 original drop
623,0.004,0.0,0.0,False,0.90 original drop
624,0.02,0.7880710659898477,0.772,True,0.90 original drop
625,0.018545454545454542,0.7684921763869133,0.731,True,0.90 original drop
626,0.01709090909090909,0.0,0.0,False,0.90 original drop
627,0.01563636363636364,0.0,0.0,False,0.90 original drop
628,0.01418181818181818,0.8080527594585214,0.736,True,0.90 original drop
629,0.012727272727272726,0.0,0.0,False,0.90 original drop
630,0.011272727272727271,0.8494055482166446,0.581,True,0.90 original drop
631,0.009818181818181818,0.8577256501784803,0.536,True,0.90 original drop
632,0.008363636363636363,0.8214285714285714,0.419,True,0.90 original drop
633,0.006909090909090908,0.8735521235521235,0.304,True,0.90 original drop
634,0.005454545454545453,1.0,0.068,True,0.90 original drop
635,0.004,0.0,0.0,False,0.90 original drop
636,0.02,0.0,0.0,False,0.90 original drop
637,0.018545454545454542,0.8632755072037636,0.763,True,0.90 original drop
638,0.01709090909090909,0.7740154582259845,0.7090000000000001,True,0.90 original drop
639,0.01563636363636364,0.0,0.0,False,0.90 original drop
640,0.01418181818181818,0.0,0.0,False,0.90 original drop
641,0.012727272727272726,0.0,0.0,False,0.90 original drop
642,0.011272727272727271,0.7941458733205374,0.564,True,0.90 original drop
643,0.009818181818181818,0.8838133068520357,0.557,True,0.90 original drop
644,0.008363636363636363,0.8701639344262295,0.433,True,0.90 original drop
645,0.006909090909090908,0.9362912400455062,0.27899999999999997,True,0.90 original drop
646,0.005454545454545453,1.0,0.009000000000000001,True,0.90 original drop
647,0.004,0.0,0.0,False,0.90 original drop
648,0.02,0.8710413694721826,0.79,True,0.90 original drop
649,0.018545454545454542,0.0,0.0,False,0.90 original drop
650,0.01709090909090909,0.8551912568306009,0.741,True,0.90 original drop
651,0.01563636363636364,0.0,0.0,False,0.90 original drop
652,0.01418181818181818,0.0,0.0,False,0.90 original drop
653,0.012727272727272726,0.8195679796696315,0.622,True,0.90 original drop
654,0.011272727272727271,0.8321299638989169,0.602,True,0.90 original drop
655,0.009818181818181818,1.0,0.121,True,0.90 original drop
656,0.008363636363636363,0.0,0.0,False,0.90 original drop
657,0.006909090909090908,1.0,0.23,True,0.90 original drop
658,0.005454545454545453,1.0,0.195,True,0.90 original drop
659,0.004,0.0,0.0,False,0.90 original drop
660,0.02,0.0,0.0,False,0.90 original drop
661,0.018545454545454542,0.8221820373719108,0.7829999999999999,True,0.90 original drop
662,0.01709090909090909,0.0,0.0,False,0.90 original drop
663,0.01563636363636364,0.0,0.0,False,0.90 original drop
664,0.01418181818181818,0.0,0.0,False,0.90 original drop
665,0.012727272727272726,0.8260697305863708,0.664,True,0.90 original drop
666,0.011272727272727271,0.0,0.0,False,0.90 original drop
667,0.009818181818181818,0.0,0.0,False,0.90 original drop
668,0.008363636363636363,0.8615873015873016,0.469,True,0.90 original drop
669,0.006909090909090908,0.876937984496124,0.314,True,0.90 original drop
670,0.005454545454545453,0.9877862595419848,0.24600000000000002,True,0.90 original drop
671,0.004,0.0,0.0,False,0.90 original drop
672,0.02,0.8533223049352081,0.7929999999999999,True,0.90 original drop
673,0.018545454545454542,0.8349457637056582,0.774,True,0.90 original drop
674,0.01709090909090909,0.8570069752694991,0.755,True,0.90 original drop
675,0.01563636363636364,0.7873563218390804,0.679,True,0.90 original drop
676,0.01418181818181818,0.0,0.0,False,0.90 original drop
677,0.012727272727272726,0.0,0.0,False,0.90 original drop
678,0.011272727272727271,0.7899201596806387,0.5760000000000001,True,0.90 original drop
679,0.009818181818181818,0.8128997867803838,0.527,True,0.90 original drop
680,0.008363636363636363,0.8622754491017964,0.424,True,0.90 original drop
681,0.006909090909090908,0.0,0.0,False,0.90 original drop
682,0.005454545454545453,0.9679487179487181,0.19899999999999998,True,0.90 original drop
683,0.004,0.0,0.0,False,0.90 original drop
684,0.02,0.8594657375145179,0.7909999999999999,True,0.90 original drop
685,0.018545454545454542,0.8726774291806275,0.777,True,0.90 original drop
686,0.01709090909090909,0.7716763005780347,0.7290000000000001,True,0.90 original drop
687,0.01563636363636364,0.0,0.0,False,0.90 original drop
688,0.01418181818181818,0.7591074681238615,0.63,True,0.90 original drop
689,0.012727272727272726,0.0,0.0,False,0.90 original drop
690,0.011272727272727271,0.0,0.0,False,0.90 original drop
691,0.009818181818181818,0.0,0.0,False,0.90 original drop
692,0.008363636363636363,0.8674171357098186,0.473,True,0.90 original drop
693,0.006909090909090908,0.8504221954161642,0.24600000000000002,True,0.90 original drop
694,0.005454545454545453,0.0,0.0,False,0.90 original drop
695,0.004,0.0,0.0,False,0.90 original drop
696,0.02,0.8785808147174771,0.7859999999999999,True,0.90 original drop
697,0.018545454545454542,0.0,0.0,False,0.90 original drop
698,0.01709090909090909,0.8403465346534653,0.7440000000000001,True,0.90 original drop
699,0.01563636363636364,0.8396694214876033,0.7120000000000001,True,0.90 original drop
700,0.01418181818181818,0.0,0.0,False,0.90 original drop
701,0.012727272727272726,0.8712794742945497,0.635,True,0.90 original drop
702,0.011272727272727271,0.0,0.0,False,0.90 original drop
703,0.009818181818181818,0.7900786448880823,0.484,True,0.90 original drop
704,0.008363636363636363,0.8751584283903675,0.449,True,0.90 original drop
705,0.006909090909090908,0.8804920913884007,0.35100000000000003,True,0.90 original drop
706,0.005454545454545453,1.0,0.171,True,0.90 original drop
707,0.004,0.0,0.0,False,0.90 original drop
708,0.02,0.0,0.0,False,0.90 original drop
709,0.018545454545454542,1.0,0.6920000000000001,True,0.90 original drop
710,0.01709090909090909,1.0,0.502,True,0.90 original drop
711,0.01563636363636364,0.0,0.0,False,0.90 original drop
712,0.01418181818181818,0.0,0.0,False,0.90 original drop
713,0.012727272727272726,0.7721935180836074,0.605,True,0.90 original drop
714,0.011272727272727271,0.0,0.0,False,0.90 original drop
715,0.009818181818181818,0.8186221743810549,0.525,True,0.90 original drop
716,0.008363636363636363,0.8331015299026425,0.408,True,0.90 original drop
717,0.006909090909090908,0.8606635071090047,0.311,True,0.90 original drop
718,0.005454545454545453,0.9884910485933504,0.242,True,0.90 original drop
719,0.004,0.0,0.0,False,0.90 original drop
720,0.02,0.0,0.0,False,0.90 original drop
721,0.018545454545454542,0.8522212148685403,0.767,True,0.90 original drop
722,0.01709090909090909,0.0,0.0,False,0.90 original drop
723,0.01563636363636364,0.8633964607264825,0.7240000000000001,True,0.90 original drop
724,0.01418181818181818,0.8072742474916388,0.642,True,0.90 original drop
725,0.012727272727272726,0.0,0.0,False,0.90 original drop
726,0.011272727272727271,0.7653575025176234,0.56,True,0.90 original drop
727,0.009818181818181818,0.7726190476190476,0.526,True,0.90 original drop
728,0.008363636363636363,0.8888238736102985,0.45299999999999996,True,0.90 original drop
729,0.006909090909090908,0.9470085470085471,0.365,True,0.90 original drop
730,0.005454545454545453,0.986322188449848,0.213,True,0.90 original drop
731,0.004,0.0,0.0,False,0.90 original drop
732,0.02,0.0,0.0,False,0.90 original drop
733,0.018545454545454542,0.0,0.0,False,0.90 original drop
734,0.01709090909090909,0.0,0.0,False,0.90 original drop
735,0.01563636363636364,0.0,0.0,False,0.90 original drop
736,0.01418181818181818,0.7705835331734612,0.6970000000000001,True,0.90 original drop
737,0.012727272727272726,0.8496860282574569,0.667,True,0.90 original drop
738,0.011272727272727271,0.0,0.0,False,0.90 original drop
739,0.009818181818181818,0.8150572831423896,0.513,True,0.90 original drop
740,0.008363636363636363,0.8679012345679012,0.45399999999999996,True,0.90 original drop
741,0.006909090909090908,0.8989010989010989,0.276,True,0.90 original drop
742,0.005454545454545453,1.0,0.136,True,0.90 original drop
743,0.004,0.0,0.0,False,0.90 original drop
744,0.02,0.873006833712984,0.775,True,0.90 original drop
745,0.018545454545454542,0.7678384963452837,0.746,True,0.90 original drop
746,0.01709090909090909,0.0,0.0,False,0.90 original drop
747,0.01563636363636364,0.0,0.0,False,0.90 original drop
748,0.01418181818181818,0.0,0.0,False,0.90 original drop
749,0.012727272727272726,0.8100470957613815,0.643,True,0.90 original drop
750,0.011272727272727271,0.8550323176361958,0.569,True,0.90 original drop
751,0.009818181818181818,0.8436170212765958,0.509,True,0.90 original drop
752,0.008363636363636363,0.8367486338797814,0.429,True,0.90 original drop
753,0.006909090909090908,0.8895348837209303,0.374,True,0.90 original drop
754,0.005454545454545453,1.0,0.10400000000000001,True,0.90 original drop
755,0.004,0.0,0.0,False,0.90 original drop
756,0.02,0.0,0.0,False,0.90 original drop
757,0.018545454545454542,0.8452347083926032,0.7879999999999999,True,0.90 original drop
758,0.01709090909090909,0.8143342601173926,0.754,True,0.90 original drop
759,0.01563636363636364,0.0,0.0,False,0.90 original drop
760,0.01418181818181818,0.8148727984344423,0.649,True,0.90 original drop
761,0.012727272727272726,0.7467350746268657,0.648,True,0.90 original drop
762,0.011272727272727271,0.0,0.0,False,0.90 original drop
763,0.009818181818181818,0.8999499749874937,0.529,True,0.90 original drop
764,0.008363636363636363,0.0,0.0,False,0.90 original drop
765,0.006909090909090908,0.8555555555555555,0.299,True,0.90 original drop
766,0.005454545454545453,1.0,0.20600000000000002,True,0.90 original drop
767,0.004,0.0,0.0,False,0.90 original drop
768,0.02,0.9013499480789201,0.813,True,0.80 original drop
769,0.018545454545454542,0.8666496032761709,0.7859999999999999,True,0.80 original drop
770,0.01709090909090909,0.885158013544018,0.743,True,0.80 original drop
771,0.01563636363636364,0.895457373988799,0.726,True,0.80 original drop
772,0.01418181818181818,0.8496709386906823,0.672,True,0.80 original drop
773,0.012727272727272726,0.8533057851239669,0.596,True,0.80 original drop
774,0.011272727272727271,0.9017199017199016,0.5920000000000001,True,0.80 original drop
775,0.009818181818181818,0.8928892889288929,0.53,True,0.80 original drop
776,0.008363636363636363,0.9447353112274578,0.479,True,0.80 original drop
777,0.006909090909090908,0.93015332197615,0.34700000000000003,True,0.80 original drop
778,0.005454545454545453,1.0,0.061,True,0.80 original drop
779,0.004,0.0,0.0,False,0.80 original drop
780,0.02,0.8585499316005472,0.7390000000000001,True,0.80 original drop
781,0.018545454545454542,0.8880714661061482,0.764,True,0.80 original drop
782,0.01709090909090909,0.8375515008828722,0.716,True,0.80 original drop
783,0.01563636363636364,0.0,0.0,False,0.80 original drop
784,0.01418181818181818,0.8672939649578196,0.722,True,0.80 original drop
785,0.012727272727272726,0.9136926438455936,0.648,True,0.80 original drop
786,0.011272727272727271,0.8197026022304833,0.585,True,0.80 original drop
787,0.009818181818181818,0.911158117398202,0.519,True,0.80 original drop
788,0.008363636363636363,0.8694306930693071,0.456,True,0.80 original drop
789,0.006909090909090908,0.9678714859437751,0.306,True,0.80 original drop
790,0.005454545454545453,0.0,0.0,False,0.80 original drop
791,0.004,0.0,0.0,False,0.80 original drop
792,0.02,0.8633235004916421,0.7709999999999999,True,0.80 original drop
793,0.018545454545454542,0.8512703397088209,0.748,True,0.80 original drop
794,0.01709090909090909,0.8567753001715266,0.713,True,0.80 original drop
795,0.01563636363636364,0.8924731182795699,0.725,True,0.80 original drop
796,0.01418181818181818,0.8607075173720783,0.6890000000000001,True,0.80 original drop
797,0.012727272727272726,0.8513713862120089,0.626,True,0.80 original drop
798,0.011272727272727271,0.8745432399512789,0.5770000000000001,True,0.80 original drop
799,0.009818181818181818,0.8642925890279115,0.53,True,0.80 original drop
800,0.008363636363636363,0.9360730593607306,0.43799999999999994,True,0.80 original drop
801,0.006909090909090908,0.9183285849952516,0.313,True,0.80 original drop
802,0.005454545454545453,1.0,0.08900000000000001,True,0.80 original drop
803,0.004,0.0,0.0,False,0.80 original drop
804,0.02,0.9020489755122438,0.8,True,0.80 original drop
805,0.018545454545454542,0.8802509547190398,0.747,True,0.80 original drop
806,0.01709090909090909,0.8924885321100917,0.76,True,0.80 original drop
807,0.01563636363636364,0.8247154471544715,0.7120000000000001,True,0.80 original drop
808,0.01418181818181818,0.9101123595505618,0.703,True,0.80 original drop
809,0.012727272727272726,0.8516129032258064,0.643,True,0.80 original drop
810,0.011272727272727271,0.8721804511278195,0.583,True,0.80 original drop
811,0.009818181818181818,0.8612118073537027,0.534,True,0.80 original drop
812,0.008363636363636363,0.8760088041085841,0.39,True,0.80 original drop
813,0.006909090909090908,0.9738058551617874,0.36700000000000005,True,0.80 original drop
814,0.005454545454545453,1.0,0.127,True,0.80 original drop
815,0.004,0.0,0.0,False,0.80 original drop
816,0.02,0.8695184288404627,0.77,True,0.80 original drop
817,0.018545454545454542,0.8992862807295797,0.773,True,0.80 original drop
818,0.01709090909090909,0.8791049113629759,0.7290000000000001,True,0.80 original drop
819,0.01563636363636364,0.893848009650181,0.732,True,0.80 original drop
820,0.01418181818181818,0.8610596517228604,0.624,True,0.80 original drop
821,0.012727272727272726,0.8652889399158056,0.6459999999999999,True,0.80 original drop
822,0.011272727272727271,0.8837022132796779,0.59,True,0.80 original drop
823,0.009818181818181818,0.8856121537086684,0.57,True,0.80 original drop
824,0.008363636363636363,0.902608695652174,0.44,True,0.80 original drop
825,0.006909090909090908,0.9991749174917492,0.348,True,0.80 original drop
826,0.005454545454545453,1.0,0.174,True,0.80 original drop
827,0.004,0.0,0.0,False,0.80 original drop
828,0.02,0.8985029180411063,0.777,True,0.80 original drop
829,0.018545454545454542,0.8746894838531604,0.7559999999999999,True,0.80 original drop
830,0.01709090909090909,0.8935614849187935,0.755,True,0.80 original drop
831,0.01563636363636364,0.8234126984126984,0.695,True,0.80 original drop
832,0.01418181818181818,0.8537333787930447,0.653,True,0.80 original drop
833,0.012727272727272726,0.8614766081871345,0.631,True,0.80 original drop
834,0.011272727272727271,0.8541751527494909,0.591,True,0.80 original drop
835,0.009818181818181818,0.8652151373768792,0.532,True,0.80 original drop
836,0.008363636363636363,0.9577883472057076,0.486,True,0.80 original drop
837,0.006909090909090908,0.9739495798319328,0.342,True,0.80 original drop
838,0.005454545454545453,0.9987309644670049,0.221,True,0.80 original drop
839,0.004,0.0,0.0,False,0.80 original drop
840,0.02,0.8857868020304569,0.79,True,0.80 original drop
841,0.018545454545454542,0.8696498054474708,0.765,True,0.80 original drop
842,0.01709090909090909,0.8819229687939275,0.747,True,0.80 original drop
843,0.01563636363636364,0.903828197945845,0.7240000000000001,True,0.80 original drop
844,0.01418181818181818,0.905427364315892,0.713,True,0.80 original drop
845,0.012727272727272726,0.906123945727906,0.638,True,0.80 original drop
846,0.011272727272727271,0.8962143768609102,0.599,True,0.80 original drop
847,0.009818181818181818,0.8629648497198166,0.513,True,0.80 original drop
848,0.008363636363636363,0.8349381017881705,0.419,True,0.80 original drop
849,0.006909090909090908,0.9781094527363184,0.298,True,0.80 original drop
850,0.005454545454545453,1.0,0.035,True,0.80 original drop
851,0.004,0.0,0.0,False,0.80 original drop
852,0.02,0.8694867165334021,0.777,True,0.80 original drop
853,0.018545454545454542,0.8635120350109409,0.745,True,0.80 original drop
854,0.01709090909090909,0.8816397228637414,0.7390000000000001,True,0.80 original drop
855,0.01563636363636364,0.8236507390855964,0.693,True,0.80 original drop
856,0.01418181818181818,0.8311688311688312,0.653,True,0.80 original drop
857,0.012727272727272726,0.8749554684716779,0.669,True,0.80 original drop
858,0.011272727272727271,0.8466308391897478,0.5720000000000001,True,0.80 original drop
859,0.009818181818181818,0.8360830228845131,0.495,True,0.80 original drop
860,0.008363636363636363,0.924969987995198,0.433,True,0.80 original drop
861,0.006909090909090908,0.9705619982158786,0.332,True,0.80 original drop
862,0.005454545454545453,1.0,0.147,True,0.80 original drop
863,0.004,0.0,0.0,False,0.80 original drop
864,0.02,0.8935942106673814,0.77,True,0.80 original drop
865,0.018545454545454542,0.858609794628752,0.76,True,0.80 original drop
866,0.01709090909090909,0.8415954415954416,0.752,True,0.80 original drop
867,0.01563636363636364,0.8306451612903226,0.7040000000000001,True,0.80 original drop
868,0.01418181818181818,0.0,0.0,False,0.80 original drop
869,0.012727272727272726,0.8300229182582124,0.644,True,0.80 original drop
870,0.011272727272727271,0.8444444444444444,0.5760000000000001,True,0.80 original drop
871,0.009818181818181818,0.8749394086282113,0.547,True,0.80 original drop
872,0.008363636363636363,0.9007989347536618,0.392,True,0.80 original drop
873,0.006909090909090908,0.9934210526315791,0.36700000000000005,True,0.80 original drop
874,0.005454545454545453,1.0,0.10099999999999999,True,0.80 original drop
875,0.004,0.0,0.0,False,0.80 original drop
876,0.02,0.8943109987357775,0.7929999999999999,True,0.80 original drop
877,0.018545454545454542,0.8648498331479422,0.746,True,0.80 original drop
878,0.01709090909090909,0.8852047924212872,0.7509999999999999,True,0.80 original drop
879,0.01563636363636364,0.8462199312714777,0.7340000000000001,True,0.80 original drop
880,0.01418181818181818,0.8864135550674616,0.68,True,0.80 original drop
881,0.012727272727272726,0.8715317369821359,0.647,True,0.80 original drop
882,0.011272727272727271,0.8453014184397163,0.5770000000000001,True,0.80 original drop
883,0.009818181818181818,0.8719739292364991,0.5589999999999999,True,0.80 original drop
884,0.008363636363636363,0.8829337094499294,0.402,True,0.80 original drop
885,0.006909090909090908,0.9313929313929314,0.268,True,0.80 original drop
886,0.005454545454545453,1.0,0.04,True,0.80 original drop
887,0.004,0.0,0.0,False,0.80 original drop
888,0.02,0.8365092515879591,0.758,True,0.80 original drop
889,0.018545454545454542,0.8846683181943298,0.745,True,0.80 original drop
890,0.01709090909090909,0.8677053824362606,0.7170000000000001,True,0.80 original drop
891,0.01563636363636364,0.8849206349206349,0.7340000000000001,True,0.80 original drop
892,0.01418181818181818,0.8902067095899695,0.6609999999999999,True,0.80 original drop
893,0.012727272727272726,0.8612993224392188,0.619,True,0.80 original drop
894,0.011272727272727271,0.8334060183166158,0.5820000000000001,True,0.80 original drop
895,0.009818181818181818,0.8521421107628004,0.534,True,0.80 original drop
896,0.008363636363636363,0.9253065774804904,0.48200000000000004,True,0.80 original drop
897,0.006909090909090908,0.9622895622895624,0.41,True,0.80 original drop
898,0.005454545454545453,1.0,0.12300000000000001,True,0.80 original drop
899,0.004,0.0,0.0,False,0.80 original drop
900,0.02,0.8939554612937434,0.773,True,0.80 original drop
901,0.018545454545454542,0.8759650025733402,0.738,True,0.80 original drop
902,0.01709090909090909,0.8946600525240735,0.733,True,0.80 original drop
903,0.01563636363636364,0.8243598161523309,0.693,True,0.80 original drop
904,0.01418181818181818,0.8218075375045737,0.6509999999999999,True,0.80 original drop
905,0.012727272727272726,0.8603620243812339,0.624,True,0.80 original drop
906,0.011272727272727271,0.8674211802748585,0.581,True,0.80 original drop
907,0.009818181818181818,0.9341983317886932,0.5670000000000001,True,0.80 original drop
908,0.008363636363636363,0.9063568010936432,0.42,True,0.80 original drop
909,0.006909090909090908,0.9467918622848199,0.354,True,0.80 original drop
910,0.005454545454545453,1.0,0.13,True,0.80 original drop
911,0.004,0.0,0.0,False,0.80 original drop
912,0.02,0.8742637644046095,0.773,True,0.80 original drop
913,0.018545454545454542,0.9006032749209997,0.743,True,0.80 original drop
914,0.01709090909090909,0.8981693363844394,0.743,True,0.80 original drop
915,0.01563636363636364,0.8395953757225434,0.632,True,0.80 original drop
916,0.01418181818181818,0.8794745484400657,0.7040000000000001,True,0.80 original drop
917,0.012727272727272726,0.8390166534496432,0.605,True,0.80 original drop
918,0.011272727272727271,0.8380149812734082,0.521,True,0.80 original drop
919,0.009818181818181818,0.8547047970479705,0.5760000000000001,True,0.80 original drop
920,0.008363636363636363,0.8900560224089635,0.391,True,0.80 original drop
921,0.006909090909090908,0.929098966026588,0.37799999999999995,True,0.80 original drop
922,0.005454545454545453,1.0,0.083,True,0.80 original drop
923,0.004,0.0,0.0,False,0.80 original drop
924,0.02,0.8816094918751612,0.773,True,0.80 original drop
925,0.018545454545454542,0.8386491557223265,0.7509999999999999,True,0.80 original drop
926,0.01709090909090909,0.8951612903225806,0.745,True,0.80 original drop
927,0.01563636363636364,0.8193461408830468,0.701,True,0.80 original drop
928,0.01418181818181818,0.8486700215672178,0.6559999999999999,True,0.80 original drop
929,0.012727272727272726,0.8469230769230769,0.63,True,0.80 original drop
930,0.011272727272727271,0.8545994065281899,0.573,True,0.80 original drop
931,0.009818181818181818,0.8566862013851891,0.509,True,0.80 original drop
932,0.008363636363636363,0.9340128755364808,0.465,True,0.80 original drop
933,0.006909090909090908,0.9751992914083258,0.33,True,0.80 original drop
934,0.005454545454545453,1.0,0.027999999999999997,True,0.80 original drop
935,0.004,0.0,0.0,False,0.80 original drop
936,0.02,0.8812658227848101,0.7929999999999999,True,0.80 original drop
937,0.018545454545454542,0.8822562979189486,0.748,True,0.80 original drop
938,0.01709090909090909,0.8735002608242045,0.754,True,0.80 original drop
939,0.01563636363636364,0.8205787781350482,0.69,True,0.80 original drop
940,0.01418181818181818,0.8662733529990168,0.657,True,0.80 original drop
941,0.012727272727272726,0.8680675163623838,0.653,True,0.80 original drop
942,0.011272727272727271,0.8262380538662033,0.575,True,0.80 original drop
943,0.009818181818181818,0.8631333721607455,0.46399999999999997,True,0.80 original drop
944,0.008363636363636363,0.8755884330867518,0.428,True,0.80 original drop
945,0.006909090909090908,0.9387576552930884,0.324,True,0.80 original drop
946,0.005454545454545453,1.0,0.006,True,0.80 original drop
947,0.004,0.0,0.0,False,0.80 original drop
948,0.02,0.8836509528585758,0.78,True,0.80 original drop
949,0.018545454545454542,0.8633288227334236,0.741,True,0.80 original drop
950,0.01709090909090909,0.8770581778265643,0.728,True,0.80 original drop
951,0.01563636363636364,0.8317666126418153,0.7120000000000001,True,0.80 original drop
952,0.01418181818181818,0.8492117888965045,0.665,True,0.80 original drop
953,0.012727272727272726,0.8219438116932423,0.647,True,0.80 original drop
954,0.011272727272727271,0.8710762331838565,0.638,True,0.80 original drop
955,0.009818181818181818,0.8658031088082901,0.503,True,0.80 original drop
956,0.008363636363636363,0.9368279569892471,0.413,True,0.80 original drop
957,0.006909090909090908,0.9351351351351352,0.353,True,0.80 original drop
958,0.005454545454545453,1.0,0.17600000000000002,True,0.80 original drop
959,0.004,0.0,0.0,False,0.80 original drop
960,0.02,0.8836975634262748,0.7829999999999999,True,0.80 original drop
961,0.018545454545454542,0.8620689655172413,0.743,True,0.80 original drop
962,0.01709090909090909,0.8794591484464902,0.742,True,0.80 original drop
963,0.01563636363636364,0.9070048309178744,0.7120000000000001,True,0.80 original drop
964,0.01418181818181818,0.916912972085386,0.687,True,0.80 original drop
965,0.012727272727272726,0.8965034965034965,0.642,True,0.80 original drop
966,0.011272727272727271,0.8777686628383922,0.581,True,0.80 original drop
967,0.009818181818181818,0.8954372623574145,0.524,True,0.80 original drop
968,0.008363636363636363,0.9289838337182448,0.48,True,0.80 original drop
969,0.006909090909090908,0.967885816235504,0.32,True,0.80 original drop
970,0.005454545454545453,1.0,0.138,True,0.80 original drop
971,0.004,0.0,0.0,False,0.80 original drop
972,0.02,0.8471557682083998,0.759,True,0.80 original drop
973,0.018545454545454542,0.8743641912512716,0.772,True,0.80 original drop
974,0.01709090909090909,0.8953584180170283,0.774,True,0.80 original drop
975,0.01563636363636364,0.9040885336612358,0.731,True,0.80 original drop
976,0.01418181818181818,0.8128224023581428,0.662,True,0.80 original drop
977,0.012727272727272726,0.8189516129032258,0.62,True,0.80 original drop
978,0.011272727272727271,0.8793238993710691,0.614,True,0.80 original drop
979,0.009818181818181818,0.855094726062468,0.514,True,0.80 original drop
980,0.008363636363636363,0.923956931359354,0.413,True,0.80 original drop
981,0.006909090909090908,0.9912049252418644,0.327,True,0.80 original drop
982,0.005454545454545453,0.9847036328871892,0.157,True,0.80 original drop
983,0.004,0.0,0.0,False,0.80 original drop
984,0.02,0.9009494482935592,0.784,True,0.80 original drop
985,0.018545454545454542,0.8722955145118734,0.765,True,0.80 original drop
986,0.01709090909090909,0.8565837293821639,0.725,True,0.80 original drop
987,0.01563636363636364,0.8893418753640071,0.7440000000000001,True,0.80 original drop
988,0.01418181818181818,0.8815496983169259,0.698,True,0.80 original drop
989,0.012727272727272726,0.8530917684127609,0.63,True,0.80 original drop
990,0.011272727272727271,0.8403203014601979,0.55,True,0.80 original drop
991,0.009818181818181818,0.8577008928571429,0.478,True,0.80 original drop
992,0.008363636363636363,0.9038805970149254,0.455,True,0.80 original drop
993,0.006909090909090908,0.8939256572982774,0.32899999999999996,True,0.80 original drop
994,0.005454545454545453,0.993874425727412,0.209,True,0.80 original drop
995,0.004,0.0,0.0,False,0.80 original drop
996,0.02,0.8977183320220299,0.77,True,0.80 original drop
997,0.018545454545454542,0.8340740740740741,0.7240000000000001,True,0.80 original drop
998,0.01709090909090909,0.8406034765496885,0.688,True,0.80 original drop
999,0.01563636363636364,0.8624338624338624,0.6729999999999999,True,0.80 original drop
1000,0.01418181818181818,0.8747107438016529,0.7,True,0.80 original drop
1001,0.012727272727272726,0.8461538461538461,0.615,True,0.80 original drop
1002,0.011272727272727271,0.8572004840661557,0.584,True,0.80 original drop
1003,0.009818181818181818,0.9,0.511,True,0.80 original drop
1004,0.008363636363636363,0.922835633626098,0.442,True,0.80 original drop
1005,0.006909090909090908,0.988582302568982,0.33299999999999996,True,0.80 original drop
1006,0.005454545454545453,1.0,0.04,True,0.80 original drop
1007,0.004,0.0,0.0,False,0.80 original drop
1008,0.02,0.8359759431383269,0.758,True,0.80 original drop
1009,0.018545454545454542,0.8627756160830091,0.735,True,0.80 original drop
1010,0.01709090909090909,0.8962155963302753,0.743,True,0.80 original drop
1011,0.01563636363636364,0.9025672749768018,0.725,True,0.80 original drop
1012,0.01418181818181818,0.9086345381526104,0.6890000000000001,True,0.80 original drop
1013,0.012727272727272726,0.9052396878483836,0.625,True,0.80 original drop
1014,0.011272727272727271,0.0,0.0,False,0.80 original drop
1015,0.009818181818181818,0.8489130434782609,0.504,True,0.80 original drop
1016,0.008363636363636363,0.9054441260744984,0.456,True,0.80 original drop
1017,0.006909090909090908,0.9404205607476636,0.26899999999999996,True,0.80 original drop
1018,0.005454545454545453,1.0,0.08900000000000001,True,0.80 original drop
1019,0.004,0.0,0.0,False,0.80 original drop
1020,0.02,0.8313048400792528,0.725,True,0.80 original drop
1021,0.018545454545454542,0.8677642060541689,0.76,True,0.80 original drop
1022,0.01709090909090909,0.850244167118828,0.7559999999999999,True,0.80 original drop
1023,0.01563636363636364,0.891086096744752,0.727,True,0.80 original drop
1024,0.01418181818181818,0.9034278180619644,0.6920000000000001,True,0.80 original drop
1025,0.012727272727272726,0.8866977411258515,0.64,True,0.80 original drop
1026,0.011272727272727271,0.8747416287722201,0.573,True,0.80 original drop
1027,0.009818181818181818,0.9112595419847328,0.536,True,0.80 original drop
1028,0.008363636363636363,0.8726567550096962,0.433,True,0.80 original drop
1029,0.006909090909090908,0.9828178694158076,0.33799999999999997,True,0.80 original drop
1030,0.005454545454545453,1.0,0.165,True,0.80 original drop
1031,0.004,0.0,0.0,False,0.80 original drop
1032,0.02,0.8665873959571938,0.779,True,0.80 original drop
1033,0.018545454545454542,0.8160237388724035,0.745,True,0.80 original drop
1034,0.01709090909090909,0.8767972934874542,0.757,True,0.80 original drop
1035,0.01563636363636364,0.8925568358766739,0.7120000000000001,True,0.80 original drop
1036,0.01418181818181818,0.9026058631921824,0.7,True,0.80 original drop
1037,0.012727272727272726,0.8730853391684902,0.644,True,0.80 original drop
1038,0.011272727272727271,0.8897860314897053,0.593,True,0.80 original drop
1039,0.009818181818181818,0.8957256928135274,0.561,True,0.80 original drop
1040,0.008363636363636363,0.9666666666666668,0.45,True,0.80 original drop
1041,0.006909090909090908,0.949433304272014,0.319,True,0.80 original drop
1042,0.005454545454545453,1.0,0.01,True,0.80 original drop
1043,0.004,0.0,0.0,False,0.80 original drop
1044,0.02,0.8839198435972629,0.8079999999999999,True,0.80 original drop
1045,0.018545454545454542,0.8235120801414261,0.757,True,0.80 original drop
1046,0.01709090909090909,0.8744434550311665,0.737,True,0.80 original drop
1047,0.01563636363636364,0.8284297520661157,0.718,True,0.80 original drop
1048,0.01418181818181818,0.8623494956068988,0.68,True,0.80 original drop
1049,0.012727272727272726,0.8330860534124629,0.645,True,0.80 original drop
1050,0.011272727272727271,0.8341750841750841,0.581,True,0.80 original drop
1051,0.009818181818181818,0.8705944239873751,0.498,True,0.80 original drop
1052,0.008363636363636363,0.8965952080706179,0.44,True,0.80 original drop
1053,0.006909090909090908,0.8962264150943396,0.319,True,0.80 original drop
1054,0.005454545454545453,1.0,0.09,True,0.80 original drop
1055,0.004,0.0,0.0,False,0.80 original drop
1056,0.02,0.8376024590163934,0.784,True,0.80 original drop
1057,0.018545454545454542,0.8842515303283249,0.772,True,0.80 original drop
1058,0.01709090909090909,0.8115482233502538,0.716,True,0.80 original drop
1059,0.01563636363636364,0.8324525955859496,0.7020000000000001,True,0.80 original drop
1060,0.01418181818181818,0.8580603725112396,0.6970000000000001,True,0.80 original drop
1061,0.012727272727272726,0.8287416232315711,0.654,True,0.80 original drop
1062,0.011272727272727271,0.8344058344058344,0.619,True,0.80 original drop
1063,0.009818181818181818,0.8758421559191529,0.54,True,0.80 original drop
1064,0.008363636363636363,0.9276693455797932,0.485,True,0.80 original drop
1065,0.006909090909090908,0.955312810327706,0.299,True,0.80 original drop
1066,0.005454545454545453,1.0,0.032,True,0.80 original drop
1067,0.004,0.0,0.0,False,0.80 original drop
1068,0.02,0.8873501997336884,0.77,True,0.80 original drop
1069,0.018545454545454542,0.9184880431987658,0.767,True,0.80 original drop
1070,0.01709090909090909,0.8759320011929616,0.743,True,0.80 original drop
1071,0.01563636363636364,0.9058751153491232,0.7190000000000001,True,0.80 original drop
1072,0.01418181818181818,0.8750422154677474,0.684,True,0.80 original drop
1073,0.012727272727272726,0.8653273809523809,0.6409999999999999,True,0.80 original drop
1074,0.011272727272727271,0.8669527896995708,0.589,True,0.80 original drop
1075,0.009818181818181818,0.8620689655172413,0.493,True,0.80 original drop
1076,0.008363636363636363,0.9190600522193212,0.43700000000000006,True,0.80 original drop
1077,0.006909090909090908,0.9236714975845408,0.302,True,0.80 original drop
1078,0.005454545454545453,1.0,0.161,True,0.80 original drop
1079,0.004,0.0,0.0,False,0.80 original drop
1080,0.02,0.8358788506342221,0.777,True,0.80 original drop
1081,0.018545454545454542,0.8358249524327263,0.737,True,0.80 original drop
1082,0.01709090909090909,0.8380709038645799,0.7,True,0.80 original drop
1083,0.01563636363636364,0.8423135464231355,0.7070000000000001,True,0.80 original drop
1084,0.01418181818181818,0.8507772020725388,0.649,True,0.80 original drop
1085,0.012727272727272726,0.8720706876680753,0.637,True,0.80 original drop
1086,0.011272727272727271,0.8542452830188679,0.5329999999999999,True,0.80 original drop
1087,0.009818181818181818,0.8783592644978784,0.54,True,0.80 original drop
1088,0.008363636363636363,0.8952941176470588,0.457,True,0.80 original drop
1089,0.006909090909090908,0.9579982126899016,0.318,True,0.80 original drop
1090,0.005454545454545453,0.0,0.0,False,0.80 original drop
1091,0.004,0.0,0.0,False,0.80 original drop
1092,0.02,0.8508139845209501,0.763,True,0.80 original drop
1093,0.018545454545454542,0.8778565799842396,0.7709999999999999,True,0.80 original drop
1094,0.01709090909090909,0.8566433566433567,0.7440000000000001,True,0.80 original drop
1095,0.01563636363636364,0.8867469879518072,0.7509999999999999,True,0.80 original drop
1096,0.01418181818181818,0.8300180831826401,0.652,True,0.80 original drop
1097,0.012727272727272726,0.8529411764705882,0.627,True,0.80 original drop
1098,0.011272727272727271,0.8338408003479774,0.583,True,0.80 original drop
1099,0.009818181818181818,0.9068029885961464,0.597,True,0.80 original drop
1100,0.008363636363636363,0.8867585380467345,0.446,True,0.80 original drop
1101,0.006909090909090908,0.9270664505672608,0.36,True,0.80 original drop
1102,0.005454545454545453,1.0,0.076,True,0.80 original drop
1103,0.004,0.0,0.0,False,0.80 original drop
1104,0.02,0.8264774044032445,0.755,True,0.80 original drop
1105,0.018545454545454542,0.8244117647058824,0.76,True,0.80 original drop
1106,0.01709090909090909,0.827193770589997,0.752,True,0.80 original drop
1107,0.01563636363636364,0.9024680344930122,0.741,True,0.80 original drop
1108,0.01418181818181818,0.8879626542180727,0.708,True,0.80 original drop
1109,0.012727272727272726,0.8586065573770492,0.6759999999999999,True,0.80 original drop
1110,0.011272727272727271,0.8880355699272433,0.632,True,0.80 original drop
1111,0.009818181818181818,0.8863122171945701,0.486,True,0.80 original drop
1112,0.008363636363636363,0.9371428571428572,0.493,True,0.80 original drop
1113,0.006909090909090908,0.9744245524296676,0.32299999999999995,True,0.80 original drop
1114,0.005454545454545453,1.0,0.028999999999999998,True,0.80 original drop
1115,0.004,0.0,0.0,False,0.80 original drop
1116,0.02,0.8435582822085892,0.7759999999999999,True,0.80 original drop
1117,0.018545454545454542,0.8925528991481176,0.754,True,0.80 original drop
1118,0.01709090909090909,0.88631156930126,0.7140000000000001,True,0.80 original drop
1119,0.01563636363636364,0.8449636880328386,0.696,True,0.80 original drop
1120,0.01418181818181818,0.835102618542109,0.6559999999999999,True,0.80 original drop
1121,0.012727272727272726,0.8789667896678967,0.624,True,0.80 original drop
1122,0.011272727272727271,0.8683356513676402,0.5579999999999999,True,0.80 original drop
1123,0.009818181818181818,0.8854111405835544,0.512,True,0.80 original drop
1124,0.008363636363636363,0.8733031674208145,0.431,True,0.80 original drop
1125,0.006909090909090908,0.9592760180995475,0.314,True,0.80 original drop
1126,0.005454545454545453,0.9949579831932772,0.192,True,0.80 original drop
1127,0.004,0.0,0.0,False,0.80 original drop
1128,0.02,0.8297814944699218,0.763,True,0.80 original drop
1129,0.018545454545454542,0.8789274106175514,0.763,True,0.80 original drop
1130,0.01709090909090909,0.8623507228158391,0.701,True,0.80 original drop
1131,0.01563636363636364,0.8942881500426257,0.752,True,0.80 original drop
1132,0.01418181818181818,0.9103757325060324,0.67,True,0.80 original drop
1133,0.012727272727272726,0.8435754189944135,0.632,True,0.80 original drop
1134,0.011272727272727271,0.9059829059829059,0.599,True,0.80 original drop
1135,0.009818181818181818,0.8823529411764706,0.507,True,0.80 original drop
1136,0.008363636363636363,0.9412477286493036,0.445,True,0.80 original drop
1137,0.006909090909090908,0.9759562841530056,0.26899999999999996,True,0.80 original drop
1138,0.005454545454545453,1.0,0.2,True,0.80 original drop
1139,0.004,0.0,0.0,False,0.80 original drop
1140,0.02,0.8881613410162389,0.78,True,0.80 original drop
1141,0.018545454545454542,0.8785755983654407,0.731,True,0.80 original drop
1142,0.01709090909090909,0.8080402010050252,0.69,True,0.80 original drop
1143,0.01563636363636364,0.8904807386182745,0.7190000000000001,True,0.80 original drop
1144,0.01418181818181818,0.8263940520446097,0.644,True,0.80 original drop
1145,0.012727272727272726,1.0,0.505,True,0.80 original drop
1146,0.011272727272727271,0.8640860215053764,0.5710000000000001,True,0.80 original drop
1147,0.009818181818181818,0.8867832847424684,0.5329999999999999,True,0.80 original drop
1148,0.008363636363636363,0.8522200132538105,0.424,True,0.80 original drop
1149,0.006909090909090908,0.9707495429616088,0.32799999999999996,True,0.80 original drop
1150,0.005454545454545453,1.0,0.004,True,0.80 original drop
1151,0.004,0.0,0.0,False,0.80 original drop
1152,0.02,0.0,0.0,False,1.0 original drop
1153,0.018545454545454542,0.0,0.0,False,1.0 original drop
1154,0.01709090909090909,0.0,0.0,False,1.0 original drop
1155,0.01563636363636364,0.0,0.0,False,1.0 original drop
1156,0.01418181818181818,0.0,0.0,False,1.0 original drop
1157,0.012727272727272726,0.0,0.0,False,1.0 original drop
1158,0.011272727272727271,0.0,0.0,False,1.0 original drop
1159,0.009818181818181818,0.0,0.0,False,1.0 original drop
1160,0.008363636363636363,1.0,0.028999999999999998,True,1.0 original drop
1161,0.006909090909090908,0.0,0.0,False,1.0 original drop
1162,0.005454545454545453,0.0,0.0,False,1.0 original drop
1163,0.004,0.0,0.0,False,1.0 original drop
1164,0.02,0.0,0.0,False,1.0 original drop
1165,0.018545454545454542,0.0,0.0,False,1.0 original drop
1166,0.01709090909090909,0.0,0.0,False,1.0 original drop
1167,0.01563636363636364,0.0,0.0,False,1.0 original drop
1168,0.01418181818181818,0.0,0.0,False,1.0 original drop
1169,0.012727272727272726,0.0,0.0,False,1.0 original drop
1170,0.011272727272727271,0.0,0.0,False,1.0 original drop
1171,0.009818181818181818,0.0,0.0,False,1.0 original drop
1172,0.008363636363636363,0.0,0.0,False,1.0 original drop
1173,0.006909090909090908,1.0,0.092,True,1.0 original drop
1174,0.005454545454545453,0.0,0.0,False,1.0 original drop
1175,0.004,0.0,0.0,False,1.0 original drop
1176,0.02,0.0,0.0,False,1.0 original drop
1177,0.018545454545454542,0.0,0.0,False,1.0 original drop
1178,0.01709090909090909,0.0,0.0,False,1.0 original drop
1179,0.01563636363636364,0.0,0.0,False,1.0 original drop
1180,0.01418181818181818,0.0,0.0,False,1.0 original drop
1181,0.012727272727272726,0.0,0.0,False,1.0 original drop
1182,0.011272727272727271,0.0,0.0,False,1.0 original drop
1183,0.009818181818181818,0.0,0.0,False,1.0 original drop
1184,0.008363636363636363,0.0,0.0,False,1.0 original drop
1185,0.006909090909090908,0.0,0.0,False,1.0 original drop
1186,0.005454545454545453,1.0,0.131,True,1.0 original drop
1187,0.004,0.0,0.0,False,1.0 original drop
1188,0.02,0.0,0.0,False,1.0 original drop
1189,0.018545454545454542,0.0,0.0,False,1.0 original drop
1190,0.01709090909090909,0.0,0.0,False,1.0 original drop
1191,0.01563636363636364,0.0,0.0,False,1.0 original drop
1192,0.01418181818181818,0.0,0.0,False,1.0 original drop
1193,0.012727272727272726,0.0,0.0,False,1.0 original drop
1194,0.011272727272727271,0.0,0.0,False,1.0 original drop
1195,0.009818181818181818,0.0,0.0,False,1.0 original drop
1196,0.008363636363636363,0.0,0.0,False,1.0 original drop
1197,0.006909090909090908,0.0,0.0,False,1.0 original drop
1198,0.005454545454545453,1.0,0.157,True,1.0 original drop
1199,0.004,0.0,0.0,False,1.0 original drop
1200,0.02,0.0,0.0,False,1.0 original drop
1201,0.018545454545454542,0.0,0.0,False,1.0 original drop
1202,0.01709090909090909,0.0,0.0,False,1.0 original drop
1203,0.01563636363636364,0.0,0.0,False,1.0 original drop
1204,0.01418181818181818,0.0,0.0,False,1.0 original drop
1205,0.012727272727272726,0.0,0.0,False,1.0 original drop
1206,0.011272727272727271,0.0,0.0,False,1.0 original drop
1207,0.009818181818181818,0.0,0.0,False,1.0 original drop
1208,0.008363636363636363,0.0,0.0,False,1.0 original drop
1209,0.006909090909090908,0.0,0.0,False,1.0 original drop
1210,0.005454545454545453,0.0,0.0,False,1.0 original drop
1211,0.004,0.0,0.0,False,1.0 original drop
1212,0.02,0.0,0.0,False,1.0 original drop
1213,0.018545454545454542,0.0,0.0,False,1.0 original drop
1214,0.01709090909090909,0.0,0.0,False,1.0 original drop
1215,0.01563636363636364,0.0,0.0,False,1.0 original drop
1216,0.01418181818181818,0.0,0.0,False,1.0 original drop
1217,0.012727272727272726,0.0,0.0,False,1.0 original drop
1218,0.011272727272727271,0.0,0.0,False,1.0 original drop
1219,0.009818181818181818,0.0,0.0,False,1.0 original drop
1220,0.008363636363636363,0.0,0.0,False,1.0 original drop
1221,0.006909090909090908,1.0,0.177,True,1.0 original drop
1222,0.005454545454545453,1.0,0.10300000000000001,True,1.0 original drop
1223,0.004,0.0,0.0,False,1.0 original drop
1224,0.02,0.0,0.0,False,1.0 original drop
1225,0.018545454545454542,0.0,0.0,False,1.0 original drop
1226,0.01709090909090909,0.0,0.0,False,1.0 original drop
1227,0.01563636363636364,0.0,0.0,False,1.0 original drop
1228,0.01418181818181818,0.0,0.0,False,1.0 original drop
1229,0.012727272727272726,0.0,0.0,False,1.0 original drop
1230,0.011272727272727271,0.0,0.0,False,1.0 original drop
1231,0.009818181818181818,0.0,0.0,False,1.0 original drop
1232,0.008363636363636363,0.0,0.0,False,1.0 original drop
1233,0.006909090909090908,1.0,0.295,True,1.0 original drop
1234,0.005454545454545453,1.0,0.11599999999999999,True,1.0 original drop
1235,0.004,0.0,0.0,False,1.0 original drop
1236,0.02,0.0,0.0,False,1.0 original drop
1237,0.018545454545454542,0.0,0.0,False,1.0 original drop
1238,0.01709090909090909,0.0,0.0,False,1.0 original drop
1239,0.01563636363636364,0.0,0.0,False,1.0 original drop
1240,0.01418181818181818,0.0,0.0,False,1.0 original drop
1241,0.012727272727272726,0.0,0.0,False,1.0 original drop
1242,0.011272727272727271,0.0,0.0,False,1.0 original drop
1243,0.009818181818181818,0.0,0.0,False,1.0 original drop
1244,0.008363636363636363,0.0,0.0,False,1.0 original drop
1245,0.006909090909090908,0.0,0.0,False,1.0 original drop
1246,0.005454545454545453,1.0,0.006,True,1.0 original drop
1247,0.004,0.0,0.0,False,1.0 original drop
1248,0.02,0.0,0.0,False,1.0 original drop
1249,0.018545454545454542,0.0,0.0,False,1.0 original drop
1250,0.01709090909090909,0.0,0.0,False,1.0 original drop
1251,0.01563636363636364,0.0,0.0,False,1.0 original drop
1252,0.01418181818181818,0.0,0.0,False,1.0 original drop
1253,0.012727272727272726,0.0,0.0,False,1.0 original drop
1254,0.011272727272727271,0.0,0.0,False,1.0 original drop
1255,0.009818181818181818,0.0,0.0,False,1.0 original drop
1256,0.008363636363636363,0.0,0.0,False,1.0 original drop
1257,0.006909090909090908,0.0,0.0,False,1.0 original drop
1258,0.005454545454545453,0.0,0.0,False,1.0 original drop
1259,0.004,0.0,0.0,False,1.0 original drop
1260,0.02,0.0,0.0,False,1.0 original drop
1261,0.018545454545454542,0.0,0.0,False,1.0 original drop
1262,0.01709090909090909,0.0,0.0,False,1.0 original drop
1263,0.01563636363636364,0.0,0.0,False,1.0 original drop
1264,0.01418181818181818,0.0,0.0,False,1.0 original drop
1265,0.012727272727272726,0.0,0.0,False,1.0 original drop
1266,0.011272727272727271,0.0,0.0,False,1.0 original drop
1267,0.009818181818181818,0.0,0.0,False,1.0 original drop
1268,0.008363636363636363,0.0,0.0,False,1.0 original drop
1269,0.006909090909090908,0.0,0.0,False,1.0 original drop
1270,0.005454545454545453,0.0,0.0,False,1.0 original drop
1271,0.004,0.0,0.0,False,1.0 original drop
1272,0.02,0.0,0.0,False,1.0 original drop
1273,0.018545454545454542,0.0,0.0,False,1.0 original drop
1274,0.01709090909090909,0.0,0.0,False,1.0 original drop
1275,0.01563636363636364,0.0,0.0,False,1.0 original drop
1276,0.01418181818181818,0.0,0.0,False,1.0 original drop
1277,0.012727272727272726,0.0,0.0,False,1.0 original drop
1278,0.011272727272727271,0.0,0.0,False,1.0 original drop
1279,0.009818181818181818,1.0,0.6,True,1.0 original drop
1280,0.008363636363636363,0.0,0.0,False,1.0 original drop
1281,0.006909090909090908,0.0,0.0,False,1.0 original drop
1282,0.005454545454545453,1.0,0.13699999999999998,True,1.0 original drop
1283,0.004,0.0,0.0,False,1.0 original drop
1284,0.02,0.0,0.0,False,1.0 original drop
1285,0.018545454545454542,0.0,0.0,False,1.0 original drop
1286,0.01709090909090909,0.0,0.0,False,1.0 original drop
1287,0.01563636363636364,0.0,0.0,False,1.0 original drop
1288,0.01418181818181818,0.0,0.0,False,1.0 original drop
1289,0.012727272727272726,0.0,0.0,False,1.0 original drop
1290,0.011272727272727271,0.0,0.0,False,1.0 original drop
1291,0.009818181818181818,0.0,0.0,False,1.0 original drop
1292,0.008363636363636363,0.0,0.0,False,1.0 original drop
1293,0.006909090909090908,0.0,0.0,False,1.0 original drop
1294,0.005454545454545453,1.0,0.22699999999999998,True,1.0 original drop
1295,0.004,0.0,0.0,False,1.0 original drop
1296,0.02,0.0,0.0,False,1.0 original drop
1297,0.018545454545454542,0.0,0.0,False,1.0 original drop
1298,0.01709090909090909,0.0,0.0,False,1.0 original drop
1299,0.01563636363636364,0.0,0.0,False,1.0 original drop
1300,0.01418181818181818,0.0,0.0,False,1.0 original drop
1301,0.012727272727272726,0.0,0.0,False,1.0 original drop
1302,0.011272727272727271,0.0,0.0,False,1.0 original drop
1303,0.009818181818181818,0.0,0.0,False,1.0 original drop
1304,0.008363636363636363,0.0,0.0,False,1.0 original drop
1305,0.006909090909090908,0.0,0.0,False,1.0 original drop
1306,0.005454545454545453,0.0,0.0,False,1.0 original drop
1307,0.004,0.0,0.0,False,1.0 original drop
1308,0.02,0.0,0.0,False,1.0 original drop
1309,0.018545454545454542,0.0,0.0,False,1.0 original drop
1310,0.01709090909090909,0.0,0.0,False,1.0 original drop
1311,0.01563636363636364,0.0,0.0,False,1.0 original drop
1312,0.01418181818181818,0.0,0.0,False,1.0 original drop
1313,0.012727272727272726,0.0,0.0,False,1.0 original drop
1314,0.011272727272727271,0.0,0.0,False,1.0 original drop
1315,0.009818181818181818,0.0,0.0,False,1.0 original drop
1316,0.008363636363636363,0.0,0.0,False,1.0 original drop
1317,0.006909090909090908,0.0,0.0,False,1.0 original drop
1318,0.005454545454545453,0.0,0.0,False,1.0 original drop
1319,0.004,0.0,0.0,False,1.0 original drop
1320,0.02,0.0,0.0,False,1.0 original drop
1321,0.018545454545454542,0.0,0.0,False,1.0 original drop
1322,0.01709090909090909,0.0,0.0,False,1.0 original drop
1323,0.01563636363636364,0.0,0.0,False,1.0 original drop
1324,0.01418181818181818,0.0,0.0,False,1.0 original drop
1325,0.012727272727272726,0.0,0.0,False,1.0 original drop
1326,0.011272727272727271,0.0,0.0,False,1.0 original drop
1327,0.009818181818181818,0.0,0.0,False,1.0 original drop
1328,0.008363636363636363,0.0,0.0,False,1.0 original drop
1329,0.006909090909090908,0.0,0.0,False,1.0 original drop
1330,0.005454545454545453,1.0,0.165,True,1.0 original drop
1331,0.004,0.0,0.0,False,1.0 original drop
1332,0.02,0.0,0.0,False,1.0 original drop
1333,0.018545454545454542,0.0,0.0,False,1.0 original drop
1334,0.01709090909090909,0.0,0.0,False,1.0 original drop
1335,0.01563636363636364,0.0,0.0,False,1.0 original drop
1336,0.01418181818181818,0.0,0.0,False,1.0 original drop
1337,0.012727272727272726,0.0,0.0,False,1.0 original drop
1338,0.011272727272727271,0.0,0.0,False,1.0 original drop
1339,0.009818181818181818,0.0,0.0,False,1.0 original drop
1340,0.008363636363636363,0.0,0.0,False,1.0 original drop
1341,0.006909090909090908,0.0,0.0,False,1.0 original drop
1342,0.005454545454545453,1.0,0.004,True,1.0 original drop
1343,0.004,0.0,0.0,False,1.0 original drop
1344,0.02,0.0,0.0,False,1.0 original drop
1345,0.018545454545454542,0.0,0.0,False,1.0 original drop
1346,0.01709090909090909,0.0,0.0,False,1.0 original drop
1347,0.01563636363636364,0.0,0.0,False,1.0 original drop
1348,0.01418181818181818,0.0,0.0,False,1.0 original drop
1349,0.012727272727272726,0.0,0.0,False,1.0 original drop
1350,0.011272727272727271,0.0,0.0,False,1.0 original drop
1351,0.009818181818181818,0.0,0.0,False,1.0 original drop
1352,0.008363636363636363,0.0,0.0,False,1.0 original drop
1353,0.006909090909090908,0.0,0.0,False,1.0 original drop
1354,0.005454545454545453,1.0,0.091,True,1.0 original drop
1355,0.004,0.0,0.0,False,1.0 original drop
1356,0.02,0.0,0.0,False,1.0 original drop
1357,0.018545454545454542,0.0,0.0,False,1.0 original drop
1358,0.01709090909090909,0.0,0.0,False,1.0 original drop
1359,0.01563636363636364,0.0,0.0,False,1.0 original drop
1360,0.01418181818181818,0.0,0.0,False,1.0 original drop
1361,0.012727272727272726,0.0,0.0,False,1.0 original drop
1362,0.011272727272727271,0.0,0.0,False,1.0 original drop
1363,0.009818181818181818,0.0,0.0,False,1.0 original drop
1364,0.008363636363636363,0.0,0.0,False,1.0 original drop
1365,0.006909090909090908,1.0,0.045,True,1.0 original drop
1366,0.005454545454545453,1.0,0.066,True,1.0 original drop
1367,0.004,0.0,0.0,False,1.0 original drop
1368,0.02,0.0,0.0,False,1.0 original drop
1369,0.018545454545454542,0.0,0.0,False,1.0 original drop
1370,0.01709090909090909,0.0,0.0,False,1.0 original drop
1371,0.01563636363636364,0.0,0.0,False,1.0 original drop
1372,0.01418181818181818,0.0,0.0,False,1.0 original drop
1373,0.012727272727272726,0.0,0.0,False,1.0 original drop
1374,0.011272727272727271,0.0,0.0,False,1.0 original drop
1375,0.009818181818181818,0.0,0.0,False,1.0 original drop
1376,0.008363636363636363,0.0,0.0,False,1.0 original drop
1377,0.006909090909090908,1.0,0.20800000000000002,True,1.0 original drop
1378,0.005454545454545453,1.0,0.033,True,1.0 original drop
1379,0.004,0.0,0.0,False,1.0 original drop
1380,0.02,0.0,0.0,False,1.0 original drop
1381,0.018545454545454542,0.0,0.0,False,1.0 original drop
1382,0.01709090909090909,0.0,0.0,False,1.0 original drop
1383,0.01563636363636364,0.0,0.0,False,1.0 original drop
1384,0.01418181818181818,0.0,0.0,False,1.0 original drop
1385,0.012727272727272726,0.0,0.0,False,1.0 original drop
1386,0.011272727272727271,0.0,0.0,False,1.0 original drop
1387,0.009818181818181818,0.0,0.0,False,1.0 original drop
1388,0.008363636363636363,0.0,0.0,False,1.0 original drop
1389,0.006909090909090908,0.0,0.0,False,1.0 original drop
1390,0.005454545454545453,0.0,0.0,False,1.0 original drop
1391,0.004,0.0,0.0,False,1.0 original drop
1392,0.02,0.0,0.0,False,1.0 original drop
1393,0.018545454545454542,0.0,0.0,False,1.0 original drop
1394,0.01709090909090909,0.0,0.0,False,1.0 original drop
1395,0.01563636363636364,0.0,0.0,False,1.0 original drop
1396,0.01418181818181818,0.0,0.0,False,1.0 original drop
1397,0.012727272727272726,0.0,0.0,False,1.0 original drop
1398,0.011272727272727271,0.0,0.0,False,1.0 original drop
1399,0.009818181818181818,0.0,0.0,False,1.0 original drop
1400,0.008363636363636363,0.0,0.0,False,1.0 original drop
1401,0.006909090909090908,1.0,0.055,True,1.0 original drop
1402,0.005454545454545453,0.0,0.0,False,1.0 original drop
1403,0.004,0.0,0.0,False,1.0 original drop
1404,0.02,0.0,0.0,False,1.0 original drop
1405,0.018545454545454542,0.0,0.0,False,1.0 original drop
1406,0.01709090909090909,0.0,0.0,False,1.0 original drop
1407,0.01563636363636364,0.0,0.0,False,1.0 original drop
1408,0.01418181818181818,0.0,0.0,False,1.0 original drop
1409,0.012727272727272726,0.0,0.0,False,1.0 original drop
1410,0.011272727272727271,0.0,0.0,False,1.0 original drop
1411,0.009818181818181818,0.0,0.0,False,1.0 original drop
1412,0.008363636363636363,0.0,0.0,False,1.0 original drop
1413,0.006909090909090908,0.0,0.0,False,1.0 original drop
1414,0.005454545454545453,1.0,0.146,True,1.0 original drop
1415,0.004,0.0,0.0,False,1.0 original drop
1416,0.02,0.0,0.0,False,1.0 original drop
1417,0.018545454545454542,0.0,0.0,False,1.0 original drop
1418,0.01709090909090909,0.0,0.0,False,1.0 original drop
1419,0.01563636363636364,0.0,0.0,False,1.0 original drop
1420,0.01418181818181818,0.0,0.0,False,1.0 original drop
1421,0.012727272727272726,0.0,0.0,False,1.0 original drop
1422,0.011272727272727271,0.0,0.0,False,1.0 original drop
1423,0.009818181818181818,0.0,0.0,False,1.0 original drop
1424,0.008363636363636363,0.0,0.0,False,1.0 original drop
1425,0.006909090909090908,0.0,0.0,False,1.0 original drop
1426,0.005454545454545453,1.0,0.10300000000000001,True,1.0 original drop
1427,0.004,0.0,0.0,False,1.0 original drop
1428,0.02,0.0,0.0,False,1.0 original drop
1429,0.018545454545454542,0.0,0.0,False,1.0 original drop
1430,0.01709090909090909,0.0,0.0,False,1.0 original drop
1431,0.01563636363636364,0.0,0.0,False,1.0 original drop
1432,0.01418181818181818,0.0,0.0,False,1.0 original drop
1433,0.012727272727272726,0.0,0.0,False,1.0 original drop
1434,0.011272727272727271,0.0,0.0,False,1.0 original drop
1435,0.009818181818181818,0.0,0.0,False,1.0 original drop
1436,0.008363636363636363,0.0,0.0,False,1.0 original drop
1437,0.006909090909090908,1.0,0.146,True,1.0 original drop
1438,0.005454545454545453,0.0,0.0,False,1.0 original drop
1439,0.004,0.0,0.0,False,1.0 original drop
1440,0.02,0.0,0.0,False,1.0 original drop
1441,0.018545454545454542,0.0,0.0,False,1.0 original drop
1442,0.01709090909090909,0.0,0.0,False,1.0 original drop
1443,0.01563636363636364,1.0,0.247,True,1.0 original drop
1444,0.01418181818181818,0.0,0.0,False,1.0 original drop
1445,0.012727272727272726,0.0,0.0,False,1.0 original drop
1446,0.011272727272727271,0.0,0.0,False,1.0 original drop
1447,0.009818181818181818,1.0,0.523,True,1.0 original drop
1448,0.008363636363636363,0.0,0.0,False,1.0 original drop
1449,0.006909090909090908,0.0,0.0,False,1.0 original drop
1450,0.005454545454545453,0.0,0.0,False,1.0 original drop
1451,0.004,0.0,0.0,False,1.0 original drop
1452,0.02,0.0,0.0,False,1.0 original drop
1453,0.018545454545454542,0.0,0.0,False,1.0 original drop
1454,0.01709090909090909,0.0,0.0,False,1.0 original drop
1455,0.01563636363636364,0.0,0.0,False,1.0 original drop
1456,0.01418181818181818,0.0,0.0,False,1.0 original drop
1457,0.012727272727272726,0.0,0.0,False,1.0 original drop
1458,0.011272727272727271,0.0,0.0,False,1.0 original drop
1459,0.009818181818181818,0.0,0.0,False,1.0 original drop
1460,0.008363636363636363,0.0,0.0,False,1.0 original drop
1461,0.006909090909090908,0.0,0.0,False,1.0 original drop
1462,0.005454545454545453,0.0,0.0,False,1.0 original drop
1463,0.004,0.0,0.0,False,1.0 original drop
1464,0.02,0.0,0.0,False,1.0 original drop
1465,0.018545454545454542,0.0,0.0,False,1.0 original drop
1466,0.01709090909090909,0.0,0.0,False,1.0 original drop
1467,0.01563636363636364,0.0,0.0,False,1.0 original drop
1468,0.01418181818181818,0.0,0.0,False,1.0 original drop
1469,0.012727272727272726,0.0,0.0,False,1.0 original drop
1470,0.011272727272727271,0.0,0.0,False,1.0 original drop
1471,0.009818181818181818,0.0,0.0,False,1.0 original drop
1472,0.008363636363636363,0.0,0.0,False,1.0 original drop
1473,0.006909090909090908,0.0,0.0,False,1.0 original drop
1474,0.005454545454545453,0.0,0.0,False,1.0 original drop
1475,0.004,0.0,0.0,False,1.0 original drop
1476,0.02,0.0,0.0,False,1.0 original drop
1477,0.018545454545454542,0.0,0.0,False,1.0 original drop
1478,0.01709090909090909,0.0,0.0,False,1.0 original drop
1479,0.01563636363636364,0.0,0.0,False,1.0 original drop
1480,0.01418181818181818,0.0,0.0,False,1.0 original drop
1481,0.012727272727272726,0.0,0.0,False,1.0 original drop
1482,0.011272727272727271,0.0,0.0,False,1.0 original drop
1483,0.009818181818181818,0.0,0.0,False,1.0 original drop
1484,0.008363636363636363,0.0,0.0,False,1.0 original drop
1485,0.006909090909090908,0.0,0.0,False,1.0 original drop
1486,0.005454545454545453,1.0,0.161,True,1.0 original drop
1487,0.004,0.0,0.0,False,1.0 original drop
1488,0.02,0.0,0.0,False,1.0 original drop
1489,0.018545454545454542,0.0,0.0,False,1.0 original drop
1490,0.01709090909090909,0.0,0.0,False,1.0 original drop
1491,0.01563636363636364,0.0,0.0,False,1.0 original drop
1492,0.01418181818181818,0.0,0.0,False,1.0 original drop
1493,0.012727272727272726,0.0,0.0,False,1.0 original drop
1494,0.011272727272727271,0.0,0.0,False,1.0 original drop
1495,0.009818181818181818,0.0,0.0,False,1.0 original drop
1496,0.008363636363636363,0.0,0.0,False,1.0 original drop
1497,0.006909090909090908,0.0,0.0,False,1.0 original drop
1498,0.005454545454545453,0.0,0.0,False,1.0 original drop
1499,0.004,0.0,0.0,False,1.0 original drop
1500,0.02,0.0,0.0,False,1.0 original drop
1501,0.018545454545454542,0.0,0.0,False,1.0 original drop
1502,0.01709090909090909,0.0,0.0,False,1.0 original drop
1503,0.01563636363636364,0.0,0.0,False,1.0 original drop
1504,0.01418181818181818,0.0,0.0,False,1.0 original drop
1505,0.012727272727272726,0.0,0.0,False,1.0 original drop
1506,0.011272727272727271,0.0,0.0,False,1.0 original drop
1507,0.009818181818181818,1.0,0.5710000000000001,True,1.0 original drop
1508,0.008363636363636363,1.0,0.368,True,1.0 original drop
1509,0.006909090909090908,0.0,0.0,False,1.0 original drop
1510,0.005454545454545453,1.0,0.094,True,1.0 original drop
1511,0.004,0.0,0.0,False,1.0 original drop
1512,0.02,0.0,0.0,False,1.0 original drop
1513,0.018545454545454542,0.0,0.0,False,1.0 original drop
1514,0.01709090909090909,0.0,0.0,False,1.0 original drop
1515,0.01563636363636364,0.0,0.0,False,1.0 original drop
1516,0.01418181818181818,0.0,0.0,False,1.0 original drop
1517,0.012727272727272726,0.0,0.0,False,1.0 original drop
1518,0.011272727272727271,0.0,0.0,False,1.0 original drop
1519,0.009818181818181818,0.0,0.0,False,1.0 original drop
1520,0.008363636363636363,0.0,0.0,False,1.0 original drop
1521,0.006909090909090908,0.0,0.0,False,1.0 original drop
1522,0.005454545454545453,0.0,0.0,False,1.0 original drop
1523,0.004,0.0,0.0,False,1.0 original drop
1524,0.02,0.0,0.0,False,1.0 original drop
1525,0.018545454545454542,0.0,0.0,False,1.0 original drop
1526,0.01709090909090909,0.0,0.0,False,1.0 original drop
1527,0.01563636363636364,0.0,0.0,False,1.0 original drop
1528,0.01418181818181818,0.0,0.0,False,1.0 original drop
1529,0.012727272727272726,0.0,0.0,False,1.0 original drop
1530,0.011272727272727271,0.0,0.0,False,1.0 original drop
1531,0.009818181818181818,0.0,0.0,False,1.0 original drop
1532,0.008363636363636363,0.0,0.0,False,1.0 original drop
1533,0.006909090909090908,0.0,0.0,False,1.0 original drop
1534,0.005454545454545453,1.0,0.048,True,1.0 original drop
1535,0.004,0.0,0.0,False,1.0 original drop
