,Unnamed: 0,contact_rate_host_host,mutant_frac,infected_hosts,Alive,length,Unnamed: 0.1
0,0,0.02,0.9755117658312608,0.762,True,2,
1,1,0.018545454545454542,0.9848931466470154,0.789,True,2,
2,2,0.01709090909090909,0.9779163419069888,0.708,True,2,
3,3,0.01563636363636364,0.9860834990059644,0.745,True,2,
4,4,0.01418181818181818,0.9767506227511764,0.6829999999999999,True,2,
5,5,0.012727272727272726,0.9870822802583544,0.674,True,2,
6,6,0.011272727272727271,0.9682608695652174,0.5479999999999999,True,2,
7,7,0.009818181818181818,0.991331757289204,0.5539999999999999,True,2,
8,8,0.008363636363636363,0.9791208791208792,0.467,True,2,
9,9,0.006909090909090908,0.9949238578680204,0.36700000000000005,True,2,
10,10,0.005454545454545453,0.997248968363136,0.214,True,2,
11,11,0.004,0.0,0.0,False,2,
12,12,0.02,0.9404200600085728,0.758,True,2,
13,13,0.018545454545454542,0.9895669291338582,0.7759999999999999,True,2,
14,14,0.01709090909090909,0.9834931965201874,0.7390000000000001,True,2,
15,15,0.01563636363636364,0.978162450066578,0.6779999999999999,True,2,
16,16,0.01418181818181818,0.9801414581066376,0.6859999999999999,True,2,
17,17,0.012727272727272726,0.9827434922491955,0.636,True,2,
18,18,0.011272727272727271,0.9698242933537052,0.583,True,2,
19,19,0.009818181818181818,0.9747031491997936,0.5,True,2,
20,20,0.008363636363636363,0.9939795304033716,0.433,True,2,
21,21,0.006909090909090908,0.9866666666666668,0.32899999999999996,True,2,
22,22,0.005454545454545453,1.0,0.179,True,2,
23,23,0.004,0.0,0.0,False,2,
24,24,0.02,0.9874133527909522,0.78,True,2,
25,25,0.018545454545454542,0.9470057034220531,0.7240000000000001,True,2,
26,26,0.01709090909090909,0.9685271699041064,0.6859999999999999,True,2,
27,27,0.01563636363636364,0.9597602739726028,0.6779999999999999,True,2,
28,28,0.01418181818181818,0.9790680289060552,0.718,True,2,
29,29,0.012727272727272726,0.94335589597435,0.603,True,2,
30,30,0.011272727272727271,0.9895797151788815,0.6409999999999999,True,2,
31,31,0.009818181818181818,0.9807173158503664,0.589,True,2,
32,32,0.008363636363636363,0.9924509310518368,0.47600000000000003,True,2,
33,33,0.006909090909090908,0.9955456570155902,0.344,True,2,
34,34,0.005454545454545453,0.9951456310679612,0.18899999999999997,True,2,
35,35,0.004,0.0,0.0,False,2,
36,36,0.02,0.9757600657354151,0.762,True,2,
37,37,0.018545454545454542,0.9709947881259914,0.73,True,2,
38,38,0.01709090909090909,0.9421138973517694,0.745,True,2,
39,39,0.01563636363636364,0.9702725020644096,0.6729999999999999,True,2,
40,40,0.01418181818181818,0.9808083745274788,0.664,True,2,
41,41,0.012727272727272726,0.9778585591539988,0.6509999999999999,True,2,
42,42,0.011272727272727271,0.9928079112975726,0.649,True,2,
43,43,0.009818181818181818,0.9904065783462768,0.505,True,2,
44,44,0.008363636363636363,0.968573224387178,0.42100000000000004,True,2,
45,45,0.006909090909090908,0.996219281663516,0.40299999999999997,True,2,
46,46,0.005454545454545453,1.0,0.22899999999999998,True,2,
47,47,0.004,0.0,0.0,False,2,
48,48,0.02,0.9715909090909092,0.753,True,2,
49,49,0.018545454545454542,0.9712322885358524,0.7490000000000001,True,2,
50,50,0.01709090909090909,0.9432860717264387,0.6920000000000001,True,2,
51,51,0.01563636363636364,0.986695050558808,0.6920000000000001,True,2,
52,52,0.01418181818181818,0.9754634678298799,0.6709999999999999,True,2,
53,53,0.012727272727272726,0.9766871165644172,0.654,True,2,
54,54,0.011272727272727271,0.9585647159333618,0.5670000000000001,True,2,
55,55,0.009818181818181818,0.9813606710158436,0.506,True,2,
56,56,0.008363636363636363,0.967504598405886,0.431,True,2,
57,57,0.006909090909090908,0.9909688013136289,0.342,True,2,
58,58,0.005454545454545453,0.0,0.0,False,2,
59,59,0.004,0.0,0.0,False,2,
60,60,0.02,0.9813707058622456,0.799,True,2,
61,61,0.018545454545454542,0.9923192206819034,0.777,True,2,
62,62,0.01709090909090909,0.9324490297224268,0.722,True,2,
63,63,0.01563636363636364,0.9732166534075842,0.7040000000000001,True,2,
64,64,0.01418181818181818,0.9787520172135556,0.69,True,2,
65,65,0.012727272727272726,0.990375939849624,0.662,True,2,
66,66,0.011272727272727271,0.9803424223208624,0.619,True,2,
67,67,0.009818181818181818,0.97444089456869,0.484,True,2,
68,68,0.008363636363636363,0.9859841560024376,0.42100000000000004,True,2,
69,69,0.006909090909090908,0.9840499306518724,0.379,True,2,
70,70,0.005454545454545453,0.9978947368421052,0.139,True,2,
71,71,0.004,0.0,0.0,False,2,
72,72,0.02,0.9780775716694772,0.795,True,2,
73,73,0.018545454545454542,0.9749560632688928,0.736,True,2,
74,74,0.01709090909090909,0.9806609547123624,0.7140000000000001,True,2,
75,75,0.01563636363636364,0.9784555797627692,0.7070000000000001,True,2,
76,76,0.01418181818181818,0.9857888631090488,0.659,True,2,
77,77,0.012727272727272726,0.9913092234370621,0.6659999999999999,True,2,
78,78,0.011272727272727271,0.9793689320388348,0.5670000000000001,True,2,
79,79,0.009818181818181818,0.9734558448187852,0.51,True,2,
80,80,0.008363636363636363,0.9937369519832986,0.395,True,2,
81,81,0.006909090909090908,0.9973597359735974,0.39299999999999996,True,2,
82,82,0.005454545454545453,0.9910044977511244,0.191,True,2,
83,83,0.004,0.0,0.0,False,2,
84,84,0.02,0.9762825017568516,0.807,True,2,
85,85,0.018545454545454542,0.9715745058849656,0.733,True,2,
86,86,0.01709090909090909,0.9319138400594208,0.743,True,2,
87,87,0.01563636363636364,0.9885057471264368,0.708,True,2,
88,88,0.01418181818181818,0.9748125937031484,0.653,True,2,
89,89,0.012727272727272726,0.97056810403833,0.607,True,2,
90,90,0.011272727272727271,0.9912013536379018,0.611,True,2,
91,91,0.009818181818181818,0.9690998656515898,0.526,True,2,
92,92,0.008363636363636363,0.9911173445535296,0.49700000000000005,True,2,
93,93,0.006909090909090908,0.9938319198149576,0.32799999999999996,True,2,
94,94,0.005454545454545453,0.9941176470588236,0.18899999999999997,True,2,
95,95,0.004,0.0,0.0,False,2,
96,96,0.02,0.9874411302982732,0.7829999999999999,True,2,
97,97,0.018545454545454542,0.97591456487162,0.7340000000000001,True,2,
98,98,0.01709090909090909,0.9789211242067091,0.722,True,2,
99,99,0.01563636363636364,0.992063492063492,0.7440000000000001,True,2,
100,100,0.01418181818181818,0.9737685805887496,0.659,True,2,
101,101,0.012727272727272726,0.9860575496885198,0.6759999999999999,True,2,
102,102,0.011272727272727271,0.979630328178046,0.5770000000000001,True,2,
103,103,0.009818181818181818,0.9612403100775194,0.502,True,2,
104,104,0.008363636363636363,0.9903846153846154,0.488,True,2,
105,105,0.006909090909090908,0.9760869565217392,0.276,True,2,
106,106,0.005454545454545453,0.9906542056074766,0.16399999999999998,True,2,
107,107,0.004,0.0,0.0,False,2,
108,108,0.02,0.9395941481831052,0.762,True,2,
109,109,0.018545454545454542,0.9856254856254856,0.7759999999999999,True,2,
110,110,0.01709090909090909,0.9845285385741168,0.75,True,2,
111,111,0.01563636363636364,0.9857142857142858,0.69,True,2,
112,112,0.01418181818181818,0.975386557273588,0.6629999999999999,True,2,
113,113,0.012727272727272726,0.972535741158766,0.583,True,2,
114,114,0.011272727272727271,0.994306628710858,0.578,True,2,
115,115,0.009818181818181818,0.9735627360469996,0.556,True,2,
116,116,0.008363636363636363,0.9848576620230164,0.441,True,2,
117,117,0.006909090909090908,0.9954198473282444,0.373,True,2,
118,118,0.005454545454545453,0.9917491749174916,0.21100000000000002,True,2,
119,119,0.004,0.0,0.0,False,2,
120,120,0.02,0.9875416739778908,0.782,True,2,
121,121,0.018545454545454542,0.9871039056742816,0.7859999999999999,True,2,
122,122,0.01709090909090909,0.977579556412729,0.69,True,2,
123,123,0.01563636363636364,0.9871850564726324,0.7440000000000001,True,2,
124,124,0.01418181818181818,0.9707865168539326,0.6629999999999999,True,2,
125,125,0.012727272727272726,0.9764250527797326,0.608,True,2,
126,126,0.011272727272727271,0.9866232827187276,0.591,True,2,
127,127,0.009818181818181818,0.9772209567198178,0.519,True,2,
128,128,0.008363636363636363,0.9966329966329966,0.501,True,2,
129,129,0.006909090909090908,0.9863799283154122,0.39299999999999996,True,2,
130,130,0.005454545454545453,0.9959839357429718,0.207,True,2,
131,131,0.004,0.0,0.0,False,2,
132,132,0.02,0.9814487632508834,0.8059999999999999,True,2,
133,133,0.018545454545454542,0.9385058851789576,0.738,True,2,
134,134,0.01709090909090909,0.9838173354023498,0.7190000000000001,True,2,
135,135,0.01563636363636364,0.9714285714285714,0.7170000000000001,True,2,
136,136,0.01418181818181818,0.9702913181424864,0.684,True,2,
137,137,0.012727272727272726,0.9873377651155428,0.616,True,2,
138,138,0.011272727272727271,0.9837328767123288,0.569,True,2,
139,139,0.009818181818181818,0.9807073954983924,0.528,True,2,
140,140,0.008363636363636363,0.9768756423432684,0.45799999999999996,True,2,
141,141,0.006909090909090908,0.9858420268256334,0.387,True,2,
142,142,0.005454545454545453,0.9878892733564014,0.196,True,2,
143,143,0.004,0.0,0.0,False,2,
144,144,0.02,0.9874055415617128,0.723,True,2,
145,145,0.018545454545454542,0.9916524378675772,0.76,True,2,
146,146,0.01709090909090909,0.9837242699856392,0.733,True,2,
147,147,0.01563636363636364,0.9857109393300538,0.7290000000000001,True,2,
148,148,0.01418181818181818,0.9763651181744092,0.7090000000000001,True,2,
149,149,0.012727272727272726,0.979718309859155,0.677,True,2,
150,150,0.011272727272727271,0.985115957078574,0.59,True,2,
151,151,0.009818181818181818,0.9907741676694746,0.53,True,2,
152,152,0.008363636363636363,0.9937543372657875,0.381,True,2,
153,153,0.006909090909090908,0.9987325728770596,0.255,True,2,
154,154,0.005454545454545453,1.0,0.185,True,2,
155,155,0.004,0.0,0.0,False,2,
156,156,0.02,0.9449777569655818,0.735,True,2,
157,157,0.018545454545454542,0.9750889679715302,0.715,True,2,
158,158,0.01709090909090909,0.98257698541329,0.769,True,2,
159,159,0.01563636363636364,0.9791666666666666,0.698,True,2,
160,160,0.01418181818181818,0.988417939871858,0.705,True,2,
161,161,0.012727272727272726,0.9743589743589745,0.637,True,2,
162,162,0.011272727272727271,0.984196986402058,0.589,True,2,
163,163,0.009818181818181818,0.9688733011836914,0.532,True,2,
164,164,0.008363636363636363,0.9926586261143155,0.462,True,2,
165,165,0.006909090909090908,0.998671096345515,0.39899999999999997,True,2,
166,166,0.005454545454545453,0.997322623828648,0.209,True,2,
167,167,0.004,0.0,0.0,False,2,
168,168,0.02,0.9432967032967032,0.77,True,2,
169,169,0.018545454545454542,0.986204253688446,0.765,True,2,
170,170,0.01709090909090909,0.9746427852686658,0.755,True,2,
171,171,0.01563636363636364,0.9773417425835084,0.743,True,2,
172,172,0.01418181818181818,0.977110157367668,0.6459999999999999,True,2,
173,173,0.012727272727272726,0.9652662917631492,0.645,True,2,
174,174,0.011272727272727271,0.9764407393983328,0.595,True,2,
175,175,0.009818181818181818,0.9765667574931879,0.45899999999999996,True,2,
176,176,0.008363636363636363,0.9738687061822816,0.408,True,2,
177,177,0.006909090909090908,0.9859013091641492,0.281,True,2,
178,178,0.005454545454545453,0.9948630136986302,0.19699999999999998,True,2,
179,179,0.004,0.0,0.0,False,2,
180,180,0.02,0.9932654118459678,0.7909999999999999,True,2,
181,181,0.018545454545454542,0.944274629673172,0.733,True,2,
182,182,0.01709090909090909,0.9843582601242769,0.746,True,2,
183,183,0.01563636363636364,0.9791878172588832,0.701,True,2,
184,184,0.01418181818181818,0.9785276073619632,0.684,True,2,
185,185,0.012727272727272726,0.989611160581775,0.654,True,2,
186,186,0.011272727272727271,0.9785522788203752,0.5710000000000001,True,2,
187,187,0.009818181818181818,0.9713093375065206,0.499,True,2,
188,188,0.008363636363636363,0.9831097863884748,0.49200000000000005,True,2,
189,189,0.006909090909090908,0.9985528219971056,0.382,True,2,
190,190,0.005454545454545453,1.0,0.27899999999999997,True,2,
191,191,0.004,0.0,0.0,False,2,
192,192,0.02,0.9434185606060606,0.737,True,2,
193,193,0.018545454545454542,0.9851035016444186,0.767,True,2,
194,194,0.01709090909090909,0.9464641434262948,0.725,True,2,
195,195,0.01563636363636364,0.9736040609137055,0.684,True,2,
196,196,0.01418181818181818,0.9826511249661156,0.691,True,2,
197,197,0.012727272727272726,0.9715779157138191,0.628,True,2,
198,198,0.011272727272727271,0.9921791681478848,0.614,True,2,
199,199,0.009818181818181818,0.967693084300858,0.498,True,2,
200,200,0.008363636363636363,0.9926345609065156,0.449,True,2,
201,201,0.006909090909090908,0.9907192575406032,0.361,True,2,
202,202,0.005454545454545453,0.99510603588907,0.18,True,2,
203,203,0.004,0.0,0.0,False,2,
204,204,0.02,0.9881175734834272,0.728,True,2,
205,205,0.018545454545454542,0.9870422535211268,0.765,True,2,
206,206,0.01709090909090909,0.9815699658703072,0.727,True,2,
207,207,0.01563636363636364,0.9712982832618026,0.695,True,2,
208,208,0.01418181818181818,0.9793689320388348,0.652,True,2,
209,209,0.012727272727272726,0.99456685783278,0.637,True,2,
210,210,0.011272727272727271,0.9912188268352652,0.591,True,2,
211,211,0.009818181818181818,0.977062196735774,0.519,True,2,
212,212,0.008363636363636363,0.9785841760856632,0.43,True,2,
213,213,0.006909090909090908,0.9910569105691056,0.353,True,2,
214,214,0.005454545454545453,1.0,0.20600000000000002,True,2,
215,215,0.004,0.0,0.0,False,2,
216,216,0.02,0.9875776397515528,0.8109999999999999,True,2,
217,217,0.018545454545454542,0.9860863360684979,0.789,True,2,
218,218,0.01709090909090909,0.9737696727454408,0.7090000000000001,True,2,
219,219,0.01563636363636364,0.984447539461467,0.741,True,2,
220,220,0.01418181818181818,0.969449485783424,0.655,True,2,
221,221,0.012727272727272726,0.9805003679175864,0.609,True,2,
222,222,0.011272727272727271,0.9368888888888888,0.5579999999999999,True,2,
223,223,0.009818181818181818,0.990399385560676,0.591,True,2,
224,224,0.008363636363636363,0.9918699186991871,0.45899999999999996,True,2,
225,225,0.006909090909090908,0.9976798143851509,0.337,True,2,
226,226,0.005454545454545453,0.0,0.0,False,2,
227,227,0.004,0.0,0.0,False,2,
228,228,0.02,0.9808877928483354,0.75,True,2,
229,229,0.018545454545454542,0.986645009926006,0.785,True,2,
230,230,0.01709090909090909,0.947975328506302,0.7240000000000001,True,2,
231,231,0.01563636363636364,0.9782498735457764,0.722,True,2,
232,232,0.01418181818181818,0.9704404374815252,0.677,True,2,
233,233,0.012727272727272726,0.9844720496894409,0.638,True,2,
234,234,0.011272727272727271,0.9783216783216784,0.581,True,2,
235,235,0.009818181818181818,0.9796121332670312,0.46799999999999997,True,2,
236,236,0.008363636363636363,0.9878331402085748,0.45399999999999996,True,2,
237,237,0.006909090909090908,0.975609756097561,0.285,True,2,
238,238,0.005454545454545453,1.0,0.17,True,2,
239,239,0.004,1.0,0.006,True,2,
240,240,0.02,0.9839186691312384,0.7490000000000001,True,2,
241,241,0.018545454545454542,0.97861906630051,0.762,True,2,
242,242,0.01709090909090909,0.9459597247004844,0.7020000000000001,True,2,
243,243,0.01563636363636364,0.9770736733642452,0.7040000000000001,True,2,
244,244,0.01418181818181818,0.9830028328611898,0.6629999999999999,True,2,
245,245,0.012727272727272726,0.9823788546255506,0.632,True,2,
246,246,0.011272727272727271,0.9954128440366972,0.619,True,2,
247,247,0.009818181818181818,0.9934554973821992,0.55,True,2,
248,248,0.008363636363636363,0.9769230769230768,0.413,True,2,
249,249,0.006909090909090908,0.9959718026183284,0.316,True,2,
250,250,0.005454545454545453,0.9939024390243902,0.16,True,2,
251,251,0.004,0.0,0.0,False,2,
252,252,0.02,0.9831099687901598,0.7959999999999999,True,2,
253,253,0.018545454545454542,0.986196644722871,0.763,True,2,
254,254,0.01709090909090909,0.9384696292400736,0.7170000000000001,True,2,
255,255,0.01563636363636364,0.9731270358306188,0.7240000000000001,True,2,
256,256,0.01418181818181818,0.9710914454277286,0.647,True,2,
257,257,0.012727272727272726,0.9657163478888487,0.586,True,2,
258,258,0.011272727272727271,0.9832055494706096,0.614,True,2,
259,259,0.009818181818181818,0.9922330097087378,0.563,True,2,
260,260,0.008363636363636363,0.9801641586867303,0.4,True,2,
261,261,0.006909090909090908,0.990353697749196,0.34,True,2,
262,262,0.005454545454545453,1.0,0.192,True,2,
263,263,0.004,0.0,0.0,False,2,
264,264,0.02,0.947391210218662,0.754,True,2,
265,265,0.018545454545454542,0.9820689655172414,0.736,True,2,
266,266,0.01709090909090909,0.9847874720357942,0.715,True,2,
267,267,0.01563636363636364,0.9728357451129728,0.715,True,2,
268,268,0.01418181818181818,0.986505885730692,0.684,True,2,
269,269,0.012727272727272726,0.9807492195629552,0.66,True,2,
270,270,0.011272727272727271,0.9916666666666668,0.609,True,2,
271,271,0.009818181818181818,0.9770020533880904,0.564,True,2,
272,272,0.008363636363636363,0.9892594686263426,0.456,True,2,
273,273,0.006909090909090908,0.989547038327526,0.27699999999999997,True,2,
274,274,0.005454545454545453,0.9980079681274899,0.163,True,2,
275,275,0.004,0.0,0.0,False,2,
276,276,0.02,0.9416841614182412,0.725,True,2,
277,277,0.018545454545454542,0.9705389221556886,0.718,True,2,
278,278,0.01709090909090909,0.9910528506034124,0.754,True,2,
279,279,0.01563636363636364,0.9681224899598394,0.722,True,2,
280,280,0.01418181818181818,0.9745434421693414,0.672,True,2,
281,281,0.012727272727272726,0.9462512838069156,0.616,True,2,
282,282,0.011272727272727271,0.984924623115578,0.579,True,2,
283,283,0.009818181818181818,0.9771689497716894,0.532,True,2,
284,284,0.008363636363636363,0.9930814262905799,0.447,True,2,
285,285,0.006909090909090908,0.9944488501189532,0.377,True,2,
286,286,0.005454545454545453,1.0,0.252,True,2,
287,287,0.004,0.0,0.0,False,2,
288,288,0.02,0.9840822083417288,0.758,True,2,
289,289,0.018545454545454542,0.981290926099158,0.794,True,2,
290,290,0.01709090909090909,0.9468183929400836,0.7609999999999999,True,2,
291,291,0.01563636363636364,0.9914594323034414,0.722,True,2,
292,292,0.01418181818181818,0.9952817824377458,0.708,True,2,
293,293,0.012727272727272726,0.9859752120026092,0.614,True,2,
294,294,0.011272727272727271,0.9779582366589328,0.589,True,2,
295,295,0.009818181818181818,0.9929022082018928,0.56,True,2,
296,296,0.008363636363636363,0.9816339455351488,0.43700000000000006,True,2,
297,297,0.006909090909090908,0.9976377952755906,0.355,True,2,
298,298,0.005454545454545453,0.996545768566494,0.184,True,2,
299,299,0.004,0.0,0.0,False,2,
300,300,0.02,0.9849489338828168,0.777,True,2,
301,301,0.018545454545454542,0.9729842061512884,0.767,True,2,
302,302,0.01709090909090909,0.9824800910125142,0.738,True,2,
303,303,0.01563636363636364,0.97715373631604,0.706,True,2,
304,304,0.01418181818181818,0.9787104622871048,0.667,True,2,
305,305,0.012727272727272726,0.9858226178700956,0.632,True,2,
306,306,0.011272727272727271,0.9824287387739165,0.593,True,2,
307,307,0.009818181818181818,0.9757899056216659,0.556,True,2,
308,308,0.008363636363636363,0.9747444377630788,0.445,True,2,
309,309,0.006909090909090908,0.9947916666666666,0.377,True,2,
310,310,0.005454545454545453,0.9946332737030412,0.179,True,2,
311,311,0.004,0.0,0.0,False,2,
312,312,0.02,0.9504226639250628,0.7340000000000001,True,2,
313,313,0.018545454545454542,0.936458564763386,0.7609999999999999,True,2,
314,314,0.01709090909090909,0.9410955133498486,0.703,True,2,
315,315,0.01563636363636364,0.9781541482572409,0.7070000000000001,True,2,
316,316,0.01418181818181818,0.972560975609756,0.64,True,2,
317,317,0.012727272727272726,0.9917936694021102,0.6609999999999999,True,2,
318,318,0.011272727272727271,0.9691119691119692,0.619,True,2,
319,319,0.009818181818181818,0.974384236453202,0.512,True,2,
320,320,0.008363636363636363,0.984189723320158,0.43700000000000006,True,2,
321,321,0.006909090909090908,0.9838274932614556,0.314,True,2,
322,322,0.005454545454545453,1.0,0.183,True,2,
323,323,0.004,0.0,0.0,False,2,
324,324,0.02,0.9822616407982262,0.768,True,2,
325,325,0.018545454545454542,0.9767689684569479,0.755,True,2,
326,326,0.01709090909090909,0.977324782409528,0.732,True,2,
327,327,0.01563636363636364,0.9642233856893544,0.645,True,2,
328,328,0.01418181818181818,0.9849414389291691,0.664,True,2,
329,329,0.012727272727272726,0.9742635658914728,0.648,True,2,
330,330,0.011272727272727271,0.9628616106333072,0.588,True,2,
331,331,0.009818181818181818,0.9848360655737703,0.5870000000000001,True,2,
332,332,0.008363636363636363,0.9755178907721279,0.42700000000000005,True,2,
333,333,0.006909090909090908,0.9929467084639498,0.35600000000000004,True,2,
334,334,0.005454545454545453,0.9810246679316889,0.141,True,2,
335,335,0.004,0.0,0.0,False,2,
336,336,0.02,0.9463487332339792,0.762,True,2,
337,337,0.018545454545454542,0.990168273775761,0.777,True,2,
338,338,0.01709090909090909,0.9783921933085502,0.728,True,2,
339,339,0.01563636363636364,0.9410417859187178,0.691,True,2,
340,340,0.01418181818181818,0.9853144915489056,0.643,True,2,
341,341,0.012727272727272726,0.9701128392802684,0.647,True,2,
342,342,0.011272727272727271,0.9883843717001056,0.608,True,2,
343,343,0.009818181818181818,0.9831718510963794,0.49,True,2,
344,344,0.008363636363636363,0.9892362890825218,0.49200000000000005,True,2,
345,345,0.006909090909090908,0.9981981981981982,0.319,True,2,
346,346,0.005454545454545453,0.998995983935743,0.287,True,2,
347,347,0.004,0.0,0.0,False,2,
348,348,0.02,0.9771981028821598,0.792,True,2,
349,349,0.018545454545454542,0.9831171505044266,0.768,True,2,
350,350,0.01709090909090909,0.9880324543610548,0.7809999999999999,True,2,
351,351,0.01563636363636364,0.9808158765159868,0.768,True,2,
352,352,0.01418181818181818,0.9925496688741722,0.6629999999999999,True,2,
353,353,0.012727272727272726,0.9940217391304348,0.682,True,2,
354,354,0.011272727272727271,0.9823627287853576,0.608,True,2,
355,355,0.009818181818181818,0.9688867282450171,0.507,True,2,
356,356,0.008363636363636363,0.9858702633269107,0.41700000000000004,True,2,
357,357,0.006909090909090908,0.9956483899042646,0.32299999999999995,True,2,
358,358,0.005454545454545453,0.998185117967332,0.16399999999999998,True,2,
359,359,0.004,0.0,0.0,False,2,
360,360,0.02,0.9796648044692736,0.742,True,2,
361,361,0.018545454545454542,0.938508064516129,0.7340000000000001,True,2,
362,362,0.01709090909090909,0.986723565670934,0.731,True,2,
363,363,0.01563636363636364,0.9811781960400879,0.722,True,2,
364,364,0.01418181818181818,0.927041499330656,0.622,True,2,
365,365,0.012727272727272726,0.9801284011005807,0.636,True,2,
366,366,0.011272727272727271,0.9809454012458776,0.5920000000000001,True,2,
367,367,0.009818181818181818,0.9894636015325672,0.542,True,2,
368,368,0.008363636363636363,0.9683988764044944,0.39399999999999996,True,2,
369,369,0.006909090909090908,0.9771293375394322,0.353,True,2,
370,370,0.005454545454545453,1.0,0.203,True,2,
371,371,0.004,0.0,0.0,False,2,
372,372,0.02,0.9793103448275862,0.767,True,2,
373,373,0.018545454545454542,0.9804238143289606,0.746,True,2,
374,374,0.01709090909090909,0.9783075089392134,0.731,True,2,
375,375,0.01563636363636364,0.982275879784228,0.688,True,2,
376,376,0.01418181818181818,0.9693396226415094,0.667,True,2,
377,377,0.012727272727272726,0.9864239432273988,0.687,True,2,
378,378,0.011272727272727271,0.9693542502736228,0.575,True,2,
379,379,0.009818181818181818,0.9868363317244404,0.536,True,2,
380,380,0.008363636363636363,0.9920780012187691,0.42200000000000004,True,2,
381,381,0.006909090909090908,0.9787449392712549,0.304,True,2,
382,382,0.005454545454545453,0.998015873015873,0.27399999999999997,True,2,
383,383,0.004,0.0,0.0,False,2,
384,0,0.02,0.0,0.0,False,4,
385,1,0.018545454545454542,0.0,0.0,False,4,
386,2,0.01709090909090909,0.0,0.0,False,4,
387,3,0.01563636363636364,0.0,0.0,False,4,
388,4,0.01418181818181818,0.0,0.0,False,4,
389,5,0.012727272727272726,0.9753993610223642,0.644,True,4,
390,6,0.011272727272727271,0.0,0.0,False,4,
391,7,0.009818181818181818,0.0,0.0,False,4,
392,8,0.008363636363636363,0.0,0.0,False,4,
393,9,0.006909090909090908,0.0,0.0,False,4,
394,10,0.005454545454545453,0.0,0.0,False,4,
395,11,0.004,0.0,0.0,False,4,
396,12,0.02,0.0,0.0,False,4,
397,13,0.018545454545454542,0.0,0.0,False,4,
398,14,0.01709090909090909,0.9668280871670702,0.73,True,4,
399,15,0.01563636363636364,0.0,0.0,False,4,
400,16,0.01418181818181818,0.0,0.0,False,4,
401,17,0.012727272727272726,0.0,0.0,False,4,
402,18,0.011272727272727271,0.0,0.0,False,4,
403,19,0.009818181818181818,0.0,0.0,False,4,
404,20,0.008363636363636363,0.9673115410273516,0.428,True,4,
405,21,0.006909090909090908,0.0,0.0,False,4,
406,22,0.005454545454545453,0.0,0.0,False,4,
407,23,0.004,0.0,0.0,False,4,
408,24,0.02,0.0,0.0,False,4,
409,25,0.018545454545454542,0.0,0.0,False,4,
410,26,0.01709090909090909,0.0,0.0,False,4,
411,27,0.01563636363636364,0.0,0.0,False,4,
412,28,0.01418181818181818,0.0,0.0,False,4,
413,29,0.012727272727272726,0.0,0.0,False,4,
414,30,0.011272727272727271,0.0,0.0,False,4,
415,31,0.009818181818181818,0.0,0.0,False,4,
416,32,0.008363636363636363,0.0,0.0,False,4,
417,33,0.006909090909090908,0.0,0.0,False,4,
418,34,0.005454545454545453,0.0,0.0,False,4,
419,35,0.004,0.0,0.0,False,4,
420,36,0.02,0.0,0.0,False,4,
421,37,0.018545454545454542,0.0,0.0,False,4,
422,38,0.01709090909090909,0.0,0.0,False,4,
423,39,0.01563636363636364,0.0,0.0,False,4,
424,40,0.01418181818181818,0.9735755573905864,0.672,True,4,
425,41,0.012727272727272726,0.0,0.0,False,4,
426,42,0.011272727272727271,0.0,0.0,False,4,
427,43,0.009818181818181818,0.0,0.0,False,4,
428,44,0.008363636363636363,0.969993876301286,0.406,True,4,
429,45,0.006909090909090908,0.9722675367047308,0.35200000000000004,True,4,
430,46,0.005454545454545453,1.0,0.023,True,4,
431,47,0.004,0.0,0.0,False,4,
432,48,0.02,0.0,0.0,False,4,
433,49,0.018545454545454542,0.0,0.0,False,4,
434,50,0.01709090909090909,0.0,0.0,False,4,
435,51,0.01563636363636364,0.0,0.0,False,4,
436,52,0.01418181818181818,0.0,0.0,False,4,
437,53,0.012727272727272726,0.0,0.0,False,4,
438,54,0.011272727272727271,0.0,0.0,False,4,
439,55,0.009818181818181818,0.0,0.0,False,4,
440,56,0.008363636363636363,0.0,0.0,False,4,
441,57,0.006909090909090908,0.0,0.0,False,4,
442,58,0.005454545454545453,0.0,0.0,False,4,
443,59,0.004,0.0,0.0,False,4,
444,60,0.02,0.0,0.0,False,4,
445,61,0.018545454545454542,0.0,0.0,False,4,
446,62,0.01709090909090909,0.0,0.0,False,4,
447,63,0.01563636363636364,0.0,0.0,False,4,
448,64,0.01418181818181818,0.0,0.0,False,4,
449,65,0.012727272727272726,0.0,0.0,False,4,
450,66,0.011272727272727271,0.9533540648600622,0.542,True,4,
451,67,0.009818181818181818,0.0,0.0,False,4,
452,68,0.008363636363636363,0.0,0.0,False,4,
453,69,0.006909090909090908,0.0,0.0,False,4,
454,70,0.005454545454545453,0.9829787234042552,0.22699999999999998,True,4,
455,71,0.004,0.0,0.0,False,4,
456,72,0.02,0.0,0.0,False,4,
457,73,0.018545454545454542,0.9834146341463414,0.782,True,4,
458,74,0.01709090909090909,0.0,0.0,False,4,
459,75,0.01563636363636364,0.0,0.0,False,4,
460,76,0.01418181818181818,0.0,0.0,False,4,
461,77,0.012727272727272726,0.0,0.0,False,4,
462,78,0.011272727272727271,0.0,0.0,False,4,
463,79,0.009818181818181818,0.9785365853658536,0.496,True,4,
464,80,0.008363636363636363,0.9810298102981031,0.46,True,4,
465,81,0.006909090909090908,0.9821930646672916,0.305,True,4,
466,82,0.005454545454545453,0.0,0.0,False,4,
467,83,0.004,0.0,0.0,False,4,
468,84,0.02,0.9837217906030336,0.7909999999999999,True,4,
469,85,0.018545454545454542,0.0,0.0,False,4,
470,86,0.01709090909090909,0.0,0.0,False,4,
471,87,0.01563636363636364,0.0,0.0,False,4,
472,88,0.01418181818181818,0.9615384615384616,0.638,True,4,
473,89,0.012727272727272726,0.0,0.0,False,4,
474,90,0.011272727272727271,0.0,0.0,False,4,
475,91,0.009818181818181818,0.0,0.0,False,4,
476,92,0.008363636363636363,0.9768715763846622,0.431,True,4,
477,93,0.006909090909090908,0.0,0.0,False,4,
478,94,0.005454545454545453,0.0,0.0,False,4,
479,95,0.004,0.0,0.0,False,4,
480,96,0.02,0.0,0.0,False,4,
481,97,0.018545454545454542,0.0,0.0,False,4,
482,98,0.01709090909090909,0.0,0.0,False,4,
483,99,0.01563636363636364,0.0,0.0,False,4,
484,100,0.01418181818181818,0.0,0.0,False,4,
485,101,0.012727272727272726,0.0,0.0,False,4,
486,102,0.011272727272727271,0.0,0.0,False,4,
487,103,0.009818181818181818,0.0,0.0,False,4,
488,104,0.008363636363636363,0.0,0.0,False,4,
489,105,0.006909090909090908,0.9624505928853756,0.318,True,4,
490,106,0.005454545454545453,0.0,0.0,False,4,
491,107,0.004,0.0,0.0,False,4,
492,108,0.02,0.0,0.0,False,4,
493,109,0.018545454545454542,0.0,0.0,False,4,
494,110,0.01709090909090909,0.0,0.0,False,4,
495,111,0.01563636363636364,0.0,0.0,False,4,
496,112,0.01418181818181818,0.9562067830095488,0.68,True,4,
497,113,0.012727272727272726,0.0,0.0,False,4,
498,114,0.011272727272727271,0.0,0.0,False,4,
499,115,0.009818181818181818,0.0,0.0,False,4,
500,116,0.008363636363636363,0.0,0.0,False,4,
501,117,0.006909090909090908,0.0,0.0,False,4,
502,118,0.005454545454545453,0.9957203994293866,0.188,True,4,
503,119,0.004,0.0,0.0,False,4,
504,120,0.02,0.0,0.0,False,4,
505,121,0.018545454545454542,0.0,0.0,False,4,
506,122,0.01709090909090909,0.0,0.0,False,4,
507,123,0.01563636363636364,0.0,0.0,False,4,
508,124,0.01418181818181818,0.0,0.0,False,4,
509,125,0.012727272727272726,0.0,0.0,False,4,
510,126,0.011272727272727271,0.0,0.0,False,4,
511,127,0.009818181818181818,0.0,0.0,False,4,
512,128,0.008363636363636363,0.0,0.0,False,4,
513,129,0.006909090909090908,0.0,0.0,False,4,
514,130,0.005454545454545453,0.0,0.0,False,4,
515,131,0.004,0.0,0.0,False,4,
516,132,0.02,0.9613006640714448,0.7290000000000001,True,4,
517,133,0.018545454545454542,0.0,0.0,False,4,
518,134,0.01709090909090909,0.0,0.0,False,4,
519,135,0.01563636363636364,0.0,0.0,False,4,
520,136,0.01418181818181818,0.9571341090018372,0.6679999999999999,True,4,
521,137,0.012727272727272726,0.0,0.0,False,4,
522,138,0.011272727272727271,0.0,0.0,False,4,
523,139,0.009818181818181818,0.0,0.0,False,4,
524,140,0.008363636363636363,0.0,0.0,False,4,
525,141,0.006909090909090908,0.0,0.0,False,4,
526,142,0.005454545454545453,0.9865771812080536,0.114,True,4,
527,143,0.004,0.0,0.0,False,4,
528,144,0.02,0.0,0.0,False,4,
529,145,0.018545454545454542,0.0,0.0,False,4,
530,146,0.01709090909090909,0.0,0.0,False,4,
531,147,0.01563636363636364,0.0,0.0,False,4,
532,148,0.01418181818181818,0.0,0.0,False,4,
533,149,0.012727272727272726,0.0,0.0,False,4,
534,150,0.011272727272727271,0.0,0.0,False,4,
535,151,0.009818181818181818,0.973326359832636,0.499,True,4,
536,152,0.008363636363636363,0.0,0.0,False,4,
537,153,0.006909090909090908,0.0,0.0,False,4,
538,154,0.005454545454545453,0.0,0.0,False,4,
539,155,0.004,0.0,0.0,False,4,
540,156,0.02,0.0,0.0,False,4,
541,157,0.018545454545454542,0.0,0.0,False,4,
542,158,0.01709090909090909,0.0,0.0,False,4,
543,159,0.01563636363636364,0.0,0.0,False,4,
544,160,0.01418181818181818,0.0,0.0,False,4,
545,161,0.012727272727272726,0.0,0.0,False,4,
546,162,0.011272727272727271,0.0,0.0,False,4,
547,163,0.009818181818181818,0.9556431739773288,0.506,True,4,
548,164,0.008363636363636363,0.9696799550814148,0.457,True,4,
549,165,0.006909090909090908,0.0,0.0,False,4,
550,166,0.005454545454545453,0.9969230769230768,0.198,True,4,
551,167,0.004,0.0,0.0,False,4,
552,168,0.02,0.0,0.0,False,4,
553,169,0.018545454545454542,0.0,0.0,False,4,
554,170,0.01709090909090909,0.9572428090178804,0.7340000000000001,True,4,
555,171,0.01563636363636364,0.0,0.0,False,4,
556,172,0.01418181818181818,0.0,0.0,False,4,
557,173,0.012727272727272726,0.0,0.0,False,4,
558,174,0.011272727272727271,0.0,0.0,False,4,
559,175,0.009818181818181818,0.0,0.0,False,4,
560,176,0.008363636363636363,0.0,0.0,False,4,
561,177,0.006909090909090908,0.98526863084922,0.316,True,4,
562,178,0.005454545454545453,0.0,0.0,False,4,
563,179,0.004,0.0,0.0,False,4,
564,180,0.02,0.0,0.0,False,4,
565,181,0.018545454545454542,0.0,0.0,False,4,
566,182,0.01709090909090909,0.0,0.0,False,4,
567,183,0.01563636363636364,0.0,0.0,False,4,
568,184,0.01418181818181818,0.0,0.0,False,4,
569,185,0.012727272727272726,0.0,0.0,False,4,
570,186,0.011272727272727271,0.0,0.0,False,4,
571,187,0.009818181818181818,0.0,0.0,False,4,
572,188,0.008363636363636363,0.0,0.0,False,4,
573,189,0.006909090909090908,0.9838274932614556,0.335,True,4,
574,190,0.005454545454545453,1.0,0.231,True,4,
575,191,0.004,0.0,0.0,False,4,
576,192,0.02,0.0,0.0,False,4,
577,193,0.018545454545454542,0.0,0.0,False,4,
578,194,0.01709090909090909,0.0,0.0,False,4,
579,195,0.01563636363636364,0.0,0.0,False,4,
580,196,0.01418181818181818,0.0,0.0,False,4,
581,197,0.012727272727272726,0.9528234453180844,0.623,True,4,
582,198,0.011272727272727271,0.983108108108108,0.597,True,4,
583,199,0.009818181818181818,0.0,0.0,False,4,
584,200,0.008363636363636363,0.0,0.0,False,4,
585,201,0.006909090909090908,0.0,0.0,False,4,
586,202,0.005454545454545453,0.0,0.0,False,4,
587,203,0.004,0.0,0.0,False,4,
588,204,0.02,0.0,0.0,False,4,
589,205,0.018545454545454542,0.0,0.0,False,4,
590,206,0.01709090909090909,0.0,0.0,False,4,
591,207,0.01563636363636364,0.0,0.0,False,4,
592,208,0.01418181818181818,0.0,0.0,False,4,
593,209,0.012727272727272726,0.0,0.0,False,4,
594,210,0.011272727272727271,0.0,0.0,False,4,
595,211,0.009818181818181818,0.978376172990616,0.557,True,4,
596,212,0.008363636363636363,0.0,0.0,False,4,
597,213,0.006909090909090908,0.9745114698385726,0.315,True,4,
598,214,0.005454545454545453,0.0,0.0,False,4,
599,215,0.004,0.0,0.0,False,4,
600,216,0.02,0.0,0.0,False,4,
601,217,0.018545454545454542,0.0,0.0,False,4,
602,218,0.01709090909090909,0.0,0.0,False,4,
603,219,0.01563636363636364,0.0,0.0,False,4,
604,220,0.01418181818181818,0.0,0.0,False,4,
605,221,0.012727272727272726,0.0,0.0,False,4,
606,222,0.011272727272727271,0.0,0.0,False,4,
607,223,0.009818181818181818,0.0,0.0,False,4,
608,224,0.008363636363636363,0.9744927536231884,0.47100000000000003,True,4,
609,225,0.006909090909090908,0.0,0.0,False,4,
610,226,0.005454545454545453,0.0,0.0,False,4,
611,227,0.004,0.0,0.0,False,4,
612,228,0.02,0.0,0.0,False,4,
613,229,0.018545454545454542,0.0,0.0,False,4,
614,230,0.01709090909090909,0.0,0.0,False,4,
615,231,0.01563636363636364,0.0,0.0,False,4,
616,232,0.01418181818181818,0.0,0.0,False,4,
617,233,0.012727272727272726,0.0,0.0,False,4,
618,234,0.011272727272727271,0.0,0.0,False,4,
619,235,0.009818181818181818,0.0,0.0,False,4,
620,236,0.008363636363636363,0.967741935483871,0.391,True,4,
621,237,0.006909090909090908,0.0,0.0,False,4,
622,238,0.005454545454545453,0.9865853658536584,0.23399999999999999,True,4,
623,239,0.004,0.0,0.0,False,4,
624,240,0.02,0.0,0.0,False,4,
625,241,0.018545454545454542,0.0,0.0,False,4,
626,242,0.01709090909090909,0.0,0.0,False,4,
627,243,0.01563636363636364,0.97171812396889,0.73,True,4,
628,244,0.01418181818181818,0.0,0.0,False,4,
629,245,0.012727272727272726,0.0,0.0,False,4,
630,246,0.011272727272727271,0.0,0.0,False,4,
631,247,0.009818181818181818,0.0,0.0,False,4,
632,248,0.008363636363636363,0.9751707014276848,0.44299999999999995,True,4,
633,249,0.006909090909090908,0.0,0.0,False,4,
634,250,0.005454545454545453,0.0,0.0,False,4,
635,251,0.004,0.0,0.0,False,4,
636,252,0.02,0.0,0.0,False,4,
637,253,0.018545454545454542,0.0,0.0,False,4,
638,254,0.01709090909090909,0.0,0.0,False,4,
639,255,0.01563636363636364,0.9685950413223141,0.7240000000000001,True,4,
640,256,0.01418181818181818,0.0,0.0,False,4,
641,257,0.012727272727272726,0.0,0.0,False,4,
642,258,0.011272727272727271,0.9557920589439214,0.608,True,4,
643,259,0.009818181818181818,0.0,0.0,False,4,
644,260,0.008363636363636363,0.0,0.0,False,4,
645,261,0.006909090909090908,0.0,0.0,False,4,
646,262,0.005454545454545453,0.0,0.0,False,4,
647,263,0.004,0.0,0.0,False,4,
648,264,0.02,0.0,0.0,False,4,
649,265,0.018545454545454542,0.0,0.0,False,4,
650,266,0.01709090909090909,0.0,0.0,False,4,
651,267,0.01563636363636364,0.0,0.0,False,4,
652,268,0.01418181818181818,0.0,0.0,False,4,
653,269,0.012727272727272726,0.0,0.0,False,4,
654,270,0.011272727272727271,0.0,0.0,False,4,
655,271,0.009818181818181818,0.0,0.0,False,4,
656,272,0.008363636363636363,0.0,0.0,False,4,
657,273,0.006909090909090908,0.9556962025316456,0.32899999999999996,True,4,
658,274,0.005454545454545453,0.9919678714859438,0.16899999999999998,True,4,
659,275,0.004,0.0,0.0,False,4,
660,276,0.02,0.0,0.0,False,4,
661,277,0.018545454545454542,0.0,0.0,False,4,
662,278,0.01709090909090909,0.0,0.0,False,4,
663,279,0.01563636363636364,0.0,0.0,False,4,
664,280,0.01418181818181818,0.9593098958333334,0.657,True,4,
665,281,0.012727272727272726,0.9705042816365368,0.6609999999999999,True,4,
666,282,0.011272727272727271,0.0,0.0,False,4,
667,283,0.009818181818181818,0.0,0.0,False,4,
668,284,0.008363636363636363,0.0,0.0,False,4,
669,285,0.006909090909090908,0.9722001588562352,0.354,True,4,
670,286,0.005454545454545453,0.0,0.0,False,4,
671,287,0.004,0.0,0.0,False,4,
672,288,0.02,0.0,0.0,False,4,
673,289,0.018545454545454542,0.9770049410870392,0.807,True,4,
674,290,0.01709090909090909,0.0,0.0,False,4,
675,291,0.01563636363636364,0.0,0.0,False,4,
676,292,0.01418181818181818,0.0,0.0,False,4,
677,293,0.012727272727272726,0.939805149617258,0.639,True,4,
678,294,0.011272727272727271,0.0,0.0,False,4,
679,295,0.009818181818181818,0.0,0.0,False,4,
680,296,0.008363636363636363,0.0,0.0,False,4,
681,297,0.006909090909090908,0.9698965192850424,0.306,True,4,
682,298,0.005454545454545453,0.0,0.0,False,4,
683,299,0.004,0.0,0.0,False,4,
684,300,0.02,0.0,0.0,False,4,
685,301,0.018545454545454542,0.0,0.0,False,4,
686,302,0.01709090909090909,0.0,0.0,False,4,
687,303,0.01563636363636364,0.0,0.0,False,4,
688,304,0.01418181818181818,0.0,0.0,False,4,
689,305,0.012727272727272726,0.0,0.0,False,4,
690,306,0.011272727272727271,0.9483126868859462,0.5710000000000001,True,4,
691,307,0.009818181818181818,0.0,0.0,False,4,
692,308,0.008363636363636363,0.0,0.0,False,4,
693,309,0.006909090909090908,0.0,0.0,False,4,
694,310,0.005454545454545453,0.0,0.0,False,4,
695,311,0.004,0.0,0.0,False,4,
696,312,0.02,0.0,0.0,False,4,
697,313,0.018545454545454542,0.0,0.0,False,4,
698,314,0.01709090909090909,0.0,0.0,False,4,
699,315,0.01563636363636364,0.0,0.0,False,4,
700,316,0.01418181818181818,0.0,0.0,False,4,
701,317,0.012727272727272726,0.0,0.0,False,4,
702,318,0.011272727272727271,0.9843444227005872,0.657,True,4,
703,319,0.009818181818181818,0.0,0.0,False,4,
704,320,0.008363636363636363,0.0,0.0,False,4,
705,321,0.006909090909090908,0.0,0.0,False,4,
706,322,0.005454545454545453,0.0,0.0,False,4,
707,323,0.004,0.0,0.0,False,4,
708,324,0.02,0.0,0.0,False,4,
709,325,0.018545454545454542,0.0,0.0,False,4,
710,326,0.01709090909090909,0.0,0.0,False,4,
711,327,0.01563636363636364,0.0,0.0,False,4,
712,328,0.01418181818181818,0.0,0.0,False,4,
713,329,0.012727272727272726,0.9392782789729356,0.629,True,4,
714,330,0.011272727272727271,0.0,0.0,False,4,
715,331,0.009818181818181818,0.0,0.0,False,4,
716,332,0.008363636363636363,0.0,0.0,False,4,
717,333,0.006909090909090908,0.9778129952456418,0.354,True,4,
718,334,0.005454545454545453,0.0,0.0,False,4,
719,335,0.004,0.0,0.0,False,4,
720,336,0.02,0.0,0.0,False,4,
721,337,0.018545454545454542,0.0,0.0,False,4,
722,338,0.01709090909090909,0.0,0.0,False,4,
723,339,0.01563636363636364,0.0,0.0,False,4,
724,340,0.01418181818181818,0.0,0.0,False,4,
725,341,0.012727272727272726,0.0,0.0,False,4,
726,342,0.011272727272727271,0.0,0.0,False,4,
727,343,0.009818181818181818,1.0,0.138,True,4,
728,344,0.008363636363636363,0.0,0.0,False,4,
729,345,0.006909090909090908,0.973307912297426,0.315,True,4,
730,346,0.005454545454545453,0.0,0.0,False,4,
731,347,0.004,0.0,0.0,False,4,
732,348,0.02,0.0,0.0,False,4,
733,349,0.018545454545454542,0.0,0.0,False,4,
734,350,0.01709090909090909,0.0,0.0,False,4,
735,351,0.01563636363636364,0.0,0.0,False,4,
736,352,0.01418181818181818,0.0,0.0,False,4,
737,353,0.012727272727272726,0.0,0.0,False,4,
738,354,0.011272727272727271,0.0,0.0,False,4,
739,355,0.009818181818181818,0.0,0.0,False,4,
740,356,0.008363636363636363,0.0,0.0,False,4,
741,357,0.006909090909090908,0.0,0.0,False,4,
742,358,0.005454545454545453,0.0,0.0,False,4,
743,359,0.004,0.0,0.0,False,4,
744,360,0.02,0.0,0.0,False,4,
745,361,0.018545454545454542,0.0,0.0,False,4,
746,362,0.01709090909090909,0.0,0.0,False,4,
747,363,0.01563636363636364,0.0,0.0,False,4,
748,364,0.01418181818181818,0.0,0.0,False,4,
749,365,0.012727272727272726,0.0,0.0,False,4,
750,366,0.011272727272727271,0.0,0.0,False,4,
751,367,0.009818181818181818,0.0,0.0,False,4,
752,368,0.008363636363636363,0.0,0.0,False,4,
753,369,0.006909090909090908,0.0,0.0,False,4,
754,370,0.005454545454545453,0.0,0.0,False,4,
755,371,0.004,0.0,0.0,False,4,
756,372,0.02,0.0,0.0,False,4,
757,373,0.018545454545454542,0.0,0.0,False,4,
758,374,0.01709090909090909,0.0,0.0,False,4,
759,375,0.01563636363636364,0.0,0.0,False,4,
760,376,0.01418181818181818,0.0,0.0,False,4,
761,377,0.012727272727272726,0.0,0.0,False,4,
762,378,0.011272727272727271,0.980260394792104,0.532,True,4,
763,379,0.009818181818181818,0.0,0.0,False,4,
764,380,0.008363636363636363,0.0,0.0,False,4,
765,381,0.006909090909090908,0.0,0.0,False,4,
766,382,0.005454545454545453,0.0,0.0,False,4,
767,383,0.004,0.0,0.0,False,4,
768,0,0.02,0.0,0.0,False,6,
769,1,0.018545454545454542,0.0,0.0,False,6,
770,2,0.01709090909090909,0.0,0.0,False,6,
771,3,0.01563636363636364,0.0,0.0,False,6,
772,4,0.01418181818181818,0.0,0.0,False,6,
773,5,0.012727272727272726,0.0,0.0,False,6,
774,6,0.011272727272727271,0.0,0.0,False,6,
775,7,0.009818181818181818,0.0,0.0,False,6,
776,8,0.008363636363636363,0.0,0.0,False,6,
777,9,0.006909090909090908,0.8963675213675214,0.28800000000000003,True,6,
778,10,0.005454545454545453,0.9767857142857144,0.16699999999999998,True,6,
779,11,0.004,0.0,0.0,False,6,
780,12,0.02,0.0,0.0,False,6,
781,13,0.018545454545454542,0.0,0.0,False,6,
782,14,0.01709090909090909,0.0,0.0,False,6,
783,15,0.01563636363636364,0.0,0.0,False,6,
784,16,0.01418181818181818,0.0,0.0,False,6,
785,17,0.012727272727272726,0.0,0.0,False,6,
786,18,0.011272727272727271,0.0,0.0,False,6,
787,19,0.009818181818181818,0.0,0.0,False,6,
788,20,0.008363636363636363,0.9437396580253724,0.488,True,6,
789,21,0.006909090909090908,0.0,0.0,False,6,
790,22,0.005454545454545453,0.0,0.0,False,6,
791,23,0.004,0.0,0.0,False,6,
792,24,0.02,0.0,0.0,False,6,
793,25,0.018545454545454542,0.0,0.0,False,6,
794,26,0.01709090909090909,0.0,0.0,False,6,
795,27,0.01563636363636364,0.0,0.0,False,6,
796,28,0.01418181818181818,0.0,0.0,False,6,
797,29,0.012727272727272726,0.0,0.0,False,6,
798,30,0.011272727272727271,0.0,0.0,False,6,
799,31,0.009818181818181818,0.0,0.0,False,6,
800,32,0.008363636363636363,0.8916030534351145,0.40700000000000003,True,6,
801,33,0.006909090909090908,0.9212233549582948,0.318,True,6,
802,34,0.005454545454545453,0.0,0.0,False,6,
803,35,0.004,0.0,0.0,False,6,
804,36,0.02,0.0,0.0,False,6,
805,37,0.018545454545454542,0.0,0.0,False,6,
806,38,0.01709090909090909,0.0,0.0,False,6,
807,39,0.01563636363636364,0.0,0.0,False,6,
808,40,0.01418181818181818,0.0,0.0,False,6,
809,41,0.012727272727272726,0.0,0.0,False,6,
810,42,0.011272727272727271,0.0,0.0,False,6,
811,43,0.009818181818181818,0.0,0.0,False,6,
812,44,0.008363636363636363,0.0,0.0,False,6,
813,45,0.006909090909090908,0.0,0.0,False,6,
814,46,0.005454545454545453,1.0,0.013999999999999999,True,6,
815,47,0.004,0.0,0.0,False,6,
816,48,0.02,0.0,0.0,False,6,
817,49,0.018545454545454542,0.0,0.0,False,6,
818,50,0.01709090909090909,0.0,0.0,False,6,
819,51,0.01563636363636364,0.0,0.0,False,6,
820,52,0.01418181818181818,0.0,0.0,False,6,
821,53,0.012727272727272726,0.0,0.0,False,6,
822,54,0.011272727272727271,0.0,0.0,False,6,
823,55,0.009818181818181818,0.0,0.0,False,6,
824,56,0.008363636363636363,0.0,0.0,False,6,
825,57,0.006909090909090908,0.9310344827586208,0.375,True,6,
826,58,0.005454545454545453,0.0,0.0,False,6,
827,59,0.004,0.0,0.0,False,6,
828,60,0.02,0.0,0.0,False,6,
829,61,0.018545454545454542,0.0,0.0,False,6,
830,62,0.01709090909090909,0.0,0.0,False,6,
831,63,0.01563636363636364,0.0,0.0,False,6,
832,64,0.01418181818181818,0.0,0.0,False,6,
833,65,0.012727272727272726,0.0,0.0,False,6,
834,66,0.011272727272727271,0.0,0.0,False,6,
835,67,0.009818181818181818,0.0,0.0,False,6,
836,68,0.008363636363636363,0.9049454078355812,0.439,True,6,
837,69,0.006909090909090908,0.9482173174872666,0.354,True,6,
838,70,0.005454545454545453,1.0,0.192,True,6,
839,71,0.004,0.0,0.0,False,6,
840,72,0.02,0.0,0.0,False,6,
841,73,0.018545454545454542,0.0,0.0,False,6,
842,74,0.01709090909090909,0.0,0.0,False,6,
843,75,0.01563636363636364,0.0,0.0,False,6,
844,76,0.01418181818181818,0.0,0.0,False,6,
845,77,0.012727272727272726,0.0,0.0,False,6,
846,78,0.011272727272727271,0.0,0.0,False,6,
847,79,0.009818181818181818,0.0,0.0,False,6,
848,80,0.008363636363636363,0.0,0.0,False,6,
849,81,0.006909090909090908,0.0,0.0,False,6,
850,82,0.005454545454545453,0.0,0.0,False,6,
851,83,0.004,0.0,0.0,False,6,
852,84,0.02,0.0,0.0,False,6,
853,85,0.018545454545454542,0.0,0.0,False,6,
854,86,0.01709090909090909,0.0,0.0,False,6,
855,87,0.01563636363636364,0.0,0.0,False,6,
856,88,0.01418181818181818,0.9424313267095266,0.723,True,6,
857,89,0.012727272727272726,0.0,0.0,False,6,
858,90,0.011272727272727271,0.0,0.0,False,6,
859,91,0.009818181818181818,0.0,0.0,False,6,
860,92,0.008363636363636363,0.0,0.0,False,6,
861,93,0.006909090909090908,0.0,0.0,False,6,
862,94,0.005454545454545453,0.9855699855699857,0.207,True,6,
863,95,0.004,0.0,0.0,False,6,
864,96,0.02,0.0,0.0,False,6,
865,97,0.018545454545454542,0.0,0.0,False,6,
866,98,0.01709090909090909,0.0,0.0,False,6,
867,99,0.01563636363636364,0.0,0.0,False,6,
868,100,0.01418181818181818,0.0,0.0,False,6,
869,101,0.012727272727272726,0.0,0.0,False,6,
870,102,0.011272727272727271,0.0,0.0,False,6,
871,103,0.009818181818181818,0.0,0.0,False,6,
872,104,0.008363636363636363,0.0,0.0,False,6,
873,105,0.006909090909090908,0.946456692913386,0.34700000000000003,True,6,
874,106,0.005454545454545453,1.0,0.174,True,6,
875,107,0.004,0.0,0.0,False,6,
876,108,0.02,0.0,0.0,False,6,
877,109,0.018545454545454542,0.0,0.0,False,6,
878,110,0.01709090909090909,0.0,0.0,False,6,
879,111,0.01563636363636364,0.0,0.0,False,6,
880,112,0.01418181818181818,0.0,0.0,False,6,
881,113,0.012727272727272726,0.0,0.0,False,6,
882,114,0.011272727272727271,0.8563218390804598,0.585,True,6,
883,115,0.009818181818181818,0.0,0.0,False,6,
884,116,0.008363636363636363,0.0,0.0,False,6,
885,117,0.006909090909090908,0.0,0.0,False,6,
886,118,0.005454545454545453,0.998696219035202,0.239,True,6,
887,119,0.004,0.0,0.0,False,6,
888,120,0.02,0.0,0.0,False,6,
889,121,0.018545454545454542,0.0,0.0,False,6,
890,122,0.01709090909090909,0.0,0.0,False,6,
891,123,0.01563636363636364,0.0,0.0,False,6,
892,124,0.01418181818181818,0.0,0.0,False,6,
893,125,0.012727272727272726,0.0,0.0,False,6,
894,126,0.011272727272727271,0.0,0.0,False,6,
895,127,0.009818181818181818,0.0,0.0,False,6,
896,128,0.008363636363636363,0.0,0.0,False,6,
897,129,0.006909090909090908,0.0,0.0,False,6,
898,130,0.005454545454545453,0.0,0.0,False,6,
899,131,0.004,0.0,0.0,False,6,
900,132,0.02,0.0,0.0,False,6,
901,133,0.018545454545454542,0.0,0.0,False,6,
902,134,0.01709090909090909,0.0,0.0,False,6,
903,135,0.01563636363636364,0.0,0.0,False,6,
904,136,0.01418181818181818,0.0,0.0,False,6,
905,137,0.012727272727272726,0.0,0.0,False,6,
906,138,0.011272727272727271,0.0,0.0,False,6,
907,139,0.009818181818181818,0.0,0.0,False,6,
908,140,0.008363636363636363,0.0,0.0,False,6,
909,141,0.006909090909090908,0.0,0.0,False,6,
910,142,0.005454545454545453,0.0,0.0,False,6,
911,143,0.004,0.0,0.0,False,6,
912,144,0.02,0.0,0.0,False,6,
913,145,0.018545454545454542,0.0,0.0,False,6,
914,146,0.01709090909090909,0.0,0.0,False,6,
915,147,0.01563636363636364,0.0,0.0,False,6,
916,148,0.01418181818181818,0.0,0.0,False,6,
917,149,0.012727272727272726,0.0,0.0,False,6,
918,150,0.011272727272727271,0.0,0.0,False,6,
919,151,0.009818181818181818,0.0,0.0,False,6,
920,152,0.008363636363636363,0.887020847343645,0.419,True,6,
921,153,0.006909090909090908,0.0,0.0,False,6,
922,154,0.005454545454545453,0.9694835680751174,0.13699999999999998,True,6,
923,155,0.004,0.0,0.0,False,6,
924,156,0.02,0.0,0.0,False,6,
925,157,0.018545454545454542,0.0,0.0,False,6,
926,158,0.01709090909090909,0.0,0.0,False,6,
927,159,0.01563636363636364,0.0,0.0,False,6,
928,160,0.01418181818181818,0.0,0.0,False,6,
929,161,0.012727272727272726,0.0,0.0,False,6,
930,162,0.011272727272727271,0.0,0.0,False,6,
931,163,0.009818181818181818,0.0,0.0,False,6,
932,164,0.008363636363636363,0.0,0.0,False,6,
933,165,0.006909090909090908,0.9432234432234432,0.308,True,6,
934,166,0.005454545454545453,0.988817891373802,0.2,True,6,
935,167,0.004,0.0,0.0,False,6,
936,168,0.02,0.0,0.0,False,6,
937,169,0.018545454545454542,0.0,0.0,False,6,
938,170,0.01709090909090909,0.0,0.0,False,6,
939,171,0.01563636363636364,0.0,0.0,False,6,
940,172,0.01418181818181818,0.0,0.0,False,6,
941,173,0.012727272727272726,0.0,0.0,False,6,
942,174,0.011272727272727271,0.0,0.0,False,6,
943,175,0.009818181818181818,0.0,0.0,False,6,
944,176,0.008363636363636363,0.0,0.0,False,6,
945,177,0.006909090909090908,0.0,0.0,False,6,
946,178,0.005454545454545453,0.974937343358396,0.14300000000000002,True,6,
947,179,0.004,0.0,0.0,False,6,
948,180,0.02,0.0,0.0,False,6,
949,181,0.018545454545454542,0.0,0.0,False,6,
950,182,0.01709090909090909,0.0,0.0,False,6,
951,183,0.01563636363636364,0.0,0.0,False,6,
952,184,0.01418181818181818,0.0,0.0,False,6,
953,185,0.012727272727272726,0.0,0.0,False,6,
954,186,0.011272727272727271,0.0,0.0,False,6,
955,187,0.009818181818181818,0.0,0.0,False,6,
956,188,0.008363636363636363,0.0,0.0,False,6,
957,189,0.006909090909090908,0.0,0.0,False,6,
958,190,0.005454545454545453,0.0,0.0,False,6,
959,191,0.004,0.0,0.0,False,6,
960,192,0.02,0.0,0.0,False,6,
961,193,0.018545454545454542,0.0,0.0,False,6,
962,194,0.01709090909090909,0.0,0.0,False,6,
963,195,0.01563636363636364,0.0,0.0,False,6,
964,196,0.01418181818181818,0.0,0.0,False,6,
965,197,0.012727272727272726,0.0,0.0,False,6,
966,198,0.011272727272727271,0.0,0.0,False,6,
967,199,0.009818181818181818,0.0,0.0,False,6,
968,200,0.008363636363636363,0.0,0.0,False,6,
969,201,0.006909090909090908,0.0,0.0,False,6,
970,202,0.005454545454545453,0.0,0.0,False,6,
971,203,0.004,0.0,0.0,False,6,
972,204,0.02,0.0,0.0,False,6,
973,205,0.018545454545454542,0.0,0.0,False,6,
974,206,0.01709090909090909,0.0,0.0,False,6,
975,207,0.01563636363636364,0.0,0.0,False,6,
976,208,0.01418181818181818,0.0,0.0,False,6,
977,209,0.012727272727272726,0.0,0.0,False,6,
978,210,0.011272727272727271,0.0,0.0,False,6,
979,211,0.009818181818181818,0.0,0.0,False,6,
980,212,0.008363636363636363,0.0,0.0,False,6,
981,213,0.006909090909090908,1.0,0.006,True,6,
982,214,0.005454545454545453,0.9757462686567164,0.19399999999999998,True,6,
983,215,0.004,0.0,0.0,False,6,
984,216,0.02,0.0,0.0,False,6,
985,217,0.018545454545454542,0.0,0.0,False,6,
986,218,0.01709090909090909,0.0,0.0,False,6,
987,219,0.01563636363636364,0.0,0.0,False,6,
988,220,0.01418181818181818,0.0,0.0,False,6,
989,221,0.012727272727272726,0.0,0.0,False,6,
990,222,0.011272727272727271,0.0,0.0,False,6,
991,223,0.009818181818181818,0.0,0.0,False,6,
992,224,0.008363636363636363,0.0,0.0,False,6,
993,225,0.006909090909090908,0.0,0.0,False,6,
994,226,0.005454545454545453,0.9301919720767888,0.19399999999999998,True,6,
995,227,0.004,0.0,0.0,False,6,
996,228,0.02,0.0,0.0,False,6,
997,229,0.018545454545454542,0.0,0.0,False,6,
998,230,0.01709090909090909,0.0,0.0,False,6,
999,231,0.01563636363636364,0.0,0.0,False,6,
1000,232,0.01418181818181818,0.0,0.0,False,6,
1001,233,0.012727272727272726,0.0,0.0,False,6,
1002,234,0.011272727272727271,0.0,0.0,False,6,
1003,235,0.009818181818181818,0.0,0.0,False,6,
1004,236,0.008363636363636363,0.0,0.0,False,6,
1005,237,0.006909090909090908,0.9242779078844652,0.37200000000000005,True,6,
1006,238,0.005454545454545453,0.0,0.0,False,6,
1007,239,0.004,0.0,0.0,False,6,
1008,240,0.02,0.0,0.0,False,6,
1009,241,0.018545454545454542,0.0,0.0,False,6,
1010,242,0.01709090909090909,0.0,0.0,False,6,
1011,243,0.01563636363636364,0.0,0.0,False,6,
1012,244,0.01418181818181818,0.0,0.0,False,6,
1013,245,0.012727272727272726,0.0,0.0,False,6,
1014,246,0.011272727272727271,0.0,0.0,False,6,
1015,247,0.009818181818181818,0.0,0.0,False,6,
1016,248,0.008363636363636363,0.0,0.0,False,6,
1017,249,0.006909090909090908,0.0,0.0,False,6,
1018,250,0.005454545454545453,0.0,0.0,False,6,
1019,251,0.004,0.0,0.0,False,6,
1020,252,0.02,0.0,0.0,False,6,
1021,253,0.018545454545454542,0.0,0.0,False,6,
1022,254,0.01709090909090909,0.0,0.0,False,6,
1023,255,0.01563636363636364,0.0,0.0,False,6,
1024,256,0.01418181818181818,0.0,0.0,False,6,
1025,257,0.012727272727272726,0.0,0.0,False,6,
1026,258,0.011272727272727271,0.0,0.0,False,6,
1027,259,0.009818181818181818,0.0,0.0,False,6,
1028,260,0.008363636363636363,0.0,0.0,False,6,
1029,261,0.006909090909090908,0.0,0.0,False,6,
1030,262,0.005454545454545453,0.0,0.0,False,6,
1031,263,0.004,0.0,0.0,False,6,
1032,264,0.02,0.0,0.0,False,6,
1033,265,0.018545454545454542,0.0,0.0,False,6,
1034,266,0.01709090909090909,0.0,0.0,False,6,
1035,267,0.01563636363636364,0.0,0.0,False,6,
1036,268,0.01418181818181818,0.0,0.0,False,6,
1037,269,0.012727272727272726,0.0,0.0,False,6,
1038,270,0.011272727272727271,0.0,0.0,False,6,
1039,271,0.009818181818181818,0.0,0.0,False,6,
1040,272,0.008363636363636363,0.0,0.0,False,6,
1041,273,0.006909090909090908,1.0,0.01,True,6,
1042,274,0.005454545454545453,0.0,0.0,False,6,
1043,275,0.004,0.0,0.0,False,6,
1044,276,0.02,0.0,0.0,False,6,
1045,277,0.018545454545454542,0.0,0.0,False,6,
1046,278,0.01709090909090909,0.0,0.0,False,6,
1047,279,0.01563636363636364,0.0,0.0,False,6,
1048,280,0.01418181818181818,0.0,0.0,False,6,
1049,281,0.012727272727272726,0.0,0.0,False,6,
1050,282,0.011272727272727271,0.0,0.0,False,6,
1051,283,0.009818181818181818,0.0,0.0,False,6,
1052,284,0.008363636363636363,0.0,0.0,False,6,
1053,285,0.006909090909090908,0.0,0.0,False,6,
1054,286,0.005454545454545453,0.0,0.0,False,6,
1055,287,0.004,0.0,0.0,False,6,
1056,288,0.02,0.0,0.0,False,6,
1057,289,0.018545454545454542,0.0,0.0,False,6,
1058,290,0.01709090909090909,0.0,0.0,False,6,
1059,291,0.01563636363636364,0.0,0.0,False,6,
1060,292,0.01418181818181818,0.0,0.0,False,6,
1061,293,0.012727272727272726,0.0,0.0,False,6,
1062,294,0.011272727272727271,0.0,0.0,False,6,
1063,295,0.009818181818181818,0.0,0.0,False,6,
1064,296,0.008363636363636363,0.0,0.0,False,6,
1065,297,0.006909090909090908,0.0,0.0,False,6,
1066,298,0.005454545454545453,1.0,0.242,True,6,
1067,299,0.004,0.0,0.0,False,6,
1068,300,0.02,0.0,0.0,False,6,
1069,301,0.018545454545454542,0.0,0.0,False,6,
1070,302,0.01709090909090909,0.0,0.0,False,6,
1071,303,0.01563636363636364,0.0,0.0,False,6,
1072,304,0.01418181818181818,0.0,0.0,False,6,
1073,305,0.012727272727272726,0.0,0.0,False,6,
1074,306,0.011272727272727271,0.0,0.0,False,6,
1075,307,0.009818181818181818,0.0,0.0,False,6,
1076,308,0.008363636363636363,0.0,0.0,False,6,
1077,309,0.006909090909090908,0.0,0.0,False,6,
1078,310,0.005454545454545453,0.0,0.0,False,6,
1079,311,0.004,0.0,0.0,False,6,
1080,312,0.02,0.0,0.0,False,6,
1081,313,0.018545454545454542,0.0,0.0,False,6,
1082,314,0.01709090909090909,0.0,0.0,False,6,
1083,315,0.01563636363636364,0.0,0.0,False,6,
1084,316,0.01418181818181818,0.0,0.0,False,6,
1085,317,0.012727272727272726,0.0,0.0,False,6,
1086,318,0.011272727272727271,0.0,0.0,False,6,
1087,319,0.009818181818181818,0.0,0.0,False,6,
1088,320,0.008363636363636363,0.0,0.0,False,6,
1089,321,0.006909090909090908,0.0,0.0,False,6,
1090,322,0.005454545454545453,0.0,0.0,False,6,
1091,323,0.004,0.0,0.0,False,6,
1092,324,0.02,0.0,0.0,False,6,
1093,325,0.018545454545454542,0.0,0.0,False,6,
1094,326,0.01709090909090909,0.0,0.0,False,6,
1095,327,0.01563636363636364,0.0,0.0,False,6,
1096,328,0.01418181818181818,0.0,0.0,False,6,
1097,329,0.012727272727272726,0.0,0.0,False,6,
1098,330,0.011272727272727271,0.0,0.0,False,6,
1099,331,0.009818181818181818,0.0,0.0,False,6,
1100,332,0.008363636363636363,0.0,0.0,False,6,
1101,333,0.006909090909090908,0.0,0.0,False,6,
1102,334,0.005454545454545453,0.9983277591973244,0.191,True,6,
1103,335,0.004,0.0,0.0,False,6,
1104,336,0.02,0.0,0.0,False,6,
1105,337,0.018545454545454542,0.0,0.0,False,6,
1106,338,0.01709090909090909,0.0,0.0,False,6,
1107,339,0.01563636363636364,0.0,0.0,False,6,
1108,340,0.01418181818181818,0.0,0.0,False,6,
1109,341,0.012727272727272726,0.0,0.0,False,6,
1110,342,0.011272727272727271,0.0,0.0,False,6,
1111,343,0.009818181818181818,0.0,0.0,False,6,
1112,344,0.008363636363636363,0.0,0.0,False,6,
1113,345,0.006909090909090908,0.0,0.0,False,6,
1114,346,0.005454545454545453,0.9957264957264956,0.10099999999999999,True,6,
1115,347,0.004,0.0,0.0,False,6,
1116,348,0.02,0.0,0.0,False,6,
1117,349,0.018545454545454542,0.0,0.0,False,6,
1118,350,0.01709090909090909,0.0,0.0,False,6,
1119,351,0.01563636363636364,0.0,0.0,False,6,
1120,352,0.01418181818181818,0.0,0.0,False,6,
1121,353,0.012727272727272726,0.0,0.0,False,6,
1122,354,0.011272727272727271,0.0,0.0,False,6,
1123,355,0.009818181818181818,0.9151234567901234,0.528,True,6,
1124,356,0.008363636363636363,0.0,0.0,False,6,
1125,357,0.006909090909090908,0.0,0.0,False,6,
1126,358,0.005454545454545453,0.0,0.0,False,6,
1127,359,0.004,0.0,0.0,False,6,
1128,360,0.02,0.0,0.0,False,6,
1129,361,0.018545454545454542,0.0,0.0,False,6,
1130,362,0.01709090909090909,0.936046511627907,0.774,True,6,
1131,363,0.01563636363636364,0.0,0.0,False,6,
1132,364,0.01418181818181818,0.0,0.0,False,6,
1133,365,0.012727272727272726,0.0,0.0,False,6,
1134,366,0.011272727272727271,0.0,0.0,False,6,
1135,367,0.009818181818181818,0.0,0.0,False,6,
1136,368,0.008363636363636363,0.0,0.0,False,6,
1137,369,0.006909090909090908,0.0,0.0,False,6,
1138,370,0.005454545454545453,0.0,0.0,False,6,
1139,371,0.004,0.0,0.0,False,6,
1140,372,0.02,0.0,0.0,False,6,
1141,373,0.018545454545454542,0.0,0.0,False,6,
1142,374,0.01709090909090909,0.0,0.0,False,6,
1143,375,0.01563636363636364,0.0,0.0,False,6,
1144,376,0.01418181818181818,0.0,0.0,False,6,
1145,377,0.012727272727272726,0.0,0.0,False,6,
1146,378,0.011272727272727271,0.0,0.0,False,6,
1147,379,0.009818181818181818,0.0,0.0,False,6,
1148,380,0.008363636363636363,0.0,0.0,False,6,
1149,381,0.006909090909090908,0.0,0.0,False,6,
1150,382,0.005454545454545453,0.9797101449275364,0.201,True,6,
1151,383,0.004,0.0,0.0,False,6,
1152,0,0.02,0.0,0.0,False,8,
1153,1,0.018545454545454542,0.0,0.0,False,8,
1154,2,0.01709090909090909,0.0,0.0,False,8,
1155,3,0.01563636363636364,0.0,0.0,False,8,
1156,4,0.01418181818181818,0.0,0.0,False,8,
1157,5,0.012727272727272726,0.0,0.0,False,8,
1158,6,0.011272727272727271,0.0,0.0,False,8,
1159,7,0.009818181818181818,0.0,0.0,False,8,
1160,8,0.008363636363636363,1.0,0.028999999999999998,True,8,
1161,9,0.006909090909090908,0.0,0.0,False,8,
1162,10,0.005454545454545453,0.0,0.0,False,8,
1163,11,0.004,0.0,0.0,False,8,
1164,12,0.02,0.0,0.0,False,8,
1165,13,0.018545454545454542,0.0,0.0,False,8,
1166,14,0.01709090909090909,0.0,0.0,False,8,
1167,15,0.01563636363636364,0.0,0.0,False,8,
1168,16,0.01418181818181818,0.0,0.0,False,8,
1169,17,0.012727272727272726,0.0,0.0,False,8,
1170,18,0.011272727272727271,0.0,0.0,False,8,
1171,19,0.009818181818181818,0.0,0.0,False,8,
1172,20,0.008363636363636363,0.0,0.0,False,8,
1173,21,0.006909090909090908,1.0,0.092,True,8,
1174,22,0.005454545454545453,0.0,0.0,False,8,
1175,23,0.004,0.0,0.0,False,8,
1176,24,0.02,0.0,0.0,False,8,
1177,25,0.018545454545454542,0.0,0.0,False,8,
1178,26,0.01709090909090909,0.0,0.0,False,8,
1179,27,0.01563636363636364,0.0,0.0,False,8,
1180,28,0.01418181818181818,0.0,0.0,False,8,
1181,29,0.012727272727272726,0.0,0.0,False,8,
1182,30,0.011272727272727271,0.0,0.0,False,8,
1183,31,0.009818181818181818,0.0,0.0,False,8,
1184,32,0.008363636363636363,0.0,0.0,False,8,
1185,33,0.006909090909090908,0.0,0.0,False,8,
1186,34,0.005454545454545453,1.0,0.131,True,8,
1187,35,0.004,0.0,0.0,False,8,
1188,36,0.02,0.0,0.0,False,8,
1189,37,0.018545454545454542,0.0,0.0,False,8,
1190,38,0.01709090909090909,0.0,0.0,False,8,
1191,39,0.01563636363636364,0.0,0.0,False,8,
1192,40,0.01418181818181818,0.0,0.0,False,8,
1193,41,0.012727272727272726,0.0,0.0,False,8,
1194,42,0.011272727272727271,0.0,0.0,False,8,
1195,43,0.009818181818181818,0.0,0.0,False,8,
1196,44,0.008363636363636363,0.0,0.0,False,8,
1197,45,0.006909090909090908,0.0,0.0,False,8,
1198,46,0.005454545454545453,1.0,0.157,True,8,
1199,47,0.004,0.0,0.0,False,8,
1200,48,0.02,0.0,0.0,False,8,
1201,49,0.018545454545454542,0.0,0.0,False,8,
1202,50,0.01709090909090909,0.0,0.0,False,8,
1203,51,0.01563636363636364,0.0,0.0,False,8,
1204,52,0.01418181818181818,0.0,0.0,False,8,
1205,53,0.012727272727272726,0.0,0.0,False,8,
1206,54,0.011272727272727271,0.0,0.0,False,8,
1207,55,0.009818181818181818,0.0,0.0,False,8,
1208,56,0.008363636363636363,0.0,0.0,False,8,
1209,57,0.006909090909090908,0.0,0.0,False,8,
1210,58,0.005454545454545453,0.0,0.0,False,8,
1211,59,0.004,0.0,0.0,False,8,
1212,60,0.02,0.0,0.0,False,8,
1213,61,0.018545454545454542,0.0,0.0,False,8,
1214,62,0.01709090909090909,0.0,0.0,False,8,
1215,63,0.01563636363636364,0.0,0.0,False,8,
1216,64,0.01418181818181818,0.0,0.0,False,8,
1217,65,0.012727272727272726,0.0,0.0,False,8,
1218,66,0.011272727272727271,0.0,0.0,False,8,
1219,67,0.009818181818181818,0.0,0.0,False,8,
1220,68,0.008363636363636363,0.0,0.0,False,8,
1221,69,0.006909090909090908,1.0,0.177,True,8,
1222,70,0.005454545454545453,1.0,0.10300000000000001,True,8,
1223,71,0.004,0.0,0.0,False,8,
1224,72,0.02,0.0,0.0,False,8,
1225,73,0.018545454545454542,0.0,0.0,False,8,
1226,74,0.01709090909090909,0.0,0.0,False,8,
1227,75,0.01563636363636364,0.0,0.0,False,8,
1228,76,0.01418181818181818,0.0,0.0,False,8,
1229,77,0.012727272727272726,0.0,0.0,False,8,
1230,78,0.011272727272727271,0.0,0.0,False,8,
1231,79,0.009818181818181818,0.0,0.0,False,8,
1232,80,0.008363636363636363,0.0,0.0,False,8,
1233,81,0.006909090909090908,1.0,0.295,True,8,
1234,82,0.005454545454545453,1.0,0.11599999999999999,True,8,
1235,83,0.004,0.0,0.0,False,8,
1236,84,0.02,0.0,0.0,False,8,
1237,85,0.018545454545454542,0.0,0.0,False,8,
1238,86,0.01709090909090909,0.0,0.0,False,8,
1239,87,0.01563636363636364,0.0,0.0,False,8,
1240,88,0.01418181818181818,0.0,0.0,False,8,
1241,89,0.012727272727272726,0.0,0.0,False,8,
1242,90,0.011272727272727271,0.0,0.0,False,8,
1243,91,0.009818181818181818,0.0,0.0,False,8,
1244,92,0.008363636363636363,0.0,0.0,False,8,
1245,93,0.006909090909090908,0.0,0.0,False,8,
1246,94,0.005454545454545453,1.0,0.006,True,8,
1247,95,0.004,0.0,0.0,False,8,
1248,96,0.02,0.0,0.0,False,8,
1249,97,0.018545454545454542,0.0,0.0,False,8,
1250,98,0.01709090909090909,0.0,0.0,False,8,
1251,99,0.01563636363636364,0.0,0.0,False,8,
1252,100,0.01418181818181818,0.0,0.0,False,8,
1253,101,0.012727272727272726,0.0,0.0,False,8,
1254,102,0.011272727272727271,0.0,0.0,False,8,
1255,103,0.009818181818181818,0.0,0.0,False,8,
1256,104,0.008363636363636363,0.0,0.0,False,8,
1257,105,0.006909090909090908,0.0,0.0,False,8,
1258,106,0.005454545454545453,0.0,0.0,False,8,
1259,107,0.004,0.0,0.0,False,8,
1260,108,0.02,0.0,0.0,False,8,
1261,109,0.018545454545454542,0.0,0.0,False,8,
1262,110,0.01709090909090909,0.0,0.0,False,8,
1263,111,0.01563636363636364,0.0,0.0,False,8,
1264,112,0.01418181818181818,0.0,0.0,False,8,
1265,113,0.012727272727272726,0.0,0.0,False,8,
1266,114,0.011272727272727271,0.0,0.0,False,8,
1267,115,0.009818181818181818,0.0,0.0,False,8,
1268,116,0.008363636363636363,0.0,0.0,False,8,
1269,117,0.006909090909090908,0.0,0.0,False,8,
1270,118,0.005454545454545453,0.0,0.0,False,8,
1271,119,0.004,0.0,0.0,False,8,
1272,120,0.02,0.0,0.0,False,8,
1273,121,0.018545454545454542,0.0,0.0,False,8,
1274,122,0.01709090909090909,0.0,0.0,False,8,
1275,123,0.01563636363636364,0.0,0.0,False,8,
1276,124,0.01418181818181818,0.0,0.0,False,8,
1277,125,0.012727272727272726,0.0,0.0,False,8,
1278,126,0.011272727272727271,0.0,0.0,False,8,
1279,127,0.009818181818181818,1.0,0.6,True,8,
1280,128,0.008363636363636363,0.0,0.0,False,8,
1281,129,0.006909090909090908,0.0,0.0,False,8,
1282,130,0.005454545454545453,1.0,0.13699999999999998,True,8,
1283,131,0.004,0.0,0.0,False,8,
1284,132,0.02,0.0,0.0,False,8,
1285,133,0.018545454545454542,0.0,0.0,False,8,
1286,134,0.01709090909090909,0.0,0.0,False,8,
1287,135,0.01563636363636364,0.0,0.0,False,8,
1288,136,0.01418181818181818,0.0,0.0,False,8,
1289,137,0.012727272727272726,0.0,0.0,False,8,
1290,138,0.011272727272727271,0.0,0.0,False,8,
1291,139,0.009818181818181818,0.0,0.0,False,8,
1292,140,0.008363636363636363,0.0,0.0,False,8,
1293,141,0.006909090909090908,0.0,0.0,False,8,
1294,142,0.005454545454545453,1.0,0.22699999999999998,True,8,
1295,143,0.004,0.0,0.0,False,8,
1296,144,0.02,0.0,0.0,False,8,
1297,145,0.018545454545454542,0.0,0.0,False,8,
1298,146,0.01709090909090909,0.0,0.0,False,8,
1299,147,0.01563636363636364,0.0,0.0,False,8,
1300,148,0.01418181818181818,0.0,0.0,False,8,
1301,149,0.012727272727272726,0.0,0.0,False,8,
1302,150,0.011272727272727271,0.0,0.0,False,8,
1303,151,0.009818181818181818,0.0,0.0,False,8,
1304,152,0.008363636363636363,0.0,0.0,False,8,
1305,153,0.006909090909090908,0.0,0.0,False,8,
1306,154,0.005454545454545453,0.0,0.0,False,8,
1307,155,0.004,0.0,0.0,False,8,
1308,156,0.02,0.0,0.0,False,8,
1309,157,0.018545454545454542,0.0,0.0,False,8,
1310,158,0.01709090909090909,0.0,0.0,False,8,
1311,159,0.01563636363636364,0.0,0.0,False,8,
1312,160,0.01418181818181818,0.0,0.0,False,8,
1313,161,0.012727272727272726,0.0,0.0,False,8,
1314,162,0.011272727272727271,0.0,0.0,False,8,
1315,163,0.009818181818181818,0.0,0.0,False,8,
1316,164,0.008363636363636363,0.0,0.0,False,8,
1317,165,0.006909090909090908,0.0,0.0,False,8,
1318,166,0.005454545454545453,0.0,0.0,False,8,
1319,167,0.004,0.0,0.0,False,8,
1320,168,0.02,0.0,0.0,False,8,
1321,169,0.018545454545454542,0.0,0.0,False,8,
1322,170,0.01709090909090909,0.0,0.0,False,8,
1323,171,0.01563636363636364,0.0,0.0,False,8,
1324,172,0.01418181818181818,0.0,0.0,False,8,
1325,173,0.012727272727272726,0.0,0.0,False,8,
1326,174,0.011272727272727271,0.0,0.0,False,8,
1327,175,0.009818181818181818,0.0,0.0,False,8,
1328,176,0.008363636363636363,0.0,0.0,False,8,
1329,177,0.006909090909090908,0.0,0.0,False,8,
1330,178,0.005454545454545453,1.0,0.165,True,8,
1331,179,0.004,0.0,0.0,False,8,
1332,180,0.02,0.0,0.0,False,8,
1333,181,0.018545454545454542,0.0,0.0,False,8,
1334,182,0.01709090909090909,0.0,0.0,False,8,
1335,183,0.01563636363636364,0.0,0.0,False,8,
1336,184,0.01418181818181818,0.0,0.0,False,8,
1337,185,0.012727272727272726,0.0,0.0,False,8,
1338,186,0.011272727272727271,0.0,0.0,False,8,
1339,187,0.009818181818181818,0.0,0.0,False,8,
1340,188,0.008363636363636363,0.0,0.0,False,8,
1341,189,0.006909090909090908,0.0,0.0,False,8,
1342,190,0.005454545454545453,1.0,0.004,True,8,
1343,191,0.004,0.0,0.0,False,8,
1344,192,0.02,0.0,0.0,False,8,
1345,193,0.018545454545454542,0.0,0.0,False,8,
1346,194,0.01709090909090909,0.0,0.0,False,8,
1347,195,0.01563636363636364,0.0,0.0,False,8,
1348,196,0.01418181818181818,0.0,0.0,False,8,
1349,197,0.012727272727272726,0.0,0.0,False,8,
1350,198,0.011272727272727271,0.0,0.0,False,8,
1351,199,0.009818181818181818,0.0,0.0,False,8,
1352,200,0.008363636363636363,0.0,0.0,False,8,
1353,201,0.006909090909090908,0.0,0.0,False,8,
1354,202,0.005454545454545453,1.0,0.091,True,8,
1355,203,0.004,0.0,0.0,False,8,
1356,204,0.02,0.0,0.0,False,8,
1357,205,0.018545454545454542,0.0,0.0,False,8,
1358,206,0.01709090909090909,0.0,0.0,False,8,
1359,207,0.01563636363636364,0.0,0.0,False,8,
1360,208,0.01418181818181818,0.0,0.0,False,8,
1361,209,0.012727272727272726,0.0,0.0,False,8,
1362,210,0.011272727272727271,0.0,0.0,False,8,
1363,211,0.009818181818181818,0.0,0.0,False,8,
1364,212,0.008363636363636363,0.0,0.0,False,8,
1365,213,0.006909090909090908,1.0,0.045,True,8,
1366,214,0.005454545454545453,1.0,0.066,True,8,
1367,215,0.004,0.0,0.0,False,8,
1368,216,0.02,0.0,0.0,False,8,
1369,217,0.018545454545454542,0.0,0.0,False,8,
1370,218,0.01709090909090909,0.0,0.0,False,8,
1371,219,0.01563636363636364,0.0,0.0,False,8,
1372,220,0.01418181818181818,0.0,0.0,False,8,
1373,221,0.012727272727272726,0.0,0.0,False,8,
1374,222,0.011272727272727271,0.0,0.0,False,8,
1375,223,0.009818181818181818,0.0,0.0,False,8,
1376,224,0.008363636363636363,0.0,0.0,False,8,
1377,225,0.006909090909090908,1.0,0.20800000000000002,True,8,
1378,226,0.005454545454545453,1.0,0.033,True,8,
1379,227,0.004,0.0,0.0,False,8,
1380,228,0.02,0.0,0.0,False,8,
1381,229,0.018545454545454542,0.0,0.0,False,8,
1382,230,0.01709090909090909,0.0,0.0,False,8,
1383,231,0.01563636363636364,0.0,0.0,False,8,
1384,232,0.01418181818181818,0.0,0.0,False,8,
1385,233,0.012727272727272726,0.0,0.0,False,8,
1386,234,0.011272727272727271,0.0,0.0,False,8,
1387,235,0.009818181818181818,0.0,0.0,False,8,
1388,236,0.008363636363636363,0.0,0.0,False,8,
1389,237,0.006909090909090908,0.0,0.0,False,8,
1390,238,0.005454545454545453,0.0,0.0,False,8,
1391,239,0.004,0.0,0.0,False,8,
1392,240,0.02,0.0,0.0,False,8,
1393,241,0.018545454545454542,0.0,0.0,False,8,
1394,242,0.01709090909090909,0.0,0.0,False,8,
1395,243,0.01563636363636364,0.0,0.0,False,8,
1396,244,0.01418181818181818,0.0,0.0,False,8,
1397,245,0.012727272727272726,0.0,0.0,False,8,
1398,246,0.011272727272727271,0.0,0.0,False,8,
1399,247,0.009818181818181818,0.0,0.0,False,8,
1400,248,0.008363636363636363,0.0,0.0,False,8,
1401,249,0.006909090909090908,1.0,0.055,True,8,
1402,250,0.005454545454545453,0.0,0.0,False,8,
1403,251,0.004,0.0,0.0,False,8,
1404,252,0.02,0.0,0.0,False,8,
1405,253,0.018545454545454542,0.0,0.0,False,8,
1406,254,0.01709090909090909,0.0,0.0,False,8,
1407,255,0.01563636363636364,0.0,0.0,False,8,
1408,256,0.01418181818181818,0.0,0.0,False,8,
1409,257,0.012727272727272726,0.0,0.0,False,8,
1410,258,0.011272727272727271,0.0,0.0,False,8,
1411,259,0.009818181818181818,0.0,0.0,False,8,
1412,260,0.008363636363636363,0.0,0.0,False,8,
1413,261,0.006909090909090908,0.0,0.0,False,8,
1414,262,0.005454545454545453,1.0,0.146,True,8,
1415,263,0.004,0.0,0.0,False,8,
1416,264,0.02,0.0,0.0,False,8,
1417,265,0.018545454545454542,0.0,0.0,False,8,
1418,266,0.01709090909090909,0.0,0.0,False,8,
1419,267,0.01563636363636364,0.0,0.0,False,8,
1420,268,0.01418181818181818,0.0,0.0,False,8,
1421,269,0.012727272727272726,0.0,0.0,False,8,
1422,270,0.011272727272727271,0.0,0.0,False,8,
1423,271,0.009818181818181818,0.0,0.0,False,8,
1424,272,0.008363636363636363,0.0,0.0,False,8,
1425,273,0.006909090909090908,0.0,0.0,False,8,
1426,274,0.005454545454545453,1.0,0.10300000000000001,True,8,
1427,275,0.004,0.0,0.0,False,8,
1428,276,0.02,0.0,0.0,False,8,
1429,277,0.018545454545454542,0.0,0.0,False,8,
1430,278,0.01709090909090909,0.0,0.0,False,8,
1431,279,0.01563636363636364,0.0,0.0,False,8,
1432,280,0.01418181818181818,0.0,0.0,False,8,
1433,281,0.012727272727272726,0.0,0.0,False,8,
1434,282,0.011272727272727271,0.0,0.0,False,8,
1435,283,0.009818181818181818,0.0,0.0,False,8,
1436,284,0.008363636363636363,0.0,0.0,False,8,
1437,285,0.006909090909090908,1.0,0.146,True,8,
1438,286,0.005454545454545453,0.0,0.0,False,8,
1439,287,0.004,0.0,0.0,False,8,
1440,288,0.02,0.0,0.0,False,8,
1441,289,0.018545454545454542,0.0,0.0,False,8,
1442,290,0.01709090909090909,0.0,0.0,False,8,
1443,291,0.01563636363636364,1.0,0.247,True,8,
1444,292,0.01418181818181818,0.0,0.0,False,8,
1445,293,0.012727272727272726,0.0,0.0,False,8,
1446,294,0.011272727272727271,0.0,0.0,False,8,
1447,295,0.009818181818181818,1.0,0.523,True,8,
1448,296,0.008363636363636363,0.0,0.0,False,8,
1449,297,0.006909090909090908,0.0,0.0,False,8,
1450,298,0.005454545454545453,0.0,0.0,False,8,
1451,299,0.004,0.0,0.0,False,8,
1452,300,0.02,0.0,0.0,False,8,
1453,301,0.018545454545454542,0.0,0.0,False,8,
1454,302,0.01709090909090909,0.0,0.0,False,8,
1455,303,0.01563636363636364,0.0,0.0,False,8,
1456,304,0.01418181818181818,0.0,0.0,False,8,
1457,305,0.012727272727272726,0.0,0.0,False,8,
1458,306,0.011272727272727271,0.0,0.0,False,8,
1459,307,0.009818181818181818,0.0,0.0,False,8,
1460,308,0.008363636363636363,0.0,0.0,False,8,
1461,309,0.006909090909090908,0.0,0.0,False,8,
1462,310,0.005454545454545453,0.0,0.0,False,8,
1463,311,0.004,0.0,0.0,False,8,
1464,312,0.02,0.0,0.0,False,8,
1465,313,0.018545454545454542,0.0,0.0,False,8,
1466,314,0.01709090909090909,0.0,0.0,False,8,
1467,315,0.01563636363636364,0.0,0.0,False,8,
1468,316,0.01418181818181818,0.0,0.0,False,8,
1469,317,0.012727272727272726,0.0,0.0,False,8,
1470,318,0.011272727272727271,0.0,0.0,False,8,
1471,319,0.009818181818181818,0.0,0.0,False,8,
1472,320,0.008363636363636363,0.0,0.0,False,8,
1473,321,0.006909090909090908,0.0,0.0,False,8,
1474,322,0.005454545454545453,0.0,0.0,False,8,
1475,323,0.004,0.0,0.0,False,8,
1476,324,0.02,0.0,0.0,False,8,
1477,325,0.018545454545454542,0.0,0.0,False,8,
1478,326,0.01709090909090909,0.0,0.0,False,8,
1479,327,0.01563636363636364,0.0,0.0,False,8,
1480,328,0.01418181818181818,0.0,0.0,False,8,
1481,329,0.012727272727272726,0.0,0.0,False,8,
1482,330,0.011272727272727271,0.0,0.0,False,8,
1483,331,0.009818181818181818,0.0,0.0,False,8,
1484,332,0.008363636363636363,0.0,0.0,False,8,
1485,333,0.006909090909090908,0.0,0.0,False,8,
1486,334,0.005454545454545453,1.0,0.161,True,8,
1487,335,0.004,0.0,0.0,False,8,
1488,336,0.02,0.0,0.0,False,8,
1489,337,0.018545454545454542,0.0,0.0,False,8,
1490,338,0.01709090909090909,0.0,0.0,False,8,
1491,339,0.01563636363636364,0.0,0.0,False,8,
1492,340,0.01418181818181818,0.0,0.0,False,8,
1493,341,0.012727272727272726,0.0,0.0,False,8,
1494,342,0.011272727272727271,0.0,0.0,False,8,
1495,343,0.009818181818181818,0.0,0.0,False,8,
1496,344,0.008363636363636363,0.0,0.0,False,8,
1497,345,0.006909090909090908,0.0,0.0,False,8,
1498,346,0.005454545454545453,0.0,0.0,False,8,
1499,347,0.004,0.0,0.0,False,8,
1500,348,0.02,0.0,0.0,False,8,
1501,349,0.018545454545454542,0.0,0.0,False,8,
1502,350,0.01709090909090909,0.0,0.0,False,8,
1503,351,0.01563636363636364,0.0,0.0,False,8,
1504,352,0.01418181818181818,0.0,0.0,False,8,
1505,353,0.012727272727272726,0.0,0.0,False,8,
1506,354,0.011272727272727271,0.0,0.0,False,8,
1507,355,0.009818181818181818,1.0,0.5710000000000001,True,8,
1508,356,0.008363636363636363,1.0,0.368,True,8,
1509,357,0.006909090909090908,0.0,0.0,False,8,
1510,358,0.005454545454545453,1.0,0.094,True,8,
1511,359,0.004,0.0,0.0,False,8,
1512,360,0.02,0.0,0.0,False,8,
1513,361,0.018545454545454542,0.0,0.0,False,8,
1514,362,0.01709090909090909,0.0,0.0,False,8,
1515,363,0.01563636363636364,0.0,0.0,False,8,
1516,364,0.01418181818181818,0.0,0.0,False,8,
1517,365,0.012727272727272726,0.0,0.0,False,8,
1518,366,0.011272727272727271,0.0,0.0,False,8,
1519,367,0.009818181818181818,0.0,0.0,False,8,
1520,368,0.008363636363636363,0.0,0.0,False,8,
1521,369,0.006909090909090908,0.0,0.0,False,8,
1522,370,0.005454545454545453,0.0,0.0,False,8,
1523,371,0.004,0.0,0.0,False,8,
1524,372,0.02,0.0,0.0,False,8,
1525,373,0.018545454545454542,0.0,0.0,False,8,
1526,374,0.01709090909090909,0.0,0.0,False,8,
1527,375,0.01563636363636364,0.0,0.0,False,8,
1528,376,0.01418181818181818,0.0,0.0,False,8,
1529,377,0.012727272727272726,0.0,0.0,False,8,
1530,378,0.011272727272727271,0.0,0.0,False,8,
1531,379,0.009818181818181818,0.0,0.0,False,8,
1532,380,0.008363636363636363,0.0,0.0,False,8,
1533,381,0.006909090909090908,0.0,0.0,False,8,
1534,382,0.005454545454545453,1.0,0.048,True,8,
1535,383,0.004,0.0,0.0,False,8,
