,mean_inoculum_host,mutant_frac,num_genomes,max_gen_distance,gen_variance,ssq_genomes,infected_hosts,mut_frac_inf_hosts,mut_frac_hosts
0,10.0,0.9291368262344516,11361,4,0.21666766184517589,42794,0.488,0.22950819672131148,0.112
1,9.0,0.9269102990033222,11684,5,0.22212525261534452,43685,0.502,0.21115537848605578,0.106
2,8.0,0.9049111807732497,11140,4,0.24531105660292216,41368,0.462,0.21212121212121213,0.098
3,7.0,0.90464048954615,11096,5,0.26263430504130175,41051,0.518,0.277992277992278,0.14400000000000002
4,6.0,0.8821548821548821,11155,4,0.2783247909886384,41014,0.458,0.23580786026200873,0.108
5,5.0,0.864951768488746,10767,5,0.3205402263808102,37807,0.534,0.21348314606741572,0.114
6,4.0,0.8614298323036187,11118,5,0.37017532669949715,40606,0.498,0.36947791164658633,0.184
7,3.0,0.8237113402061855,10701,5,0.40225711673896997,37951,0.526,0.34980988593155893,0.184
8,2.0,0.8348765432098766,10355,5,0.4629403169612974,37170,0.474,0.5485232067510548,0.25999999999999995
9,1.0,0.779874213836478,10486,6,0.5819539355472065,40787,0.5,0.44,0.22
10,10.0,0.9284116331096197,11251,4,0.21287413032449246,41947,0.504,0.23809523809523808,0.12
11,9.0,0.9190871369294605,11447,4,0.22887299261826383,43043,0.504,0.2261904761904762,0.114
12,8.0,0.9123921924648207,11311,4,0.24334704737278096,41994,0.49,0.21224489795918366,0.104
13,7.0,0.9102333931777379,11123,4,0.25792252510078534,40817,0.53,0.24528301886792453,0.13
14,6.0,0.8903508771929824,11152,4,0.29261705732088134,41168,0.538,0.25650557620817843,0.138
15,5.0,0.8572778827977315,11003,4,0.3200620580463671,39879,0.426,0.29107981220657275,0.12399999999999999
16,4.0,0.8389760528488852,11161,4,0.3553405374727254,40841,0.518,0.2471042471042471,0.128
17,3.0,0.8299632352941176,10956,5,0.4230825772471546,40603,0.546,0.32234432234432236,0.17600000000000002
18,2.0,0.7906647807637907,10762,5,0.4618004023531418,39010,0.506,0.4150197628458498,0.21
19,1.0,0.7628865979381443,10872,5,0.533533689704426,42229,0.548,0.3284671532846715,0.18
20,10.0,0.9217391304347826,11411,4,0.21919978586127967,42582,0.422,0.1895734597156398,0.07999999999999999
21,9.0,0.9236990154711674,11610,4,0.2221704758661672,43045,0.54,0.1962962962962963,0.10600000000000001
22,8.0,0.9148732663797227,11070,4,0.23867803556084335,40746,0.46,0.22608695652173913,0.10400000000000001
23,7.0,0.9067357512953368,11202,4,0.2653047694922487,41323,0.53,0.2528301886792453,0.134
24,6.0,0.86468200270636,11448,4,0.29029687027685364,41849,0.514,0.22178988326848248,0.114
25,5.0,0.8550847457627119,11050,4,0.3073102024938064,40016,0.452,0.24336283185840707,0.11
26,4.0,0.8579545454545454,10964,5,0.3414586173102619,39234,0.522,0.32950191570881227,0.17200000000000001
27,3.0,0.8132295719844358,10619,4,0.41892353478810346,39189,0.544,0.29411764705882354,0.16
28,2.0,0.7619047619047619,10807,5,0.4481969192743199,39329,0.546,0.358974358974359,0.196
29,1.0,0.7496251874062968,10638,6,0.5166801034407154,39132,0.524,0.36259541984732824,0.19
30,10.0,0.9145189003436426,11154,4,0.2020771178817275,41765,0.456,0.12719298245614036,0.058
31,9.0,0.9259436215957955,11063,4,0.23669812352023714,41115,0.448,0.3080357142857143,0.138
32,8.0,0.9125475285171103,11345,4,0.2457478331453447,42109,0.472,0.22033898305084745,0.104
33,7.0,0.9014844804318488,11139,4,0.26601794537456214,40890,0.442,0.3393665158371041,0.15
34,6.0,0.8898305084745762,11479,4,0.28806011342361876,41520,0.454,0.2555066079295154,0.11599999999999999
35,5.0,0.8394415357766143,11081,5,0.33126834998905147,39765,0.47,0.2170212765957447,0.102
36,4.0,0.8483373884833739,10670,5,0.3577648005382574,38471,0.528,0.2916666666666667,0.15400000000000003
37,3.0,0.8032581453634086,10777,4,0.39761969412915954,38659,0.49,0.35918367346938773,0.176
38,2.0,0.784366576819407,10589,5,0.476747203287603,39464,0.5,0.36,0.18
39,1.0,0.7619047619047619,10566,5,0.5434638707171446,39966,0.486,0.40329218106995884,0.19599999999999998
40,10.0,0.9309515630367571,11313,4,0.21329007229022565,42287,0.496,0.18951612903225806,0.094
41,9.0,0.9099060631938514,11373,4,0.2165686966070442,42610,0.496,0.14919354838709678,0.074
42,8.0,0.9099378881987578,11257,4,0.2449795138573534,41576,0.474,0.26582278481012656,0.12599999999999997
43,7.0,0.893923789907312,11111,4,0.25991261982640523,40951,0.526,0.21673003802281368,0.114
44,6.0,0.8940586972083036,11012,4,0.28543575914740305,40179,0.468,0.36752136752136755,0.17200000000000001
45,5.0,0.8485885372112917,10965,5,0.32731192749637206,39654,0.45,0.21333333333333335,0.096
46,4.0,0.8613312202852615,10823,5,0.3774239550912075,39406,0.51,0.3137254901960784,0.16
47,3.0,0.8215077605321508,10773,5,0.40705914047161895,38754,0.512,0.37109375,0.19
48,2.0,0.7449664429530202,10543,6,0.4995364619675747,39547,0.442,0.31221719457013575,0.138
49,1.0,0.7514285714285714,10652,5,0.5312557066003307,40570,0.556,0.37410071942446044,0.20800000000000002
50,10.0,0.9299492385786802,11187,4,0.21614603952510392,41805,0.536,0.22761194029850745,0.122
51,9.0,0.9222087867795243,11359,4,0.21691338876896518,42098,0.522,0.26053639846743293,0.13599999999999998
52,8.0,0.9185418541854186,11079,4,0.23048253644747374,40812,0.48,0.24583333333333332,0.118
53,7.0,0.8970203868269734,10940,4,0.2670929016172641,40516,0.522,0.24521072796934865,0.128
54,6.0,0.8841726618705036,11155,4,0.288461021814572,41046,0.466,0.3090128755364807,0.14400000000000002
55,5.0,0.8755787037037037,11226,5,0.3227746718386719,41121,0.562,0.23487544483985764,0.132
56,4.0,0.8491508491508492,11077,5,0.35469795585619285,39075,0.44,0.31363636363636366,0.138
57,3.0,0.7993384785005513,10759,5,0.4129125622350674,38856,0.506,0.28063241106719367,0.142
58,2.0,0.7971428571428572,10757,5,0.49483648123384943,39386,0.484,0.4132231404958678,0.2
59,1.0,0.7605633802816901,10709,6,0.5790768703776641,43032,0.466,0.41630901287553645,0.194
60,10.0,0.9196390201976794,11580,4,0.2135521236960873,43637,0.442,0.15384615384615385,0.068
61,9.0,0.9315121200461716,11313,4,0.2291972520402145,42055,0.494,0.2793522267206478,0.138
62,8.0,0.9100087796312555,11267,5,0.25695749922630057,41995,0.54,0.24074074074074073,0.13
63,7.0,0.8971737823211064,11186,4,0.2557768054363118,41045,0.46,0.2565217391304348,0.11800000000000001
64,6.0,0.8865153538050734,11177,5,0.2910958913704362,41483,0.478,0.28870292887029286,0.13799999999999998
65,5.0,0.8720050441361917,10812,5,0.3289650624557825,39422,0.548,0.2591240875912409,0.14200000000000002
66,4.0,0.8421541318477251,10871,5,0.34848765945785415,38713,0.488,0.30327868852459017,0.148
67,3.0,0.7546174142480211,10740,5,0.41003036907573276,38617,0.484,0.23140495867768596,0.112
68,2.0,0.7701674277016742,10555,5,0.4780703544470875,38921,0.464,0.34913793103448276,0.162
69,1.0,0.715008431703204,10308,6,0.5756834905929578,38875,0.502,0.32669322709163345,0.164
70,10.0,0.9270687237026648,11752,4,0.2114200554945154,44259,0.524,0.20610687022900764,0.10800000000000001
71,9.0,0.9094468918257465,11243,4,0.22443094025460955,41800,0.458,0.19213973799126638,0.08800000000000001
72,8.0,0.9093553078041687,11358,4,0.23822016318791076,42071,0.484,0.22727272727272727,0.10999999999999999
73,7.0,0.8865062761506276,11098,4,0.26429392576193594,40649,0.504,0.1388888888888889,0.07
74,6.0,0.8692403486924035,11362,4,0.28938554759700924,41858,0.53,0.20754716981132076,0.11000000000000001
75,5.0,0.8716845878136201,11065,5,0.3303409320392235,40284,0.522,0.31417624521072796,0.164
76,4.0,0.8484848484848485,10749,5,0.3497962597710228,38586,0.53,0.3018867924528302,0.16
77,3.0,0.7852522639068564,10565,5,0.3922881564533349,36820,0.466,0.2875536480686695,0.134
78,2.0,0.8150134048257373,10914,6,0.48300077850557616,41567,0.484,0.4297520661157025,0.208
79,1.0,0.7679558011049724,10560,6,0.5502978560462581,40957,0.448,0.4375,0.196
80,10.0,0.9298185552892845,11165,4,0.20619658427339443,41955,0.544,0.24632352941176472,0.134
81,9.0,0.903300790330079,11474,4,0.2169158187107416,43302,0.506,0.17786561264822134,0.09
82,8.0,0.9046256556986171,11395,4,0.23409164816558686,42501,0.514,0.22178988326848248,0.114
83,7.0,0.8973832734735762,11250,4,0.26971136,41432,0.496,0.1935483870967742,0.096
84,6.0,0.8877790834312573,10900,4,0.28170903964312766,39559,0.502,0.23904382470119523,0.12000000000000001
85,5.0,0.8691525423728813,10927,5,0.3125156256112629,39700,0.522,0.26053639846743293,0.13599999999999998
86,4.0,0.8390705679862306,10837,5,0.3579716307403108,38716,0.518,0.277992277992278,0.14400000000000002
87,3.0,0.7851140456182473,10688,5,0.39767131390288285,38176,0.468,0.23504273504273504,0.11
88,2.0,0.7890724269377383,10622,5,0.4743902082769564,39719,0.534,0.3782771535580524,0.202
89,1.0,0.8021472392638037,10451,6,0.5472811636766375,39986,0.492,0.47560975609756095,0.23399999999999999
90,10.0,0.9292511377741002,11395,4,0.21412982030062144,43074,0.472,0.2754237288135593,0.12999999999999998
91,9.0,0.9205792014041246,11026,4,0.23053755927853395,40768,0.45,0.19555555555555557,0.08800000000000001
92,8.0,0.9077641564506713,11242,4,0.24219120131159863,41485,0.452,0.3008849557522124,0.136
93,7.0,0.8827014218009479,11264,5,0.2677598984773494,41355,0.464,0.14655172413793102,0.06799999999999999
94,6.0,0.8579192546583851,10897,4,0.2875345860964517,39303,0.444,0.17567567567567569,0.078
95,5.0,0.8749218261413383,11276,5,0.3252035011497137,41082,0.53,0.24528301886792453,0.13
96,4.0,0.8739130434782608,11036,5,0.3527745238128706,40102,0.474,0.3881856540084388,0.18399999999999997
97,3.0,0.7876344086021505,10664,5,0.4183732073303397,38328,0.454,0.3039647577092511,0.13799999999999998
98,2.0,0.8407738095238095,10780,5,0.5022298215963734,41320,0.478,0.5523012552301255,0.264
99,1.0,0.7030651340996169,10261,6,0.5303205287517668,38036,0.5,0.38,0.19
100,10.0,0.9227878373761531,11427,4,0.21521625102509964,42424,0.568,0.20422535211267606,0.11599999999999999
101,9.0,0.9158576051779935,11717,4,0.22099308265555362,44179,0.52,0.2,0.10400000000000001
102,8.0,0.9012219959266803,11231,4,0.24603341801986833,41478,0.502,0.22709163346613545,0.11399999999999999
103,7.0,0.9081858407079646,11143,4,0.2692105658912739,40692,0.486,0.3168724279835391,0.154
104,6.0,0.863448275862069,11171,4,0.2947288423872634,41129,0.482,0.17842323651452283,0.086
105,5.0,0.8866758241758241,11168,4,0.32019172153759,40446,0.528,0.375,0.198
106,4.0,0.8547008547008547,10891,5,0.35282106653267664,38936,0.556,0.3273381294964029,0.18200000000000002
107,3.0,0.7969849246231155,10671,5,0.42593520110315747,39228,0.53,0.23773584905660378,0.126
108,2.0,0.744927536231884,10554,5,0.4899853857162183,39553,0.502,0.29880478087649404,0.15
109,1.0,0.7294776119402985,10804,5,0.5674766883958812,42844,0.466,0.3776824034334764,0.17600000000000002
110,10.0,0.9268194611982308,11530,4,0.21008102848709465,43553,0.514,0.2918287937743191,0.15000000000000002
111,9.0,0.9106481481481481,11046,4,0.2243131278351433,40858,0.486,0.205761316872428,0.1
112,8.0,0.9083379348426284,11228,4,0.24564866524715745,41632,0.436,0.23853211009174313,0.10400000000000001
113,7.0,0.9041095890410958,11270,4,0.26798513379349664,41479,0.564,0.2553191489361702,0.14399999999999996
114,6.0,0.8862050456253355,11116,5,0.2940134579360108,39943,0.56,0.24285714285714285,0.136
115,5.0,0.8700067704807042,10658,4,0.33457481574298914,38273,0.5,0.232,0.116
116,4.0,0.8225024248302619,11199,5,0.35032472037158496,41153,0.486,0.24691358024691357,0.12
117,3.0,0.7992998833138857,10771,5,0.40461661147856587,39466,0.5,0.312,0.156
118,2.0,0.7767379679144385,10740,5,0.4545680707704364,38170,0.5,0.332,0.166
119,1.0,0.8080133555926544,10774,6,0.5694517158286133,42321,0.502,0.5418326693227091,0.27199999999999996
120,10.0,0.9274163219255359,11433,4,0.20970746179072614,42686,0.484,0.2024793388429752,0.09799999999999999
121,9.0,0.9017941454202077,11305,4,0.21629334673416376,41924,0.51,0.1843137254901961,0.09400000000000001
122,8.0,0.9203718674211803,11412,5,0.24761203977979782,42339,0.526,0.2509505703422053,0.132
123,7.0,0.9048433048433049,10953,4,0.26269005983076726,40664,0.466,0.2832618025751073,0.132
124,6.0,0.8589473684210527,11143,5,0.2973570742930725,41552,0.514,0.2178988326848249,0.112
125,5.0,0.8871349644830308,11054,5,0.3178693987366458,39783,0.464,0.38362068965517243,0.17800000000000002
126,4.0,0.8372530573847601,10803,5,0.36967815096634105,39634,0.504,0.3134920634920635,0.158
127,3.0,0.7798982188295165,10562,5,0.3969652006756365,37096,0.458,0.2445414847161572,0.112
128,2.0,0.8590250329380764,10776,5,0.4489540309682107,39265,0.498,0.570281124497992,0.284
129,1.0,0.7801652892561983,10575,6,0.5651545272147053,40128,0.498,0.46586345381526106,0.232
130,10.0,0.9231655781790242,11200,4,0.21352139668367348,41864,0.508,0.2125984251968504,0.10800000000000001
131,9.0,0.9261551155115512,11527,4,0.21761983694815923,43164,0.508,0.2952755905511811,0.15
132,8.0,0.9085855466337245,11139,4,0.2538725670906451,41288,0.44,0.32727272727272727,0.144
133,7.0,0.8988095238095238,10970,4,0.25727612141840384,40092,0.5,0.252,0.126
134,6.0,0.8879568603954464,11123,4,0.2904770776865445,40932,0.488,0.2336065573770492,0.114
135,5.0,0.8705985915492958,11221,5,0.31899702742832126,40500,0.452,0.3495575221238938,0.158
136,4.0,0.831,10631,5,0.3591476240707898,38123,0.476,0.28991596638655465,0.138
137,3.0,0.7997293640054127,10680,4,0.42047362671660427,39415,0.438,0.3242009132420091,0.142
138,2.0,0.7342342342342343,10720,6,0.4830776533609936,39879,0.476,0.25630252100840334,0.12199999999999998
139,1.0,0.773037542662116,10628,6,0.5423210842352078,41366,0.46,0.4217391304347826,0.194
140,10.0,0.9252262888626525,11408,4,0.2161385771826174,42929,0.47,0.19148936170212766,0.09
141,9.0,0.913062862238074,11183,4,0.2314463798904536,41514,0.488,0.20081967213114754,0.098
142,8.0,0.9099365750528541,11394,5,0.23944142017843403,42114,0.538,0.20817843866171004,0.112
143,7.0,0.9011752136752137,11309,4,0.2500699468802479,41753,0.488,0.24180327868852458,0.118
144,6.0,0.8842034805890228,11113,5,0.2778659923322798,40316,0.476,0.27310924369747897,0.12999999999999998
145,5.0,0.8757225433526011,11175,4,0.3135047890735653,40474,0.524,0.3435114503816794,0.18000000000000002
146,4.0,0.811534500514933,10926,5,0.3585146414052178,38773,0.514,0.28793774319066145,0.148
147,3.0,0.8051948051948052,10780,5,0.4299962050936077,39487,0.424,0.29245283018867924,0.124
148,2.0,0.7876230661040787,10571,6,0.48250523703117143,38294,0.51,0.40784313725490196,0.208
149,1.0,0.7799671592775042,10544,7,0.5651236972720428,41220,0.488,0.45081967213114754,0.22
150,10.0,0.909423604757548,11048,4,0.20901745447814843,41824,0.458,0.13537117903930132,0.062000000000000006
151,9.0,0.9045287637698899,11025,4,0.23718903954627957,40893,0.55,0.14909090909090908,0.082
152,8.0,0.9068350021767523,11465,5,0.24901729965999403,42609,0.512,0.1640625,0.084
153,7.0,0.8814159292035398,11064,4,0.261694890021326,40384,0.474,0.1518987341772152,0.072
154,6.0,0.8838127467569092,10979,4,0.29361337102410345,40033,0.558,0.2616487455197133,0.14600000000000002
155,5.0,0.8697289156626506,10913,5,0.3210514246995151,38972,0.484,0.28512396694214875,0.13799999999999998
156,4.0,0.868632707774799,10358,5,0.3672801503062351,36993,0.482,0.3900414937759336,0.188
157,3.0,0.8357221609702316,10584,5,0.42374305059220296,37482,0.464,0.3577586206896552,0.166
158,2.0,0.7809278350515464,10497,5,0.49429073803065116,38691,0.486,0.3004115226337449,0.14600000000000002
159,1.0,0.7308917197452229,10699,6,0.5349373667980795,41399,0.522,0.3524904214559387,0.184
160,10.0,0.9303500541320823,11131,4,0.20286582893002802,41497,0.52,0.25769230769230766,0.13399999999999998
161,9.0,0.9210076857386849,11598,4,0.22508308527663864,42991,0.496,0.2540322580645161,0.126
162,8.0,0.9117100371747212,11199,4,0.24599499395623106,41194,0.52,0.2692307692307692,0.13999999999999999
163,7.0,0.9045147898287493,11126,4,0.2638770213651618,41092,0.494,0.2550607287449393,0.126
164,6.0,0.8886168910648715,11026,4,0.2848252266816929,39939,0.498,0.26907630522088355,0.134
165,5.0,0.8694362017804155,11001,5,0.3331134476945229,40145,0.514,0.3151750972762646,0.162
166,4.0,0.8647166361974405,10899,5,0.3693356884830674,39894,0.47,0.3702127659574468,0.174
167,3.0,0.8110497237569061,10710,6,0.4283191708055772,39169,0.52,0.3423076923076923,0.17800000000000002
168,2.0,0.7619047619047619,10567,5,0.45803752446826135,37756,0.53,0.3018867924528302,0.16
169,1.0,0.7807017543859649,10592,5,0.5439947462914495,40591,0.524,0.42748091603053434,0.224
170,10.0,0.9206408345752608,11286,4,0.2113102839456869,42407,0.52,0.18076923076923077,0.094
171,9.0,0.9196608800968914,11222,5,0.23309111036920152,41835,0.508,0.21653543307086615,0.11
172,8.0,0.9081541218637993,11250,4,0.24378318222222223,42021,0.51,0.19607843137254902,0.1
173,7.0,0.8981581798483207,11365,4,0.2561217869869694,41596,0.468,0.19658119658119658,0.092
174,6.0,0.8774279973208305,11194,5,0.2964465620684452,40521,0.45,0.18666666666666668,0.084
175,5.0,0.8792569659442725,11250,5,0.33587801283950613,40709,0.55,0.2909090909090909,0.16
176,4.0,0.8380090497737557,11099,5,0.3576693929295808,40345,0.484,0.2603305785123967,0.126
177,3.0,0.7972116603295311,10721,5,0.39631248489372806,38095,0.45,0.28888888888888886,0.13
178,2.0,0.7714748784440842,10540,6,0.4598790907683389,38896,0.428,0.3411214953271028,0.146
179,1.0,0.8142076502732241,10914,6,0.576490187716792,44277,0.534,0.49063670411985016,0.262
180,10.0,0.9327938071780436,11278,4,0.22253030277919392,42218,0.506,0.2450592885375494,0.124
181,9.0,0.9279119318181818,11504,4,0.22604144098877868,42670,0.54,0.24814814814814815,0.134
182,8.0,0.9067245119305857,11445,5,0.2484428633838856,42317,0.536,0.19776119402985073,0.106
183,7.0,0.8947368421052632,11216,4,0.2664431565946141,41447,0.504,0.2222222222222222,0.11199999999999999
184,6.0,0.8737179487179487,11088,4,0.2863151377592665,40417,0.478,0.17573221757322174,0.08399999999999999
185,5.0,0.8544747081712062,11079,6,0.32999946612566533,40665,0.506,0.2608695652173913,0.132
186,4.0,0.8484602917341977,11281,5,0.360721305569899,40844,0.548,0.3175182481751825,0.17400000000000002
187,3.0,0.8223140495867769,10734,5,0.4110425302630415,38895,0.416,0.3798076923076923,0.15799999999999997
188,2.0,0.7967032967032966,10362,5,0.4984412464127665,39111,0.502,0.4103585657370518,0.20600000000000002
189,1.0,0.7299270072992701,10445,7,0.5624192921915864,39207,0.54,0.3148148148148148,0.17
190,10.0,0.9218422889043963,11666,4,0.20443588914835692,43632,0.55,0.18545454545454546,0.10200000000000001
191,9.0,0.9116977696859354,11310,4,0.21913899032256304,42273,0.478,0.18828451882845187,0.09
192,8.0,0.9195093905711,11420,5,0.24063196806536596,42569,0.526,0.20152091254752852,0.10600000000000001
193,7.0,0.8986784140969163,11240,5,0.258081837869328,41466,0.418,0.22966507177033493,0.096
194,6.0,0.8863198458574181,11098,5,0.292199671265364,40415,0.498,0.2891566265060241,0.144
195,5.0,0.8572395128552097,10983,4,0.31680921560970843,39743,0.534,0.20973782771535582,0.11200000000000002
196,4.0,0.8278688524590164,10848,5,0.3591551393865133,39017,0.454,0.2599118942731278,0.11800000000000001
197,3.0,0.756,10741,5,0.4123098804956243,38728,0.476,0.23109243697478993,0.11
198,2.0,0.7997054491899853,10725,5,0.49041294928847373,41493,0.452,0.39823008849557523,0.18000000000000002
199,1.0,0.7560606060606061,10418,6,0.5471754458969279,39080,0.556,0.420863309352518,0.234
200,10.0,0.9276613234689683,11596,4,0.21334431434945456,43442,0.49,0.2816326530612245,0.13799999999999998
201,9.0,0.9323786793953859,11154,4,0.22918974126198857,41617,0.5,0.32,0.16
202,8.0,0.9170323095333067,11428,5,0.2439399238512853,42663,0.52,0.2,0.10400000000000001
203,7.0,0.8880675818373812,11025,4,0.2601800360960711,40438,0.526,0.19391634980988592,0.10200000000000001
204,6.0,0.8862131246237207,10774,4,0.2914540084726381,39088,0.498,0.24096385542168675,0.12
205,5.0,0.8782991202346041,11015,5,0.3267033420567711,40606,0.462,0.2813852813852814,0.13
206,4.0,0.8061716489874639,10742,5,0.36874179763953663,38954,0.52,0.22692307692307692,0.11800000000000001
207,3.0,0.8037694013303769,11037,6,0.4049500519101166,40148,0.514,0.311284046692607,0.16
208,2.0,0.787765293383271,10936,6,0.5102997007527739,41032,0.518,0.3436293436293436,0.178
209,1.0,0.6747663551401869,10375,8,0.5754630837567136,40262,0.462,0.24675324675324675,0.114
210,10.0,0.9243091710052063,11251,4,0.2036835311949794,42099,0.492,0.23170731707317074,0.114
211,9.0,0.9112,10955,5,0.23160882419907508,40280,0.514,0.13618677042801555,0.06999999999999999
212,8.0,0.9095607235142119,11316,4,0.2452731571497097,42063,0.522,0.19540229885057472,0.10200000000000001
213,7.0,0.9168388429752066,11182,4,0.25887482824700925,40764,0.46,0.3,0.138
214,6.0,0.8878107944208611,11219,4,0.28683081361449264,41319,0.508,0.27165354330708663,0.138
215,5.0,0.8570407433881344,10991,5,0.31398945850941096,39819,0.53,0.24528301886792453,0.13
216,4.0,0.8309178743961353,10766,5,0.3726409960088953,39335,0.46,0.2391304347826087,0.11000000000000001
217,3.0,0.8424725822532403,10614,5,0.39845511236603537,37380,0.492,0.35772357723577236,0.176
218,2.0,0.8403247631935047,10595,6,0.4663587430383899,38077,0.462,0.48917748917748916,0.226
219,1.0,0.7465648854961832,10479,6,0.5481437065142695,40470,0.51,0.34901960784313724,0.178
220,10.0,0.9309481216457961,11291,4,0.20974716566666285,42226,0.49,0.21224489795918366,0.104
221,9.0,0.9232876712328767,11306,5,0.23084902937623555,42190,0.52,0.24615384615384617,0.128
222,8.0,0.9154391707583197,11195,5,0.24086954214749656,41588,0.436,0.2889908256880734,0.126
223,7.0,0.8960313024035774,11088,4,0.25806182541504513,40567,0.47,0.20851063829787234,0.09799999999999999
224,6.0,0.8851224105461394,11333,5,0.2954188652140274,41285,0.474,0.22784810126582278,0.10799999999999998
225,5.0,0.8846931894807822,11177,4,0.31262600076882724,40331,0.512,0.33203125,0.17
226,4.0,0.8696721311475409,10816,4,0.3620890973349803,38609,0.528,0.3977272727272727,0.21
227,3.0,0.80125,10704,6,0.432888617417514,39954,0.45,0.29333333333333333,0.132
228,2.0,0.740495867768595,10525,5,0.4770720454071011,38463,0.474,0.33755274261603374,0.15999999999999998
229,1.0,0.7495652173913043,10835,5,0.553220964124152,42261,0.51,0.43529411764705883,0.222
230,10.0,0.9094809094809094,10936,4,0.2190938322936562,41151,0.482,0.12448132780082988,0.06
231,9.0,0.9109552077711819,11282,4,0.2216600791159742,42120,0.434,0.23963133640552994,0.104
232,8.0,0.8927501497902935,11345,4,0.2452216074203033,42010,0.43,0.16744186046511628,0.072
233,7.0,0.9019407558733401,11252,4,0.25648495526773835,41410,0.51,0.24705882352941178,0.126
234,6.0,0.8581375108790252,11070,4,0.2812781356058065,40571,0.434,0.2488479262672811,0.108
235,5.0,0.8748317631224765,11151,5,0.3166005629781016,41034,0.502,0.2589641434262948,0.13
236,4.0,0.8265609514370664,10931,5,0.3618900339929709,39319,0.458,0.23580786026200873,0.108
237,3.0,0.8045112781954887,10862,6,0.4284359708501842,39812,0.508,0.28346456692913385,0.144
238,2.0,0.7626404494382022,10412,6,0.48465706182278234,37372,0.498,0.321285140562249,0.16
239,1.0,0.7830609212481426,10701,5,0.5548859715723852,42234,0.534,0.45318352059925093,0.24200000000000002
240,10.0,0.9231077292751302,11614,4,0.20851882591893314,43533,0.506,0.24110671936758893,0.122
241,9.0,0.922808547754034,11235,4,0.2265458746458959,41951,0.476,0.25630252100840334,0.12199999999999998
242,8.0,0.9113867966326983,11328,4,0.24227050890349203,42472,0.516,0.2248062015503876,0.116
243,7.0,0.9035181236673774,11469,4,0.24909332447383764,42096,0.506,0.2845849802371542,0.14400000000000002
244,6.0,0.8924794359576969,11252,4,0.280825147615263,41061,0.494,0.2591093117408907,0.128
245,5.0,0.8887938408896493,10891,5,0.3163745565327215,39210,0.448,0.41964285714285715,0.188
246,4.0,0.8271186440677966,11039,6,0.36514798051766506,39441,0.566,0.2791519434628975,0.15799999999999997
247,3.0,0.815136476426799,10779,5,0.4118729073630636,39079,0.504,0.4087301587301587,0.206
248,2.0,0.8204225352112676,10676,5,0.446499896610698,38134,0.534,0.42696629213483145,0.228
249,1.0,0.7087912087912088,10709,7,0.55323839176728,40982,0.482,0.34024896265560167,0.164
250,10.0,0.9334174818554749,11485,4,0.19808055367025829,42936,0.542,0.22140221402214022,0.12000000000000001
251,9.0,0.9244004171011471,11305,4,0.21494112521984515,42366,0.444,0.34684684684684686,0.154
252,8.0,0.9155480984340044,11130,5,0.24951174109135763,41787,0.46,0.34347826086956523,0.158
253,7.0,0.9082867783985102,11305,4,0.2634862985441854,41758,0.546,0.2783882783882784,0.15200000000000002
254,6.0,0.8847457627118644,11101,4,0.27933171460599004,40766,0.456,0.2543859649122807,0.116
255,5.0,0.8551779935275081,10948,5,0.3201919069640533,39681,0.486,0.26337448559670784,0.128
256,4.0,0.8400335008375209,11144,6,0.3546356973952935,40267,0.53,0.2792452830188679,0.148
257,3.0,0.8281092012133469,10886,5,0.39579725398243976,39246,0.514,0.33852140077821014,0.17400000000000002
258,2.0,0.75642965204236,10573,5,0.4724502143689794,38232,0.452,0.28761061946902655,0.13
259,1.0,0.7470686767169179,10558,6,0.5664441407570827,40169,0.498,0.39357429718875503,0.196
260,10.0,0.918580375782881,11448,4,0.21676894911076047,42950,0.398,0.21608040201005024,0.08600000000000001
261,9.0,0.9298632554036171,11385,4,0.22213447221638777,42405,0.458,0.3056768558951965,0.14
262,8.0,0.910952380952381,11462,4,0.2362138891969918,42271,0.484,0.22727272727272727,0.10999999999999999
263,7.0,0.9067982456140351,11523,4,0.2640798341738356,43095,0.47,0.2765957446808511,0.13
264,6.0,0.9015873015873016,11015,4,0.2763443321727954,40143,0.46,0.32608695652173914,0.15000000000000002
265,5.0,0.8584745762711864,11072,5,0.3189010867386147,40794,0.468,0.2863247863247863,0.134
266,4.0,0.8389261744966443,11079,5,0.34011257603523737,39315,0.468,0.28205128205128205,0.132
267,3.0,0.8495575221238938,10999,6,0.4053868438444441,40221,0.486,0.4403292181069959,0.214
268,2.0,0.7756024096385542,10675,6,0.49177777753401825,38567,0.486,0.3868312757201646,0.188
269,1.0,0.7670068027210885,10511,6,0.5550913807255811,40194,0.474,0.4219409282700422,0.19999999999999998
270,10.0,0.924260834345889,11481,4,0.2145228661607377,43576,0.492,0.23983739837398374,0.118
271,9.0,0.9150428682774747,11303,4,0.22023026396766088,41919,0.54,0.1925925925925926,0.10400000000000001
272,8.0,0.9083932853717026,11195,4,0.24229956548026663,41221,0.504,0.24206349206349206,0.122
273,7.0,0.8932686476652517,11272,4,0.270233148040504,41535,0.472,0.2542372881355932,0.11999999999999998
274,6.0,0.8945916114790287,11261,5,0.2700611885702719,40393,0.538,0.2899628252788104,0.156
275,5.0,0.8399653979238755,10903,4,0.31360985685441467,38812,0.522,0.29118773946360155,0.15200000000000002
276,4.0,0.8375927452596867,10844,5,0.3647560500881622,38870,0.524,0.2480916030534351,0.13
277,3.0,0.8237623762376237,10704,6,0.40706182194996876,38421,0.538,0.3382899628252788,0.182
278,2.0,0.7948717948717948,10786,5,0.4845996996539285,39851,0.486,0.4074074074074074,0.19799999999999998
279,1.0,0.7924836601307189,10689,6,0.5543295318186457,41470,0.516,0.5077519379844961,0.262
280,10.0,0.926906779661017,11472,5,0.20905383570500438,43177,0.51,0.18823529411764706,0.096
281,9.0,0.9209261686325907,11638,5,0.22104979418507456,43539,0.5,0.276,0.138
282,8.0,0.91971454058876,11212,4,0.24236391644495875,41364,0.498,0.27710843373493976,0.138
283,7.0,0.9029395452024404,11229,4,0.2502218387831635,41283,0.468,0.25213675213675213,0.11800000000000001
284,6.0,0.8978145304193739,11188,4,0.2809588431038976,40640,0.468,0.2606837606837607,0.12200000000000001
285,5.0,0.8838383838383839,11160,4,0.3157929304608111,40632,0.516,0.2868217054263566,0.14800000000000002
286,4.0,0.8471153846153846,11137,5,0.3522860478911021,40319,0.488,0.3483606557377049,0.16999999999999998
287,3.0,0.7795527156549521,10625,5,0.4142326610380623,38392,0.51,0.18823529411764706,0.096
288,2.0,0.7769130998702983,10703,5,0.47316592269429397,39683,0.524,0.3435114503816794,0.18000000000000002
289,1.0,0.6897810218978102,10388,6,0.5242413382699654,38364,0.498,0.3172690763052209,0.158
290,10.0,0.9429840799703814,11228,4,0.21411463199094233,42342,0.478,0.35564853556485354,0.16999999999999998
291,9.0,0.9241846675137654,11210,4,0.22828802338933715,41753,0.468,0.23504273504273504,0.11
292,8.0,0.912888436067244,11532,4,0.23118354013245684,42821,0.456,0.25,0.114
293,7.0,0.8898582333696837,11072,4,0.2678634927531616,40933,0.508,0.2047244094488189,0.104
294,6.0,0.8914675767918089,11201,4,0.28179608965079506,40910,0.466,0.31759656652360513,0.148
295,5.0,0.8571428571428571,10981,5,0.31691862460712644,40016,0.442,0.2398190045248869,0.10600000000000001
296,4.0,0.8440748440748441,11158,5,0.3662389312905239,40808,0.448,0.33035714285714285,0.148
297,3.0,0.8077731092436975,11014,5,0.4049585322330571,40001,0.526,0.3041825095057034,0.16
298,2.0,0.7967257844474761,10658,6,0.4598475395007739,38123,0.528,0.4356060606060606,0.23
299,1.0,0.6875,10674,7,0.5441071306759346,41754,0.456,0.27631578947368424,0.12600000000000003
300,10.0,0.9219301686936053,11067,4,0.21545185783603193,41342,0.492,0.1910569105691057,0.094
301,9.0,0.9307798800184587,11371,4,0.23073338618163683,42620,0.464,0.35344827586206895,0.164
302,8.0,0.9106786427145709,11266,4,0.23975621834117752,41756,0.492,0.27235772357723576,0.13399999999999998
303,7.0,0.8927628103539356,11031,6,0.2677290537004602,40543,0.516,0.2131782945736434,0.11
304,6.0,0.8809801633605601,11295,4,0.28965423829251385,41362,0.536,0.23880597014925373,0.128
305,5.0,0.8673544583640383,10888,4,0.30400872742899315,38896,0.472,0.23728813559322035,0.112
306,4.0,0.8365296803652968,10999,5,0.36080731735681437,40027,0.534,0.3295880149812734,0.176
307,3.0,0.8124318429661941,10805,6,0.42272420454221826,40456,0.504,0.31746031746031744,0.16
308,2.0,0.7679882525697503,10710,5,0.4645284693398057,39002,0.484,0.34710743801652894,0.168
309,1.0,0.7182539682539683,10539,6,0.5399637226874987,40143,0.466,0.3905579399141631,0.18200000000000002
310,10.0,0.9303423848878394,11258,4,0.21445301516860588,42227,0.482,0.26556016597510373,0.128
311,9.0,0.9148623853211009,11370,4,0.2225581600425134,41951,0.546,0.15018315018315018,0.082
312,8.0,0.9098228663446055,10917,4,0.24471039144539353,40174,0.438,0.2328767123287671,0.102
313,7.0,0.9228325011348162,11513,4,0.26459965207326197,42320,0.532,0.3609022556390977,0.192
314,6.0,0.8853932584269663,11133,4,0.30403397142713734,41321,0.5,0.184,0.092
315,5.0,0.8625377643504532,11142,4,0.3067457927381911,40192,0.474,0.2320675105485232,0.10999999999999999
316,4.0,0.8362512873326468,10862,4,0.34218998452014854,38868,0.444,0.28378378378378377,0.126
317,3.0,0.7951273532668881,10871,5,0.41507038484221526,39290,0.518,0.2857142857142857,0.148
318,2.0,0.7827763496143959,10603,6,0.44836543185515415,38127,0.514,0.3424124513618677,0.17600000000000002
319,1.0,0.6868852459016394,10474,6,0.5593124945740691,40448,0.514,0.25680933852140075,0.13199999999999998
